5.185547,190.3711,167.60742,73.125,-0.263671875,0.8667389
4.74609375,190.3711,167.60742,73.125,-0.263671875,0.8667389
3.69140625,190.3711,167.60742,73.125,0.0,0.8667389
2.7246094,190.3711,167.60742,73.125,-0.17578125,0.8667389
2.0214844,190.3711,167.60742,73.125,-0.17578125,0.8667389
2.0214844,190.3711,167.60742,73.125,-0.263671875,0.8667389
2.109375,190.3711,167.60742,73.125,-0.263671875,0.8667389
2.109375,190.3711,167.60742,73.125,-0.263671875,0.8667389
2.109375,190.3711,167.60742,73.125,-0.263671875,0.8667389
2.109375,190.3711,167.60742,73.125,-0.263671875,0.8667389
2.109375,190.3711,167.60742,73.125,-0.263671875,0.8667389
2.109375,190.3711,167.60742,73.125,-0.263671875,0.8667389
2.109375,190.3711,167.60742,73.125,-0.263671875,0.8667389
2.109375,190.3711,167.60742,73.125,-0.17578125,0.8667389
2.109375,190.3711,167.60742,73.125,0.17578125,0.8667389
2.109375,190.3711,167.60742,73.125,0.439453125,0.8667389
2.109375,190.3711,167.60742,73.125,0.6152344,0.8667389
2.109375,190.3711,167.60742,73.125,0.703125,0.8667389
2.109375,190.3711,167.60742,73.125,0.703125,0.8667389
2.109375,190.3711,167.60742,73.125,0.6152344,0.8667389
2.109375,190.3711,167.60742,73.125,0.6152344,0.8667389
2.109375,190.3711,167.60742,73.125,0.52734375,0.8667389
2.109375,190.3711,167.60742,73.125,0.3515625,0.8667389
2.109375,190.3711,167.60742,73.125,0.3515625,0.8667389
2.109375,190.3711,167.60742,73.125,0.3515625,0.8667389
2.109375,190.3711,167.60742,73.125,0.439453125,0.8667389
2.109375,190.3711,167.60742,73.125,0.6152344,0.8667389
2.109375,190.3711,167.60742,73.125,0.6152344,0.8667389
2.109375,190.3711,167.60742,73.125,0.703125,0.8667389
2.109375,190.3711,167.60742,73.125,0.703125,0.8667389
2.109375,190.3711,167.60742,73.125,0.703125,0.8667389
2.109375,190.3711,167.60742,73.125,0.703125,0.8667389
2.109375,190.3711,167.60742,73.125,0.703125,0.8667389
2.109375,190.3711,167.60742,73.125,0.703125,0.8667389
2.28515625,190.3711,167.60742,73.125,0.703125,0.8667389
2.7246094,190.3711,167.60742,73.125,0.703125,0.8667389
3.1640625,190.3711,167.60742,73.03711,0.703125,0.8667389
3.6035156,190.3711,167.60742,72.94922,0.703125,0.8667389
4.3066406,190.3711,167.60742,73.21289,0.703125,0.8667389
5.185547,190.3711,167.60742,73.47656,0.703125,0.8667389
5.9765625,190.3711,167.60742,73.740234,0.703125,0.8667389
6.85546875,190.3711,167.25586,74.00391,0.703125,0.8667389
7.734375,190.3711,166.8164,74.26758,0.703125,0.8667389
8.525391,190.01953,166.55273,74.88281,0.703125,0.8667389
8.876953,189.3164,165.0586,75.49805,0.7910156,0.8667389
8.525391,188.61328,163.125,75.9375,1.40625,0.8667389
8.349609,187.5586,161.63086,76.28906,2.109375,0.8667389
8.173828,186.41602,160.3125,76.552734,2.3730469,0.8667389
7.91015625,185.53711,159.25781,76.728516,2.3730469,0.8667389
7.91015625,185.27344,158.73047,76.9043,2.4609375,0.8667389
7.998047,185.18555,158.64258,76.9043,2.4609375,0.8667389
8.0859375,185.18555,158.4668,76.9043,2.28515625,0.8667389
8.0859375,185.27344,158.203125,77.08008,2.109375,0.8667389
7.998047,185.27344,157.58789,77.60742,2.0214844,0.8667389
7.998047,184.921875,156.26953,78.046875,1.7578125,0.8667389
7.734375,183.6914,154.6875,78.66211,2.1972656,0.8667389
6.9433594,182.02148,152.31445,79.365234,2.7246094,0.8667389
5.9765625,179.82422,149.32617,80.41992,3.33984375,0.8667389
4.8339844,177.01172,146.07422,82.79297,4.1308594,0.8667389
3.8671875,173.75977,142.29492,84.81445,4.74609375,0.8667389
3.33984375,170.33203,137.90039,87.09961,5.2734375,0.8667389
3.1640625,167.16797,132.97852,89.384766,5.888672,0.8667389
3.1640625,163.91602,127.88086,91.75781,6.2402344,0.8667389
2.9003906,160.75195,122.25586,94.13086,6.4160156,0.8667389
2.63671875,157.67578,116.71875,96.76758,6.591797,0.8667389
2.28515625,154.51172,110.83008,99.84375,6.6796875,0.8667389
2.109375,151.34766,104.853516,102.2168,6.767578,0.8667389
2.5488281,148.71094,99.052734,103.53516,6.50390625,0.8667389
3.6035156,147.2168,93.86719,104.41406,5.625,0.8667389
4.658203,146.07422,89.208984,105.0293,4.658203,0.8667389
5.888672,144.93164,85.25391,105.38086,3.515625,0.8667389
7.3828125,143.70117,81.82617,105.55664,2.4609375,0.8667389
7.734375,142.38281,79.27734,105.73242,1.93359375,0.8667389
8.173828,141.328125,77.34375,105.73242,1.1425781,0.8667389
8.7890625,140.53711,75.76172,105.73242,0.52734375,0.8667389
9.140625,139.30664,74.17969,105.73242,0.439453125,0.8667389
9.404297,137.98828,72.86133,105.73242,0.263671875,0.8667389
10.019531,136.58203,71.2793,105.73242,0.17578125,0.8667389
10.371094,134.73633,69.521484,105.73242,0.17578125,0.8667389
10.371094,132.80273,67.76367,105.73242,0.17578125,0.8667389
10.546875,130.60547,65.74219,105.73242,0.17578125,0.8667389
10.634766,128.4961,63.6328125,105.73242,0.17578125,0.8667389
10.722656,126.5625,61.5234375,105.73242,0.263671875,0.8667389
10.722656,124.7168,59.853516,105.73242,0.6152344,0.8667389
10.634766,122.7832,58.535156,105.73242,0.9667969,0.8667389
10.458984,121.02539,57.56836,105.73242,1.4941406,0.8667389
9.931641,119.35547,56.953125,105.73242,2.28515625,0.8667389
9.228516,117.77344,56.689453,105.73242,3.515625,0.8667389
8.4375,116.54297,56.689453,105.73242,4.5703125,0.8667389
7.8222656,115.48828,57.216797,105.73242,5.625,0.8667389
6.767578,114.521484,57.56836,105.73242,6.767578,0.8667389
5.888672,113.55469,57.83203,105.73242,8.0859375,0.8667389
5.361328,112.76367,57.83203,105.73242,9.140625,0.8667389
5.09765625,112.06055,57.83203,105.73242,9.931641,0.8667389
5.09765625,111.62109,57.83203,105.73242,10.810547,0.8667389
5.09765625,111.09375,57.83203,105.73242,11.6015625,0.9750812
4.5703125,110.56641,57.83203,105.73242,12.041016,1.0834236
4.1308594,109.95117,57.83203,105.73242,12.3046875,3.9003248
3.6035156,109.51172,57.83203,105.73242,12.480469,7.692308
3.1640625,109.33594,57.83203,105.73242,12.919922,13.1094265
2.3730469,109.24805,57.83203,105.73242,13.271484,19.393284
1.7578125,109.24805,57.83203,105.73242,13.535156,26.218853
1.23046875,109.24805,57.91992,105.73242,13.623047,32.17768
0.9667969,109.24805,58.447266,105.73242,13.798828,36.72806
0.87890625,109.16016,58.535156,105.73242,13.798828,39.978333
0.87890625,108.80859,58.535156,105.73242,13.798828,42.145176
1.0546875,108.54492,58.535156,105.73242,13.798828,43.336945
1.1425781,108.45703,58.535156,105.73242,13.798828,44.203682
1.1425781,108.28125,58.535156,105.73242,13.798828,44.962082
1.0546875,107.92969,58.535156,105.73242,13.798828,45.720474
0.9667969,107.490234,58.7109375,105.73242,13.798828,46.153847
0.9667969,107.40234,59.23828,105.73242,13.798828,46.37053
0.9667969,107.40234,59.941406,105.73242,13.798828,46.8039
1.0546875,107.40234,60.38086,105.73242,13.798828,47.23727
1.1425781,107.40234,60.8203125,105.73242,13.798828,47.77898
1.1425781,107.05078,61.259766,105.73242,13.798828,48.320694
1.0546875,106.61133,61.875,105.73242,13.974609,48.53738
0.9667969,105.99609,62.753906,105.73242,14.326172,48.862408
0.9667969,105.0293,63.10547,105.73242,14.589844,49.295773
0.9667969,104.0625,63.36914,105.73242,14.677734,49.512463
1.0546875,102.91992,63.36914,105.73242,14.765625,49.6208
1.0546875,101.865234,63.36914,105.73242,14.765625,49.6208
1.0546875,100.546875,63.36914,105.73242,14.853516,49.6208
1.0546875,99.052734,63.28125,105.73242,15.292969,49.6208
1.0546875,97.29492,63.01758,105.64453,15.556641,49.837486
1.0546875,95.71289,63.01758,105.11719,15.644531,49.837486
1.1425781,94.30664,63.01758,104.58984,15.732422,50.48754
1.58203125,93.07617,63.01758,104.41406,16.083984,51.02925
1.93359375,92.37305,63.01758,103.79883,16.347656,51.35428
2.28515625,91.75781,63.36914,103.271484,16.611328,51.78765
2.5488281,91.40625,64.24805,102.39258,16.611328,52.22102
2.7246094,91.31836,65.74219,101.16211,16.78711,52.546047
2.7246094,91.31836,67.67578,99.93164,16.96289,52.979416
2.5488281,91.31836,69.96094,98.52539,17.314453,53.30444
2.4609375,91.31836,72.509766,96.67969,17.578125,53.521126
2.4609375,91.40625,75.234375,94.57031,17.666016,53.737812
2.5488281,91.40625,78.046875,92.54883,17.666016,53.737812
2.5488281,91.58203,80.771484,90.52734,17.666016,53.737812
2.5488281,91.66992,83.4082,88.59375,17.666016,53.737812
2.5488281,91.75781,85.3418,87.01172,17.841797,53.737812
2.5488281,91.75781,87.09961,85.25391,18.28125,54.60455
2.5488281,91.75781,88.33008,83.84766,18.544922,54.17118
2.5488281,91.40625,88.85742,82.61719,18.6328125,54.279526
2.63671875,91.05469,89.12109,81.47461,18.984375,54.60455
2.98828125,90.35156,89.296875,80.50781,18.720703,54.821236
3.2519531,89.56055,89.296875,79.62891,18.720703,54.71289
3.4277344,88.68164,89.296875,78.57422,18.720703,54.821236
3.515625,87.71484,89.296875,77.7832,18.457031,54.821236
3.6035156,86.83594,89.296875,76.9043,18.457031,54.929577
3.6035156,86.13281,89.296875,76.11328,18.457031,55.2546
3.6035156,85.51758,89.384766,75.49805,18.36914,55.47129
3.6035156,85.078125,89.384766,74.88281,18.6328125,55.904655
3.6035156,84.46289,89.384766,74.53125,18.720703,56.229687
3.6035156,83.84766,89.296875,74.26758,18.720703,56.771397
3.6035156,83.671875,89.208984,74.0918,18.720703,56.771397
3.515625,83.583984,89.208984,74.00391,18.720703,56.771397
3.33984375,83.583984,89.208984,73.828125,18.720703,56.771397
3.33984375,83.583984,89.208984,73.65234,18.808594,56.55471
3.33984375,83.583984,89.384766,73.38867,18.720703,56.013
3.33984375,83.671875,89.64844,73.21289,18.720703,54.929577
3.33984375,83.759766,89.73633,73.21289,18.720703,52.979416
3.33984375,83.759766,89.73633,73.21289,18.720703,49.512463
3.33984375,83.759766,89.73633,72.77344,19.072266,43.445286
3.2519531,83.759766,89.47266,71.89453,19.160156,35.644638
3.33984375,83.671875,89.208984,71.80664,19.248047,27.193933
3.33984375,83.583984,88.76953,71.80664,18.720703,20.043337
3.1640625,83.583984,88.24219,71.89453,18.984375,15.926327
3.1640625,83.4082,87.978516,71.98242,19.160156,14.951245
3.2519531,83.23242,87.890625,71.98242,18.984375,14.734562
3.33984375,83.14453,87.53906,72.1582,18.720703,14.734562
3.33984375,83.05664,87.27539,72.07031,18.457031,14.626219
3.33984375,83.05664,87.1875,72.1582,18.28125,14.517877
3.33984375,83.05664,87.27539,71.98242,18.19336,14.517877
3.33984375,83.14453,87.36328,72.1582,18.19336,14.517877
3.33984375,83.4082,87.36328,72.07031,18.19336,14.517877
3.33984375,83.84766,87.45117,72.333984,18.19336,14.517877
3.33984375,84.28711,87.45117,72.68555,18.19336,14.517877
3.33984375,84.81445,87.53906,73.38867,18.19336,14.517877
3.33984375,85.51758,87.53906,74.53125,18.19336,14.517877
3.33984375,86.484375,87.53906,75.67383,18.19336,14.517877
3.33984375,87.62695,87.53906,77.08008,18.6328125,14.517877
3.33984375,89.12109,87.53906,78.57422,18.984375,14.517877
3.33984375,90.791016,87.53906,79.80469,19.248047,14.517877
3.33984375,92.63672,87.53906,81.03516,19.3359375,14.517877
3.33984375,94.833984,87.53906,82.265625,19.3359375,14.517877
3.33984375,97.03125,87.53906,83.4082,19.160156,14.517877
3.33984375,99.4043,87.53906,84.72656,18.720703,14.517877
3.4277344,101.77734,86.83594,86.2207,17.841797,14.517877
3.6035156,103.71094,85.51758,88.50586,17.050781,14.517877
4.04296875,105.11719,83.671875,90.791016,16.699219,14.517877
4.39453125,105.99609,81.03516,92.98828,15.996094,14.517877
5.0097656,106.34766,77.958984,95.44922,15.46875,14.517877
5.625,106.34766,74.17969,98.08594,14.853516,14.517877
6.15234375,106.34766,70.13672,100.72266,14.0625,14.517877
6.85546875,106.34766,65.83008,102.56836,13.095703,14.517877
7.734375,106.43555,61.61133,103.71094,12.392578,14.517877
8.613281,106.96289,58.183594,104.41406,11.513672,14.517877
9.580078,107.666016,55.546875,104.94141,10.722656,14.517877
10.810547,108.45703,53.70117,105.38086,10.107422,14.517877
12.041016,109.42383,52.3828125,105.55664,9.140625,14.517877
13.271484,110.390625,51.416016,105.73242,8.173828,14.517877
14.765625,111.18164,50.53711,105.82031,7.294922,14.517877
16.611328,111.884766,49.833984,105.9082,6.328125,14.517877
18.28125,112.58789,49.04297,105.9082,5.361328,14.517877
19.951172,113.02734,48.1640625,105.9082,4.482422,14.517877
21.621094,113.4668,47.285156,105.9082,3.515625,14.517877
23.291016,113.99414,46.58203,105.9082,2.63671875,14.517877
24.697266,114.43359,46.14258,105.9082,1.7578125,14.517877
26.455078,115.04883,45.878906,105.9082,1.0546875,14.517877
28.21289,115.48828,45.3515625,105.99609,0.703125,14.517877
30.058594,115.75195,44.6484375,105.99609,0.52734375,14.517877
32.51953,115.75195,43.76953,105.99609,0.3515625,14.409534
35.15625,115.75195,42.626953,105.9082,0.17578125,14.409534
37.70508,115.66406,41.308594,105.64453,0.17578125,14.409534
40.60547,115.48828,39.990234,105.11719,0.17578125,14.409534
43.41797,115.48828,39.11133,104.41406,0.263671875,14.409534
46.23047,115.48828,38.3203125,103.62305,0.703125,14.409534
48.603516,115.40039,37.88086,102.83203,1.3183594,14.409534
50.88867,115.40039,37.79297,101.953125,2.109375,14.409534
53.26172,115.40039,37.70508,101.25,3.0761719,14.409534
55.371094,115.40039,37.70508,100.72266,4.21875,14.409534
57.216797,115.22461,37.70508,100.10742,5.361328,14.409534
59.0625,114.87305,37.70508,99.75586,6.85546875,14.409534
60.55664,114.16992,37.70508,99.49219,8.525391,14.409534
61.875,113.37891,37.70508,99.4043,10.283203,14.409534
63.01758,112.76367,37.441406,99.31641,12.128906,14.409534
63.984375,111.884766,36.9140625,99.31641,14.0625,14.409534
64.77539,111.09375,36.38672,99.31641,15.8203125,14.409534
65.56641,110.302734,35.683594,99.31641,17.2265625,14.409534
65.91797,109.6875,35.15625,99.31641,18.28125,14.409534
66.18164,108.896484,34.89258,99.4043,19.3359375,14.409534
66.44531,108.10547,34.453125,99.4043,20.214844,14.409534
66.5332,107.578125,34.1015625,99.140625,20.917969,14.409534
66.5332,107.22656,34.01367,99.140625,21.708984,14.409534
66.5332,106.69922,33.75,99.140625,22.58789,14.409534
66.5332,106.34766,33.222656,99.140625,23.027344,14.409534
66.5332,106.171875,32.6953125,99.052734,23.291016,14.409534
66.5332,105.82031,31.9921875,98.96484,23.5546875,14.409534
66.5332,105.55664,31.464844,98.96484,23.642578,14.409534
66.44531,105.55664,31.113281,98.96484,23.730469,14.409534
66.35742,105.55664,30.9375,98.96484,23.5546875,14.409534
66.18164,105.55664,30.9375,98.96484,23.291016,14.409534
66.00586,105.55664,30.84961,98.96484,23.203125,14.409534
66.00586,105.55664,30.84961,99.140625,23.203125,14.409534
66.00586,105.55664,30.84961,99.140625,23.203125,14.409534
66.09375,105.38086,30.84961,98.96484,23.203125,14.409534
66.18164,105.20508,30.84961,99.052734,23.027344,14.409534
66.18164,105.20508,30.84961,99.228516,22.58789,14.409534
66.18164,105.20508,30.84961,99.31641,22.41211,14.409534
66.09375,105.20508,30.84961,99.75586,22.060547,16.684725
65.91797,105.29297,30.84961,99.84375,21.621094,21.12676
65.74219,105.55664,30.9375,99.84375,21.357422,26.327192
65.302734,105.82031,31.376953,99.84375,21.18164,34.561214
64.86328,106.259766,32.08008,99.84375,21.09375,43.661972
64.42383,106.61133,32.871094,99.84375,21.09375,53.08776
64.16016,106.875,33.222656,99.84375,21.00586,62.080173
63.984375,106.96289,33.310547,99.84375,20.566406,70.63922
63.984375,107.05078,33.75,99.84375,20.302734,77.78981
64.072266,107.22656,34.189453,99.66797,20.214844,83.640305
64.33594,107.22656,34.277344,99.31641,20.214844,87.54063
64.51172,107.22656,34.277344,99.140625,20.126953,89.924164
64.59961,107.31445,34.277344,98.96484,20.126953,91.00758
64.59961,107.31445,34.277344,98.96484,20.0390625,91.11593
64.33594,107.31445,34.277344,98.96484,20.126953,90.35753
64.072266,107.31445,34.277344,98.96484,20.0390625,88.624054
63.984375,107.31445,34.277344,98.96484,20.0390625,85.59046
63.984375,107.490234,34.277344,98.96484,20.0390625,81.14843
64.072266,107.578125,34.277344,98.96484,19.951172,75.62297
64.16016,108.10547,34.277344,98.96484,19.77539,68.58072
64.24805,108.45703,34.277344,98.96484,19.77539,60.56338
64.24805,108.80859,34.277344,98.96484,19.77539,51.895992
64.24805,109.16016,34.277344,98.70117,19.77539,42.57855
64.16016,109.51172,34.277344,98.34961,19.59961,34.019505
64.072266,109.59961,34.277344,98.08594,19.3359375,26.218853
63.984375,109.59961,34.277344,97.99805,19.248047,19.284939
63.984375,109.59961,34.277344,97.91016,19.160156,12.567714
64.072266,109.59961,34.277344,97.91016,19.160156,7.9089923
64.16016,109.59961,34.277344,97.91016,19.160156,4.9837484
64.16016,109.6875,34.716797,97.91016,19.072266,4.1170096
64.16016,109.6875,35.06836,97.91016,19.072266,3.1419284
64.16016,109.6875,35.24414,97.91016,19.072266,2.1668472
64.16016,109.59961,35.33203,97.91016,19.072266,1.5167931
64.072266,109.59961,35.33203,97.91016,19.072266,1.191766
63.808594,109.6875,35.33203,97.91016,19.072266,0.9750812
63.6328125,109.6875,35.33203,97.91016,18.896484,0.8667389
63.36914,109.6875,35.33203,97.91016,18.544922,0.8667389
63.01758,109.6875,35.33203,97.91016,18.28125,0.8667389
62.490234,109.59961,35.33203,97.91016,18.105469,0.8667389
61.61133,109.59961,35.33203,97.91016,18.105469,0.8667389
60.38086,109.77539,35.33203,97.91016,18.105469,0.8667389
58.7109375,109.95117,35.33203,97.91016,18.105469,0.8667389
56.6015625,110.12695,35.33203,97.91016,18.105469,0.8667389
53.7890625,110.56641,35.33203,97.91016,18.28125,0.8667389
50.44922,110.91797,35.33203,97.91016,18.544922,0.8667389
46.933594,111.5332,35.33203,97.91016,18.896484,0.8667389
42.5390625,111.97266,35.33203,97.91016,19.511719,0.8667389
37.88086,112.5,35.41992,97.91016,20.0390625,0.8667389
33.48633,113.02734,36.035156,97.91016,20.566406,0.8667389
28.388672,113.291016,36.2109375,97.91016,21.09375,0.8667389
24.433594,113.291016,36.29883,97.91016,21.357422,0.8667389
20.830078,113.291016,36.29883,97.91016,21.621094,0.8667389
17.666016,113.37891,36.29883,97.91016,21.708984,0.8667389
15.292969,113.37891,36.29883,97.91016,21.796875,0.8667389
12.568359,113.37891,36.29883,97.91016,21.796875,0.8667389
10.107422,113.37891,36.29883,97.91016,21.796875,0.8667389
7.734375,113.4668,36.73828,97.91016,21.796875,0.8667389
5.7128906,113.81836,37.089844,97.91016,21.796875,0.8667389
4.658203,114.16992,37.177734,97.91016,21.796875,0.8667389
3.8671875,114.609375,37.353516,97.91016,21.708984,0.8667389
3.69140625,115.13672,37.353516,97.91016,21.357422,0.8667389
3.6035156,115.75195,37.353516,97.91016,21.18164,0.8667389
3.0761719,116.80664,37.79297,97.91016,21.09375,0.8667389
2.8125,118.03711,38.14453,97.91016,21.00586,0.8667389
2.3730469,119.35547,38.759766,97.822266,20.566406,0.8667389
1.7578125,121.20117,39.7265625,97.38281,20.390625,0.8667389
1.58203125,122.958984,40.69336,97.03125,20.214844,0.8667389
1.58203125,124.98047,41.572266,96.50391,20.214844,0.8667389
1.8457031,127.353516,42.626953,95.97656,20.214844,0.8667389
2.0214844,130.078125,43.68164,95.36133,20.214844,0.8667389
2.0214844,132.97852,45.08789,94.74609,20.214844,0.8667389
1.7578125,135.9668,46.14258,94.48242,20.214844,0.8667389
2.4609375,139.04297,47.197266,94.21875,20.214844,0.8667389
3.7792969,142.29492,48.251953,94.04297,20.214844,0.8667389
5.09765625,145.2832,49.21875,94.04297,20.126953,0.8667389
6.591797,148.53516,50.44922,94.04297,19.6875,0.8667389
7.55859375,152.31445,51.76758,94.04297,19.423828,0.8667389
8.0859375,155.74219,53.0859375,94.13086,19.3359375,0.8667389
7.91015625,159.16992,54.4921875,94.48242,19.248047,0.8667389
8.4375,162.94922,54.66797,95.09766,19.77539,0.8667389
9.580078,166.20117,55.283203,95.71289,20.214844,0.8667389
9.667969,169.54102,56.25,96.416016,20.566406,0.8667389
9.667969,172.265625,56.953125,96.94336,20.478516,0.8667389
10.634766,174.55078,58.0078125,97.55859,20.478516,0.8667389
10.722656,176.39648,59.32617,97.822266,20.566406,0.8667389
10.810547,177.890625,60.64453,97.822266,20.214844,0.8667389
10.810547,179.47266,62.05078,97.822266,19.951172,0.8667389
10.546875,180.79102,63.28125,97.91016,19.511719,0.8667389
10.546875,182.28516,64.24805,97.91016,19.3359375,0.8667389
10.458984,183.6914,65.302734,97.91016,18.984375,0.8667389
10.458984,184.921875,66.35742,97.91016,18.544922,0.8667389
10.634766,186.15234,68.02734,97.646484,18.28125,0.8667389
10.986328,187.11914,69.43359,97.20703,18.36914,0.8667389
11.513672,187.64648,70.83984,96.50391,18.6328125,0.8667389
12.128906,188.34961,73.125,95.53711,18.984375,0.8667389
12.65625,189.140625,75.76172,94.57031,19.3359375,0.8667389
13.095703,189.58008,78.39844,93.95508,19.59961,0.8667389
13.359375,189.58008,81.12305,93.515625,19.863281,0.8667389
13.447266,189.58008,83.93555,93.25195,20.302734,0.8667389
13.623047,189.58008,86.13281,93.07617,20.7421875,0.8667389
13.798828,189.58008,88.24219,93.07617,21.357422,0.8667389
14.4140625,189.75586,89.82422,92.37305,21.972656,0.8667389
14.589844,189.75586,91.66992,91.40625,22.324219,0.8667389
14.4140625,189.75586,93.7793,90.17578,22.5,0.8667389
13.974609,189.75586,96.50391,88.76953,22.58789,0.8667389
13.623047,189.75586,99.58008,87.01172,22.675781,0.8667389
13.447266,189.75586,102.65625,85.3418,22.58789,0.8667389
13.271484,189.75586,105.82031,84.02344,22.324219,0.8667389
12.832031,189.75586,108.984375,82.61719,22.1484375,0.8667389
11.777344,189.75586,111.97266,81.65039,22.1484375,0.8667389
10.986328,189.75586,114.609375,81.12305,22.1484375,0.8667389
9.84375,189.75586,116.98242,80.68359,22.1484375,0.8667389
8.964844,189.75586,119.35547,80.24414,22.1484375,0.8667389
8.173828,189.75586,121.552734,79.541016,22.1484375,0.8667389
7.1191406,189.75586,123.75,78.92578,22.060547,0.8667389
5.7128906,189.75586,126.21094,78.48633,21.621094,0.8667389
4.482422,189.75586,128.4961,78.31055,21.09375,0.8667389
3.4277344,189.75586,130.78125,78.134766,20.566406,0.8667389
3.33984375,189.75586,133.41797,77.7832,19.77539,0.8667389
3.2519531,189.75586,136.31836,77.25586,18.984375,0.8667389
3.69140625,189.75586,139.04297,77.08008,18.28125,0.8667389
3.7792969,189.75586,141.67969,76.99219,17.138672,0.8667389
3.7792969,189.75586,144.49219,76.99219,15.8203125,0.8667389
3.6035156,189.75586,147.56836,76.99219,13.974609,0.8667389
3.515625,189.75586,150.82031,76.37695,12.919922,0.8667389
3.8671875,189.75586,154.42383,75.9375,11.074219,0.8667389
3.6035156,189.75586,157.85156,76.11328,10.722656,0.8667389
3.69140625,189.75586,160.3125,76.37695,10.1953125,0.8667389
4.04296875,189.75586,162.59766,76.37695,10.1953125,0.8667389
3.7792969,189.75586,164.0039,76.37695,10.458984,0.8667389
4.1308594,189.75586,165.0586,76.37695,10.107422,0.8667389
4.39453125,189.75586,166.02539,76.37695,9.580078,0.8667389
4.5703125,189.75586,166.72852,76.02539,8.525391,0.8667389
4.74609375,189.75586,167.16797,75.76172,7.3828125,0.8667389
4.74609375,189.75586,167.43164,75.234375,6.50390625,0.8667389
4.74609375,189.75586,167.60742,74.9707,5.9765625,0.8667389
5.185547,189.75586,167.60742,74.61914,5.625,0.8667389
5.2734375,189.75586,167.60742,74.44336,5.5371094,0.8667389
5.361328,189.75586,167.60742,74.35547,5.5371094,0.8667389
5.361328,189.75586,167.69531,74.35547,5.5371094,0.8667389
5.2734375,189.75586,167.69531,74.17969,5.5371094,0.8667389
5.2734375,189.75586,167.69531,73.916016,5.185547,0.8667389
5.185547,189.75586,167.69531,73.740234,4.921875,0.8667389
5.185547,189.75586,167.69531,73.65234,4.658203,0.8667389
5.185547,189.75586,167.69531,73.65234,4.8339844,0.8667389
5.2734375,189.75586,167.69531,73.65234,4.8339844,0.8667389
5.2734375,189.75586,167.69531,73.65234,4.8339844,0.8667389
5.2734375,189.75586,167.69531,73.65234,4.8339844,0.8667389
5.2734375,189.75586,167.69531,73.65234,4.8339844,0.8667389
5.2734375,189.75586,167.69531,73.65234,4.8339844,0.8667389
5.2734375,189.75586,167.69531,73.65234,4.8339844,0.8667389
5.2734375,189.75586,167.69531,73.65234,4.8339844,0.8667389
5.2734375,189.75586,167.69531,73.65234,4.8339844,0.8667389
5.2734375,189.75586,167.69531,73.65234,4.8339844,0.8667389
5.2734375,189.75586,167.69531,73.65234,4.8339844,0.8667389
5.2734375,189.75586,167.69531,73.65234,4.8339844,0.8667389
5.2734375,189.75586,167.69531,73.65234,4.8339844,0.8667389
5.2734375,189.75586,167.69531,73.65234,4.8339844,0.8667389
5.2734375,189.75586,167.69531,73.65234,4.8339844,0.8667389
5.2734375,189.75586,167.69531,73.65234,4.8339844,0.8667389
5.2734375,189.75586,167.69531,73.65234,4.8339844,0.8667389
5.2734375,189.75586,167.69531,73.65234,4.8339844,0.8667389
5.2734375,189.75586,167.69531,73.65234,4.8339844,0.8667389
5.2734375,189.75586,167.69531,73.65234,4.8339844,0.8667389
5.2734375,189.75586,167.69531,73.65234,4.8339844,0.8667389
5.2734375,189.75586,167.69531,73.65234,4.8339844,0.8667389
5.2734375,189.75586,167.69531,73.65234,4.8339844,0.8667389
5.2734375,189.75586,167.69531,73.65234,4.8339844,0.8667389
5.2734375,189.75586,167.69531,73.65234,4.8339844,0.8667389
5.2734375,189.75586,167.69531,73.65234,4.8339844,0.8667389
5.2734375,189.75586,167.69531,73.65234,4.8339844,0.8667389
5.2734375,189.75586,167.69531,73.65234,4.8339844,0.8667389
5.2734375,189.75586,167.69531,73.65234,4.8339844,0.8667389
5.2734375,189.75586,167.69531,73.65234,4.74609375,0.8667389
4.74609375,189.75586,167.69531,73.65234,4.74609375,0.8667389
2.7246094,189.75586,167.69531,73.65234,5.185547,0.8667389
0.6152344,189.75586,167.69531,73.65234,4.74609375,0.8667389
-0.263671875,189.75586,167.69531,73.65234,4.74609375,0.8667389
-0.263671875,189.75586,167.69531,73.65234,4.74609375,0.8667389
0.263671875,189.75586,167.69531,73.65234,4.74609375,0.8667389
0.087890625,189.75586,167.69531,73.65234,4.74609375,0.8667389
-0.263671875,189.75586,167.69531,73.65234,4.74609375,0.8667389
-0.7910156,189.75586,167.69531,73.65234,4.74609375,0.8667389
-1.3183594,189.75586,167.69531,73.65234,4.74609375,0.8667389
-1.23046875,189.75586,167.69531,73.65234,4.74609375,0.8667389
-1.1425781,189.75586,167.69531,73.65234,4.74609375,0.8667389
-0.9667969,189.75586,167.69531,73.65234,4.74609375,0.8667389
-0.9667969,189.75586,167.69531,73.65234,4.74609375,0.8667389
-1.0546875,189.75586,167.69531,73.65234,4.74609375,0.8667389
-1.0546875,189.75586,167.69531,73.65234,4.74609375,0.8667389
-1.0546875,189.75586,167.69531,73.65234,4.74609375,0.8667389
-1.0546875,189.75586,167.69531,73.65234,4.74609375,0.8667389
-1.0546875,189.75586,167.69531,73.65234,4.74609375,0.8667389
-1.0546875,189.75586,167.69531,73.65234,4.74609375,0.8667389
-1.0546875,189.75586,167.69531,73.65234,4.74609375,0.8667389
-1.0546875,189.75586,167.69531,73.65234,4.74609375,0.8667389
-1.0546875,189.75586,167.69531,73.65234,4.74609375,0.8667389
-1.0546875,189.75586,167.69531,73.65234,4.74609375,0.8667389
-1.0546875,189.75586,167.69531,73.65234,4.74609375,0.8667389
-1.0546875,189.75586,167.69531,73.65234,4.921875,0.8667389
-0.9667969,189.75586,167.69531,73.65234,5.2734375,0.8667389
-0.6152344,189.75586,167.69531,73.65234,5.5371094,0.8667389
-0.439453125,189.75586,167.69531,73.65234,5.625,0.8667389
-0.17578125,189.75586,167.69531,73.65234,5.7128906,0.8667389
-0.17578125,189.75586,167.69531,73.65234,5.80078125,0.8667389
-0.17578125,189.75586,167.69531,73.65234,5.888672,0.8667389
-0.17578125,189.75586,167.69531,73.65234,5.888672,0.8667389
-0.17578125,189.75586,167.69531,73.65234,5.888672,0.8667389
-0.17578125,189.75586,167.69531,73.65234,5.888672,0.8667389
-0.17578125,189.75586,167.69531,73.65234,5.888672,0.8667389
-0.17578125,189.75586,167.69531,73.65234,5.888672,0.8667389
-0.17578125,189.75586,167.69531,73.65234,5.888672,0.8667389
-0.17578125,189.75586,167.69531,73.65234,5.888672,0.8667389
-0.17578125,189.75586,167.69531,73.65234,5.888672,0.8667389
-0.17578125,189.75586,167.69531,73.65234,5.888672,0.8667389
-0.17578125,189.75586,167.69531,73.65234,5.888672,0.8667389
-0.17578125,189.75586,167.69531,73.65234,5.888672,0.8667389
-0.17578125,189.75586,167.69531,73.65234,5.888672,0.8667389
-0.17578125,189.75586,167.69531,73.65234,5.888672,0.8667389
-0.17578125,189.75586,167.69531,73.65234,5.888672,0.8667389
-0.17578125,189.75586,167.69531,73.65234,5.888672,0.8667389
-0.17578125,189.75586,167.69531,73.65234,5.888672,0.8667389
-0.17578125,189.75586,167.69531,73.65234,5.888672,0.8667389
-0.17578125,189.75586,167.69531,73.65234,5.888672,0.8667389
-0.17578125,189.75586,167.69531,73.65234,5.888672,0.8667389
-0.17578125,189.75586,167.69531,73.65234,5.888672,0.8667389
-0.17578125,189.75586,167.69531,73.65234,5.888672,0.8667389
-0.17578125,189.75586,167.69531,73.65234,5.7128906,0.8667389
-0.17578125,189.75586,167.69531,73.65234,5.44921875,0.8667389
-0.17578125,189.75586,167.69531,73.65234,5.2734375,0.8667389
-0.17578125,189.75586,167.69531,73.65234,5.185547,0.8667389
-0.17578125,189.75586,167.69531,73.65234,5.185547,0.8667389
-0.17578125,189.75586,167.69531,73.65234,5.185547,0.8667389
-0.3515625,189.75586,167.69531,73.65234,5.361328,0.8667389
-0.52734375,189.75586,167.69531,73.65234,5.5371094,0.8667389
-0.703125,189.75586,167.69531,73.65234,5.7128906,0.8667389
-0.7910156,189.75586,167.69531,73.65234,5.80078125,0.8667389
-0.7910156,189.75586,167.69531,73.65234,5.888672,0.8667389
-0.7910156,189.75586,167.69531,73.56445,5.888672,0.8667389
-0.7910156,189.75586,167.69531,72.94922,5.888672,0.8667389
-0.7910156,189.75586,167.69531,72.333984,5.888672,0.8667389
-0.7910156,189.58008,167.69531,71.89453,5.888672,0.8667389
-0.7910156,188.78906,167.34375,71.36719,5.888672,0.8667389
-0.7910156,187.38281,166.72852,71.19141,6.064453,0.8667389
-0.7910156,185.36133,164.61914,71.63086,6.4160156,0.8667389
-0.87890625,182.98828,162.07031,71.89453,6.6796875,0.8667389
-1.3183594,180.35156,159.69727,72.1582,6.9433594,0.8667389
-1.4941406,178.1543,156.796875,73.21289,6.9433594,0.8667389
-1.7578125,176.66016,153.45703,75.322266,6.85546875,0.8667389
-2.28515625,175.51758,149.85352,77.08008,6.2402344,0.8667389
-2.7246094,174.19922,145.89844,79.10156,6.064453,0.8667389
-3.1640625,172.4414,141.76758,81.29883,5.5371094,0.8667389
-3.7792969,170.50781,137.02148,83.93555,5.80078125,0.8667389
-4.04296875,168.046875,132.09961,86.572266,5.888672,0.8667389
-3.6035156,165.67383,126.91406,88.94531,5.888672,0.8667389
-2.8125,163.21289,121.640625,91.14258,5.888672,0.8667389
-1.93359375,160.75195,116.2793,93.7793,5.888672,0.8667389
-0.9667969,158.29102,110.91797,96.328125,5.9765625,0.8667389
-0.439453125,155.74219,106.171875,99.140625,6.328125,0.8667389
-0.17578125,153.01758,100.98633,101.77734,6.767578,0.8667389
-0.17578125,150.20508,96.416016,103.359375,7.3828125,0.8667389
-0.17578125,148.0957,92.63672,104.23828,7.998047,0.8667389
1.23046875,146.16211,90.0,104.94141,8.525391,0.8667389
2.3730469,144.140625,87.71484,105.29297,9.228516,0.8667389
3.69140625,142.29492,85.95703,105.64453,10.107422,0.8667389
4.8339844,140.625,84.375,105.73242,10.986328,0.8667389
5.2734375,138.6914,83.4082,105.73242,11.865234,0.8667389
5.361328,136.49414,82.08984,105.82031,12.832031,0.8667389
5.0097656,134.91211,80.68359,105.82031,13.7109375,0.8667389
4.5703125,133.33008,79.365234,105.82031,14.677734,0.8667389
4.21875,131.484375,77.51953,105.82031,15.644531,0.8667389
3.69140625,129.02344,76.37695,105.46875,16.875,0.8667389
3.0761719,126.65039,75.146484,105.20508,17.666016,0.8667389
2.0214844,124.453125,73.125,106.171875,18.457031,0.8667389
1.6699219,122.34375,70.83984,106.083984,18.984375,0.8667389
1.40625,119.88281,68.73047,106.083984,19.248047,0.8667389
1.3183594,117.68555,66.884766,106.083984,19.511719,0.8667389
1.4941406,115.48828,64.86328,106.083984,19.59961,0.8667389
1.58203125,113.73047,63.01758,106.083984,19.77539,0.8667389
1.6699219,112.14844,61.61133,106.083984,19.59961,0.9750812
1.7578125,110.74219,60.38086,106.083984,19.3359375,2.9252439
1.7578125,109.59961,59.23828,106.083984,19.3359375,3.5752978
1.7578125,108.45703,58.535156,106.083984,19.59961,5.092091
1.7578125,107.31445,58.0078125,106.083984,19.6875,7.692308
1.7578125,106.259766,57.74414,106.083984,19.77539,11.375948
1.7578125,105.73242,57.74414,106.083984,19.6875,15.492958
1.7578125,105.11719,57.74414,106.083984,19.423828,19.609966
1.7578125,104.677734,57.74414,106.083984,19.511719,22.860237
1.58203125,104.41406,57.74414,106.083984,19.511719,26.002165
1.58203125,104.23828,57.83203,106.083984,19.248047,30.119177
1.4941406,103.79883,57.83203,106.083984,19.160156,33.91116
1.1425781,103.53516,57.83203,106.083984,19.3359375,36.836403
0.7910156,102.91992,57.83203,106.083984,19.59961,38.569878
0.703125,102.39258,57.83203,106.083984,19.77539,39.978333
0.6152344,101.68945,57.83203,106.083984,19.77539,40.95341
0.263671875,100.98633,57.83203,106.083984,19.77539,41.928493
0.263671875,100.458984,58.183594,105.99609,19.77539,42.68689
0.439453125,99.75586,58.447266,106.083984,19.77539,43.12026
0.6152344,98.78906,58.535156,106.083984,19.863281,43.445286
0.7910156,97.91016,58.79883,105.9082,20.302734,43.55363
0.703125,96.94336,59.677734,105.11719,20.478516,43.661972
0.6152344,96.416016,60.908203,103.97461,20.654297,43.770313
0.3515625,96.240234,62.578125,102.12891,20.654297,43.770313
0.3515625,96.15234,64.59961,100.2832,20.654297,43.770313
0.6152344,96.15234,66.708984,99.052734,20.390625,43.87866
0.9667969,96.06445,68.99414,97.646484,20.214844,44.52871
1.3183594,95.71289,71.103516,95.53711,20.214844,45.28711
1.6699219,95.36133,72.94922,93.33984,19.951172,46.153847
1.8457031,94.6582,74.70703,91.66992,19.6875,47.12893
2.0214844,94.13086,76.20117,90.35156,19.423828,47.77898
2.3730469,93.603516,77.51953,89.296875,19.160156,48.429035
2.8125,93.16406,78.66211,88.68164,19.072266,49.07909
2.98828125,92.98828,80.06836,87.1875,19.072266,49.6208
3.515625,92.46094,81.38672,85.25391,19.072266,50.270855
3.7792969,92.021484,82.61719,83.32031,18.984375,51.24594
4.04296875,91.31836,83.759766,81.38672,18.720703,51.895992
4.21875,90.52734,84.19922,80.24414,18.105469,52.437706
4.39453125,89.64844,84.90234,79.18945,18.105469,53.30444
4.5703125,88.68164,85.78125,78.046875,18.28125,54.17118
4.5703125,87.62695,86.30859,77.16797,18.544922,54.821236
4.5703125,86.484375,86.92383,75.9375,18.720703,55.2546
4.5703125,85.51758,87.1875,74.79492,18.720703,55.687977
4.5703125,84.55078,87.1875,73.740234,18.720703,56.229687
4.5703125,83.671875,87.1875,73.38867,18.720703,56.663055
4.658203,83.14453,87.1875,73.125,18.720703,58.071507
5.0097656,82.96875,87.1875,73.125,18.720703,58.071507
5.185547,82.5293,87.1875,73.03711,18.720703,58.39653
5.361328,82.353516,86.92383,72.86133,18.720703,57.85482
5.7128906,82.353516,86.74805,72.59766,18.720703,57.204765
5.9765625,82.353516,86.74805,72.421875,18.720703,56.55471
6.2402344,82.265625,86.572266,72.421875,18.017578,55.904655
6.591797,82.265625,86.30859,72.421875,18.105469,55.362946
6.9433594,82.177734,85.95703,72.421875,18.017578,54.821236
7.20703125,82.177734,85.86914,72.24609,18.017578,53.846157
7.470703,82.177734,85.86914,72.24609,18.017578,53.521126
7.6464844,82.177734,85.86914,72.421875,18.017578,52.654385
7.734375,82.177734,85.86914,72.509766,18.017578,50.162514
8.0859375,82.177734,85.86914,71.98242,18.017578,47.12893
8.349609,82.265625,85.86914,71.36719,18.017578,43.336945
8.4375,82.353516,86.13281,70.66406,18.017578,38.136513
8.613281,82.353516,86.30859,70.13672,18.017578,30.877573
8.613281,82.353516,86.04492,69.697266,18.19336,23.185265
8.613281,82.353516,86.04492,69.87305,18.457031,17.659805
8.4375,82.44141,86.04492,69.609375,18.36914,15.601299
8.4375,82.88086,86.484375,69.08203,18.19336,15.276273
8.525391,83.32031,87.09961,68.64258,18.19336,15.276273
8.525391,84.02344,88.1543,68.37891,18.19336,15.276273
8.525391,84.63867,88.76953,68.203125,18.19336,15.276273
8.4375,84.90234,88.94531,68.115234,18.19336,15.276273
8.4375,85.25391,89.0332,68.115234,18.19336,15.276273
8.349609,85.51758,89.296875,68.115234,18.457031,15.167931
8.349609,85.78125,89.47266,68.115234,18.6328125,15.167931
8.349609,86.04492,89.56055,68.291016,18.457031,15.167931
8.261719,86.13281,89.56055,69.3457,18.544922,15.167931
7.91015625,86.13281,89.384766,70.40039,18.808594,15.167931
7.734375,86.13281,88.68164,72.07031,19.248047,15.167931
7.55859375,86.13281,87.62695,73.828125,19.511719,15.167931
7.294922,86.13281,86.2207,75.41016,19.59961,15.167931
7.294922,86.2207,84.81445,76.640625,19.511719,15.167931
7.20703125,86.74805,83.84766,78.134766,19.248047,15.167931
7.20703125,87.45117,83.05664,79.27734,19.160156,15.167931
7.294922,88.59375,82.5293,80.06836,18.896484,15.167931
7.294922,90.0,82.265625,80.859375,18.544922,15.167931
7.294922,91.75781,82.08984,81.65039,17.9296875,15.167931
7.294922,93.427734,81.91406,82.70508,17.578125,15.167931
7.294922,94.833984,81.21094,84.46289,17.138672,15.059588
7.294922,95.88867,80.06836,85.86914,16.5234375,15.059588
7.294922,96.76758,78.57422,87.1875,16.259766,15.059588
7.294922,97.55859,76.81641,88.41797,16.347656,15.059588
7.294922,98.26172,74.70703,90.17578,15.908203,15.059588
7.294922,98.70117,72.1582,92.72461,15.380859,15.059588
7.3828125,99.052734,69.3457,95.18555,15.205078,15.059588
7.998047,99.228516,66.35742,97.20703,15.1171875,15.059588
8.613281,99.4043,63.19336,99.052734,14.589844,15.059588
9.404297,99.4043,59.765625,100.98633,13.886719,15.059588
10.458984,99.4043,56.16211,102.56836,13.359375,15.059588
11.689453,99.4043,52.910156,103.71094,12.919922,15.059588
12.919922,100.01953,50.625,104.23828,12.65625,15.059588
14.4140625,101.16211,49.21875,104.853516,11.953125,15.059588
15.908203,102.48047,48.1640625,105.46875,10.986328,15.059588
17.490234,103.88672,47.373047,105.64453,10.458984,15.059588
19.160156,105.38086,46.7578125,105.64453,9.931641,15.059588
20.7421875,106.78711,46.58203,105.64453,9.140625,15.059588
22.324219,108.19336,46.58203,105.64453,8.7890625,15.059588
24.169922,109.42383,46.58203,105.64453,8.525391,15.059588
26.103516,110.56641,46.58203,105.46875,8.261719,15.059588
28.03711,111.5332,46.58203,105.29297,7.734375,15.059588
30.234375,112.5,46.58203,104.50195,7.470703,15.059588
32.51953,113.55469,46.58203,103.53516,7.1191406,15.059588
34.716797,114.521484,46.49414,102.2168,6.6796875,15.059588
37.001953,115.48828,46.14258,100.634766,6.591797,15.059588
39.28711,116.54297,46.0546875,98.78906,6.767578,15.059588
41.484375,117.509766,45.966797,96.85547,6.767578,15.059588
43.50586,118.21289,45.878906,94.921875,6.767578,15.059588
45.615234,118.47656,45.3515625,93.07617,6.767578,15.059588
47.4609375,118.47656,44.560547,91.75781,6.767578,15.059588
48.779297,118.21289,43.76953,90.791016,7.20703125,15.059588
50.009766,117.59766,42.626953,89.91211,7.6464844,15.059588
51.328125,116.89453,41.484375,89.208984,8.0859375,15.059588
52.3828125,116.103516,40.4296875,88.33008,8.173828,15.059588
53.34961,115.3125,39.7265625,87.45117,8.173828,15.059588
54.316406,114.87305,39.28711,86.572266,8.0859375,15.059588
55.283203,114.609375,39.11133,85.95703,8.0859375,15.059588
56.42578,114.43359,39.0234375,85.166016,8.0859375,15.059588
57.39258,114.16992,38.935547,84.46289,8.173828,15.059588
58.359375,113.81836,38.583984,83.93555,8.4375,15.059588
59.4140625,113.55469,38.14453,83.23242,8.7890625,15.059588
60.38086,113.37891,38.05664,82.79297,9.228516,15.059588
61.347656,113.37891,38.05664,82.08984,9.667969,15.059588
62.402344,113.37891,38.05664,81.47461,10.107422,15.059588
63.45703,113.37891,38.05664,81.03516,10.546875,15.059588
64.33594,113.37891,38.05664,80.5957,10.986328,15.059588
65.390625,113.37891,38.05664,79.98047,11.513672,15.059588
66.18164,113.37891,38.05664,79.365234,11.953125,15.059588
66.884766,113.37891,38.05664,79.01367,12.3046875,15.059588
67.58789,113.37891,38.05664,78.75,12.480469,15.059588
68.02734,113.37891,38.05664,78.66211,12.568359,15.059588
68.4668,113.37891,38.05664,78.57422,12.832031,15.059588
68.90625,113.37891,38.05664,78.57422,13.447266,15.059588
69.16992,113.37891,38.05664,78.57422,14.150391,15.059588
69.3457,113.37891,38.05664,78.66211,14.765625,15.059588
69.521484,113.37891,38.05664,78.83789,15.380859,15.059588
69.609375,113.37891,38.05664,79.01367,16.083984,15.059588
69.609375,113.37891,38.05664,79.365234,16.78711,15.059588
69.609375,113.37891,37.96875,79.7168,17.666016,15.059588
69.78516,113.37891,37.96875,79.80469,18.6328125,15.059588
70.04883,113.37891,37.96875,80.06836,19.511719,15.059588
70.22461,113.37891,37.96875,80.5957,20.478516,15.059588
70.3125,113.37891,37.96875,80.947266,21.269531,15.059588
70.3125,113.37891,37.96875,81.5625,21.796875,15.059588
70.22461,113.37891,37.96875,81.73828,22.1484375,15.059588
69.96094,113.37891,37.96875,81.82617,22.58789,15.059588
69.87305,113.37891,37.96875,81.82617,23.027344,15.059588
69.78516,113.37891,37.96875,81.82617,23.378906,15.059588
69.78516,113.37891,37.96875,81.82617,23.5546875,15.059588
69.87305,113.37891,37.96875,81.82617,23.81836,14.951245
70.04883,113.37891,37.96875,81.82617,24.2578125,14.951245
70.04883,113.37891,37.96875,81.82617,24.433594,14.951245
70.04883,113.37891,37.96875,81.82617,24.609375,14.951245
69.87305,113.37891,37.96875,81.82617,24.697266,14.951245
69.78516,113.37891,37.96875,81.82617,24.785156,14.951245
69.78516,113.37891,37.96875,81.82617,24.785156,14.951245
69.78516,113.37891,37.96875,81.82617,24.785156,15.167931
69.87305,113.291016,37.96875,81.82617,24.785156,17.768148
69.96094,113.291016,37.96875,81.82617,24.785156,22.643555
69.87305,113.203125,37.96875,81.82617,24.697266,27.51896
69.609375,113.203125,37.96875,81.82617,24.433594,33.91116
69.3457,113.203125,37.96875,81.82617,24.2578125,38.786568
68.81836,113.203125,37.96875,81.82617,24.2578125,42.57855
68.55469,113.203125,37.96875,81.82617,24.2578125,46.262188
67.93945,113.02734,37.96875,81.82617,24.2578125,50.812565
67.67578,112.67578,37.96875,81.82617,24.2578125,54.279526
67.5,112.5,37.96875,81.82617,23.99414,58.288193
67.5,112.41211,37.96875,81.82617,23.642578,61.430122
67.67578,112.41211,37.88086,81.82617,23.378906,64.030334
67.76367,112.41211,37.88086,81.82617,23.203125,66.413864
67.85156,112.41211,37.88086,81.82617,23.115234,68.03901
67.85156,112.41211,37.88086,81.82617,23.115234,69.014084
67.76367,112.41211,37.88086,81.82617,23.027344,69.66414
67.67578,112.41211,37.88086,81.82617,23.027344,70.0975
67.58789,112.41211,37.88086,81.82617,23.027344,70.42254
67.58789,112.41211,37.88086,81.82617,23.027344,70.530876
67.58789,112.41211,37.88086,81.82617,23.027344,70.530876
67.58789,112.41211,37.88086,81.82617,23.027344,70.42254
67.67578,112.41211,37.88086,81.82617,23.027344,69.98917
67.67578,112.41211,37.88086,81.82617,23.027344,68.90574
67.76367,112.41211,37.88086,81.82617,23.027344,67.172264
67.76367,112.41211,37.88086,81.82617,23.027344,64.89707
67.67578,112.41211,37.88086,81.82617,23.027344,61.6468
67.67578,112.41211,37.88086,81.82617,23.027344,58.179848
67.58789,112.41211,37.88086,81.82617,23.027344,55.03792
67.58789,112.41211,37.88086,81.82617,23.027344,51.78765
67.58789,112.41211,37.88086,81.82617,23.027344,48.104008
67.58789,112.41211,37.88086,81.82617,23.027344,43.445286
67.67578,112.41211,37.88086,81.82617,23.027344,37.05309
67.67578,112.41211,37.88086,81.82617,23.027344,29.794151
67.67578,112.41211,37.88086,81.73828,23.027344,21.9935
67.67578,112.41211,37.88086,81.73828,23.027344,13.75948
67.67578,112.41211,37.88086,81.73828,23.027344,8.667389
67.58789,112.41211,37.88086,81.73828,23.027344,5.5254602
67.58789,112.41211,37.88086,81.73828,22.8515625,3.7919827
67.58789,112.67578,37.88086,81.73828,22.5,3.3586133
67.67578,112.85156,37.88086,81.73828,22.324219,2.383532
67.67578,113.115234,37.88086,81.73828,22.236328,1.6251353
67.5,113.4668,38.05664,81.73828,22.1484375,1.191766
67.32422,113.73047,38.3203125,81.73828,22.1484375,0.9750812
67.14844,113.99414,38.408203,81.73828,22.1484375,0.8667389
67.06055,114.16992,38.408203,81.73828,22.1484375,0.8667389
67.06055,114.25781,38.408203,81.73828,22.1484375,0.8667389
66.97266,114.43359,38.408203,81.73828,22.1484375,0.8667389
66.62109,114.609375,38.408203,81.73828,22.1484375,0.8667389
66.5332,114.697266,38.408203,81.73828,22.060547,0.8667389
66.26953,114.78516,38.408203,81.73828,21.621094,0.8667389
65.56641,115.04883,38.496094,81.73828,21.357422,0.8667389
64.77539,115.40039,38.583984,81.73828,21.18164,0.8667389
63.808594,115.83984,38.583984,81.73828,21.09375,0.8667389
62.402344,116.2793,39.0234375,81.73828,21.09375,0.8667389
60.29297,116.98242,39.814453,81.5625,21.09375,0.8667389
57.91992,117.59766,40.60547,81.29883,21.09375,0.8667389
55.371094,118.125,41.220703,80.947266,20.390625,0.8667389
51.85547,118.740234,41.92383,80.33203,19.863281,0.8667389
48.251953,119.53125,43.066406,79.62891,19.3359375,0.8667389
44.73633,120.322266,44.296875,78.83789,18.808594,0.8667389
40.78125,120.9375,45.439453,78.046875,18.457031,0.8667389
37.001953,121.37695,46.49414,77.69531,18.105469,0.8667389
33.48633,121.46484,46.845703,77.51953,17.402344,0.8667389
30.234375,121.552734,47.197266,77.69531,16.699219,0.8667389
26.80664,121.9043,47.90039,77.25586,15.996094,0.8667389
23.730469,122.34375,48.779297,77.16797,15.46875,0.8667389
20.654297,122.60742,49.13086,76.99219,15.380859,0.8667389
18.6328125,122.60742,49.21875,77.16797,15.205078,0.8667389
17.138672,122.60742,49.30664,77.34375,15.205078,0.8667389
15.732422,122.60742,49.30664,77.34375,15.029297,0.8667389
15.46875,122.60742,49.30664,77.34375,15.205078,0.8667389
14.765625,122.60742,49.746094,77.43164,15.556641,0.8667389
14.238281,122.60742,50.185547,77.87109,15.732422,0.8667389
13.886719,122.60742,50.36133,77.87109,15.908203,0.8667389
13.535156,122.60742,50.36133,77.87109,16.347656,0.8667389
13.095703,122.69531,50.88867,77.87109,16.347656,0.8667389
13.0078125,123.046875,51.6796875,77.87109,16.171875,0.8667389
13.0078125,123.57422,52.734375,77.87109,16.171875,0.8667389
13.183594,124.18945,53.7890625,77.87109,16.083984,0.8667389
13.359375,125.33203,55.10742,77.87109,16.083984,0.8667389
13.623047,127.00195,56.777344,77.87109,16.083984,0.8667389
13.7109375,129.11133,58.79883,77.7832,16.083984,0.8667389
13.886719,131.74805,61.171875,77.34375,15.996094,0.8667389
14.150391,134.91211,63.984375,77.16797,15.556641,0.8667389
14.326172,138.6914,67.32422,76.81641,15.1171875,0.8667389
14.677734,143.17383,70.83984,76.46484,14.765625,0.8667389
14.853516,147.91992,74.53125,76.37695,14.4140625,0.8667389
14.853516,153.28125,78.134766,76.81641,14.238281,0.8667389
14.853516,158.64258,81.5625,77.958984,14.150391,0.8667389
14.853516,163.828125,83.84766,79.7168,14.0625,0.8667389
14.853516,168.22266,85.166016,81.38672,13.535156,0.8667389
14.941406,172.88086,85.69336,83.32031,13.271484,0.8667389
15.205078,176.13281,85.95703,85.078125,13.183594,0.8667389
15.46875,180.08789,86.2207,86.572266,13.095703,0.8667389
16.875,182.90039,86.13281,87.27539,13.095703,0.8667389
17.666016,185.625,87.01172,88.41797,13.535156,0.8667389
17.578125,188.17383,88.24219,89.384766,13.271484,0.8667389
17.578125,189.140625,88.85742,90.43945,13.623047,0.8667389
17.490234,189.4043,89.91211,91.8457,13.095703,0.8667389
17.314453,189.58008,90.17578,92.90039,13.535156,0.8667389
16.78711,189.4043,90.26367,93.515625,13.623047,0.8667389
16.699219,189.66797,90.26367,93.427734,13.623047,0.8667389
16.611328,189.66797,90.9668,93.25195,13.271484,0.8667389
16.875,189.66797,92.197266,92.63672,13.447266,0.8667389
17.138672,189.66797,93.95508,91.05469,13.0078125,0.8667389
16.78711,189.66797,96.328125,89.56055,13.0078125,0.8667389
16.96289,189.66797,98.70117,87.45117,12.832031,0.8667389
16.96289,189.66797,101.42578,85.078125,12.392578,0.8667389
17.050781,189.66797,104.677734,82.88086,12.392578,0.8667389
16.611328,189.66797,107.8418,80.771484,12.480469,0.8667389
15.732422,189.66797,111.00586,78.39844,12.65625,0.8667389
14.765625,189.66797,113.99414,76.728516,12.744141,0.8667389
13.974609,189.66797,117.1582,75.146484,12.744141,0.8667389
13.0078125,189.66797,120.234375,73.38867,12.744141,0.8667389
12.041016,189.66797,123.57422,71.89453,12.744141,0.8667389
11.337891,189.66797,126.73828,70.75195,12.744141,0.8667389
10.810547,189.66797,130.078125,69.521484,12.744141,0.8667389
10.1953125,189.66797,133.24219,68.37891,12.744141,0.8667389
9.84375,189.66797,136.49414,67.32422,12.65625,0.8667389
9.755859,189.66797,139.6582,66.18164,12.392578,0.8667389
9.84375,189.66797,142.734375,65.21484,12.128906,0.8667389
9.931641,189.66797,145.546875,64.16016,11.425781,0.8667389
9.931641,189.66797,148.62305,63.36914,10.634766,0.8667389
9.84375,189.66797,151.875,62.578125,10.019531,0.8667389
9.84375,189.66797,155.21484,61.875,9.4921875,0.8667389
9.84375,189.66797,158.3789,61.259766,8.876953,0.8667389
9.84375,189.66797,160.92773,60.64453,8.613281,0.8667389
10.019531,188.96484,162.94922,60.46875,8.525391,0.8667389
10.107422,188.96484,164.17969,60.55664,8.261719,0.8667389
9.755859,188.96484,165.41016,60.73242,7.91015625,0.8667389
9.755859,189.22852,166.37695,60.908203,7.55859375,0.8667389
9.931641,189.4043,166.9043,61.171875,7.20703125,0.8667389
9.931641,190.19531,167.25586,61.78711,6.591797,0.8667389
9.755859,190.19531,167.51953,62.578125,5.80078125,0.8667389
9.755859,190.19531,167.60742,63.45703,5.5371094,0.8667389
9.755859,190.19531,167.60742,64.86328,5.2734375,0.8667389
9.755859,190.2832,167.60742,65.91797,5.185547,0.8667389
9.755859,190.2832,167.69531,66.97266,5.185547,0.8667389
9.755859,190.2832,167.69531,68.115234,5.185547,0.8667389
9.667969,190.2832,167.69531,69.08203,5.185547,0.8667389
9.052734,190.2832,167.69531,69.87305,5.185547,0.8667389
8.701172,190.2832,167.69531,70.57617,5.09765625,0.8667389
8.261719,190.2832,167.69531,71.103516,4.921875,0.8667389
7.734375,190.2832,167.69531,71.19141,5.0097656,0.8667389
7.294922,190.2832,167.69531,71.19141,4.8339844,0.8667389
6.767578,190.2832,167.69531,71.45508,4.39453125,0.8667389
6.328125,190.2832,167.69531,71.54297,3.7792969,0.8667389
5.80078125,190.2832,167.69531,71.63086,3.33984375,0.8667389
5.44921875,190.2832,167.69531,71.71875,2.8125,0.8667389
5.361328,190.2832,167.69531,71.80664,2.7246094,0.8667389
5.185547,190.2832,167.69531,71.80664,2.9003906,0.8667389
5.185547,190.2832,167.69531,71.80664,2.98828125,0.8667389
5.185547,190.2832,167.69531,71.80664,2.98828125,0.8667389
5.185547,190.2832,167.69531,71.80664,2.98828125,0.8667389
4.74609375,190.2832,167.69531,71.80664,2.98828125,0.8667389
4.482422,190.2832,167.69531,71.80664,2.98828125,0.8667389
4.39453125,190.2832,167.69531,71.80664,2.98828125,0.8667389
4.3066406,190.2832,167.69531,71.80664,2.98828125,0.8667389
4.3066406,190.2832,167.69531,71.80664,2.98828125,0.8667389
4.3066406,190.2832,167.69531,71.80664,2.98828125,0.8667389
4.3066406,190.2832,167.69531,71.80664,2.98828125,0.8667389
4.3066406,190.2832,167.69531,71.80664,2.98828125,0.8667389
4.3066406,190.2832,167.69531,71.80664,2.98828125,0.8667389
4.3066406,190.2832,167.69531,71.80664,2.98828125,0.8667389
4.3066406,190.2832,167.69531,71.80664,2.98828125,0.8667389
4.3066406,190.2832,167.69531,71.80664,2.98828125,0.8667389
4.3066406,190.2832,167.69531,71.80664,2.98828125,0.8667389
4.3066406,190.2832,167.69531,71.80664,2.98828125,0.8667389
4.3066406,190.2832,167.69531,71.80664,2.98828125,0.8667389
4.3066406,190.2832,167.69531,71.80664,2.98828125,0.8667389
4.3066406,190.2832,167.69531,71.80664,2.98828125,0.8667389
4.3066406,190.2832,167.69531,71.80664,2.98828125,0.8667389
4.3066406,190.2832,167.69531,71.80664,2.98828125,0.8667389
4.3066406,190.2832,167.69531,71.80664,2.98828125,0.8667389
4.3066406,190.2832,167.69531,71.80664,2.98828125,0.8667389
4.3066406,190.2832,167.69531,71.80664,2.98828125,0.8667389
4.3066406,190.2832,167.69531,71.80664,2.98828125,0.8667389
4.3066406,190.2832,167.69531,71.80664,2.98828125,0.8667389
4.3066406,190.2832,167.69531,71.80664,2.98828125,0.8667389
4.3066406,190.2832,167.69531,71.80664,2.98828125,0.8667389
4.3066406,190.2832,167.69531,71.80664,2.98828125,0.8667389
4.3066406,190.2832,167.69531,71.80664,2.98828125,0.8667389
4.3066406,190.2832,167.69531,71.80664,2.98828125,0.8667389
4.3066406,190.3711,167.69531,71.80664,2.5488281,0.8667389
3.7792969,190.3711,167.69531,71.80664,2.4609375,0.8667389
0.703125,190.3711,167.69531,68.64258,2.1972656,0.8667389
-2.63671875,189.84375,167.69531,63.28125,2.0214844,0.8667389
-4.658203,189.58008,167.69531,59.15039,2.0214844,0.8667389
-5.361328,190.2832,167.69531,56.777344,2.0214844,0.8667389
-5.185547,190.19531,167.69531,55.371094,2.0214844,0.8667389
-5.5371094,190.19531,167.69531,54.4921875,2.0214844,0.8667389
-6.064453,190.19531,167.69531,53.876953,2.0214844,0.8667389
-6.591797,190.19531,167.69531,53.52539,2.0214844,0.8667389
-7.20703125,190.19531,167.69531,53.17383,2.0214844,0.8667389
-7.294922,190.19531,167.69531,52.998047,2.0214844,0.8667389
-7.3828125,189.84375,167.69531,52.910156,2.0214844,0.8667389
-7.20703125,189.58008,167.69531,52.910156,2.0214844,0.8667389
-7.20703125,189.4043,167.69531,52.734375,2.109375,0.8667389
-7.20703125,189.3164,167.69531,52.734375,2.4609375,0.8667389
-7.294922,189.22852,167.69531,52.734375,2.5488281,0.8667389
-7.294922,189.22852,167.69531,52.734375,2.7246094,0.8667389
-7.20703125,189.22852,167.69531,52.734375,2.8125,0.8667389
-7.20703125,189.22852,167.69531,52.734375,2.8125,0.8667389
-7.20703125,189.22852,167.69531,52.734375,2.8125,0.8667389
-7.20703125,189.22852,167.69531,52.734375,2.8125,0.8667389
-7.20703125,189.22852,167.69531,52.734375,2.8125,0.8667389
-7.20703125,189.22852,167.69531,52.734375,2.8125,0.8667389
-7.20703125,189.22852,167.69531,52.734375,2.8125,0.8667389
-7.20703125,189.22852,167.69531,52.734375,2.8125,0.8667389
-7.20703125,189.22852,167.69531,52.734375,2.8125,0.8667389
-6.767578,189.22852,167.69531,52.734375,2.8125,0.8667389
-6.50390625,189.22852,167.69531,52.734375,2.98828125,0.8667389
-6.2402344,189.22852,167.69531,52.734375,3.33984375,0.8667389
-5.9765625,189.22852,167.69531,52.822266,3.515625,0.8667389
-5.7128906,189.22852,167.69531,52.910156,3.69140625,0.8667389
-5.185547,189.22852,167.69531,52.910156,3.9550781,0.8667389
-4.658203,189.22852,167.69531,53.0859375,4.39453125,0.8667389
-3.8671875,189.22852,167.69531,53.52539,4.482422,0.8667389
-3.0761719,189.3164,167.69531,53.964844,4.658203,0.8667389
-2.28515625,189.3164,167.69531,54.75586,4.658203,0.8667389
-1.6699219,189.3164,167.69531,55.371094,4.921875,0.8667389
-1.23046875,189.22852,167.69531,55.8984375,5.361328,0.8667389
-0.7910156,189.22852,167.69531,56.689453,5.80078125,0.8667389
-0.3515625,189.3164,167.69531,57.56836,6.2402344,0.8667389
0.087890625,189.4043,167.69531,58.359375,6.4160156,0.8667389
0.439453125,189.66797,167.34375,59.32617,6.50390625,0.8667389
0.7910156,188.78906,166.8164,60.29297,6.328125,0.8667389
1.0546875,187.29492,164.44336,61.347656,6.2402344,0.8667389
0.7910156,185.00977,161.98242,62.841797,6.15234375,0.8667389
0.703125,181.9336,159.3457,64.42383,6.50390625,0.8667389
1.1425781,177.890625,156.18164,66.26953,6.591797,0.8667389
1.40625,174.28711,152.49023,68.291016,7.1191406,0.8667389
1.7578125,171.03516,148.53516,69.87305,7.3828125,0.8667389
2.3730469,168.39844,144.75586,71.2793,7.55859375,0.8667389
2.98828125,166.640625,140.97656,72.59766,7.91015625,0.8667389
3.33984375,164.70703,136.9336,74.53125,8.349609,0.8667389
3.69140625,162.50977,133.0664,76.46484,8.525391,0.8667389
3.7792969,160.04883,128.84766,78.57422,8.876953,0.8667389
3.9550781,157.58789,124.80469,80.947266,9.4921875,0.8667389
4.3066406,154.95117,120.49805,83.14453,10.019531,0.8667389
4.482422,152.40234,116.2793,85.78125,10.546875,0.8667389
4.921875,149.58984,111.62109,88.06641,11.25,0.8667389
5.0097656,146.60156,107.05078,90.615234,11.865234,0.8667389
5.0097656,143.78906,102.48047,92.72461,12.216797,0.8667389
4.5703125,140.80078,98.08594,94.39453,12.480469,0.8667389
3.8671875,137.90039,94.13086,95.44922,12.568359,0.8667389
3.1640625,134.82422,90.703125,96.76758,13.0078125,0.8667389
2.5488281,131.74805,87.36328,98.52539,13.359375,0.8667389
2.0214844,128.32031,83.759766,100.89844,13.7109375,0.8667389
1.3183594,124.80469,79.80469,102.74414,14.238281,0.8667389
0.87890625,121.28906,75.49805,103.00781,14.326172,0.8667389
0.6152344,118.21289,71.54297,103.79883,14.326172,0.8667389
0.52734375,115.66406,67.85156,104.32617,14.589844,0.8667389
0.439453125,113.64258,64.59961,104.677734,14.677734,0.8667389
0.3515625,111.62109,61.259766,104.94141,14.677734,0.8667389
0.263671875,109.77539,58.535156,105.0293,14.677734,0.8667389
0.17578125,108.01758,56.07422,105.20508,14.941406,0.8667389
0.17578125,106.52344,54.404297,105.29297,15.292969,0.8667389
0.439453125,105.11719,53.17383,105.29297,15.556641,0.9750812
0.9667969,103.79883,52.470703,105.29297,15.644531,1.9501624
1.1425781,102.48047,51.94336,105.29297,15.732422,3.7919827
1.58203125,101.77734,51.76758,105.29297,15.8203125,6.3921995
2.0214844,100.98633,51.76758,105.29297,15.908203,9.317443
2.3730469,100.546875,51.6796875,105.29297,15.908203,12.567714
2.5488281,99.84375,51.6796875,105.29297,15.908203,17.009752
2.63671875,99.31641,51.6796875,105.29297,15.908203,22.426868
2.63671875,99.052734,51.6796875,105.29297,16.083984,28.494041
2.63671875,98.96484,51.6796875,105.29297,16.435547,33.36945
3.0761719,98.96484,51.85547,105.29297,16.611328,37.486458
3.1640625,98.96484,52.29492,105.29297,16.611328,40.628387
3.4277344,98.70117,52.998047,105.29297,16.611328,44.09534
3.515625,98.34961,53.876953,105.29297,16.611328,47.020584
3.69140625,98.08594,54.84375,105.29297,16.611328,48.754063
3.69140625,97.99805,55.98633,105.20508,16.611328,49.837486
3.69140625,97.99805,56.953125,105.0293,16.611328,50.162514
3.9550781,97.99805,58.0078125,104.853516,16.611328,50.3792
4.1308594,97.99805,59.0625,104.41406,16.611328,50.48754
4.39453125,97.99805,60.73242,102.83203,16.611328,50.704224
4.74609375,97.99805,62.9296875,100.89844,16.611328,50.704224
4.921875,97.99805,65.390625,98.78906,16.611328,50.704224
4.921875,97.99805,68.203125,96.5918,16.611328,50.704224
4.8339844,97.99805,70.83984,94.74609,16.611328,50.704224
4.658203,97.99805,73.03711,93.07617,16.611328,50.704224
4.5703125,97.91016,74.88281,91.49414,16.875,50.704224
4.5703125,97.91016,76.640625,89.64844,17.2265625,50.704224
4.5703125,97.646484,78.31055,88.1543,17.490234,50.704224
4.658203,96.94336,79.80469,86.484375,17.666016,50.704224
4.658203,95.80078,80.859375,84.990234,17.666016,51.46262
4.8339844,94.48242,81.82617,83.23242,17.666016,52.654385
5.185547,93.25195,82.88086,81.38672,17.666016,54.496212
5.2734375,91.93359,83.84766,79.7168,17.666016,56.013
5.625,90.615234,84.28711,78.48633,17.666016,56.87974
5.9765625,88.94531,84.81445,77.08008,17.666016,57.638138
6.328125,87.36328,85.25391,75.76172,17.666016,58.071507
6.50390625,85.78125,85.42969,75.05859,17.666016,58.39653
6.591797,84.19922,85.51758,74.53125,17.666016,58.179848
6.85546875,82.96875,85.51758,73.828125,17.666016,57.529797
7.1191406,81.73828,85.51758,73.65234,17.666016,58.39653
7.294922,81.03516,85.51758,73.47656,17.666016,57.85482
7.55859375,80.771484,85.60547,72.77344,17.490234,57.204765
7.6464844,80.859375,86.13281,71.98242,17.314453,56.771397
7.8222656,80.947266,86.484375,71.2793,17.578125,56.33803
8.0859375,81.12305,87.09961,70.75195,17.402344,55.57963
8.261719,81.38672,87.802734,70.13672,17.138672,54.60455
8.261719,81.91406,88.24219,69.521484,17.138672,52.76273
8.261719,82.265625,88.76953,68.81836,16.435547,49.837486
8.525391,82.88086,89.296875,67.93945,16.259766,45.39545
8.876953,83.49609,89.91211,67.14844,16.083984,39.54496
9.140625,84.19922,90.26367,66.09375,16.347656,33.261105
9.316406,84.90234,90.615234,65.390625,17.050781,26.002165
9.4921875,85.078125,90.52734,65.21484,16.5234375,18.85157
9.4921875,85.078125,90.26367,65.6543,16.875,15.709643
9.404297,85.078125,89.91211,66.18164,17.050781,15.059588
9.228516,85.078125,89.73633,66.5332,17.314453,15.059588
9.228516,85.078125,89.47266,67.06055,17.578125,15.059588
9.228516,84.990234,89.384766,67.23633,17.578125,15.059588
9.228516,84.990234,89.12109,67.41211,17.753906,14.951245
9.228516,84.990234,89.0332,67.58789,17.578125,14.951245
9.228516,84.990234,89.0332,67.67578,17.490234,14.951245
9.228516,85.25391,89.0332,67.67578,17.402344,14.951245
9.228516,85.95703,89.208984,67.67578,17.314453,14.951245
9.228516,86.74805,89.64844,67.76367,17.050781,14.951245
9.228516,87.802734,89.73633,68.64258,16.699219,14.951245
9.228516,89.208984,89.91211,69.521484,16.171875,14.951245
9.316406,90.52734,89.91211,70.927734,16.435547,14.951245
9.316406,91.93359,89.64844,72.421875,16.5234375,14.951245
8.964844,93.33984,89.12109,74.0918,16.435547,14.951245
8.701172,94.921875,88.41797,75.76172,16.083984,14.951245
8.525391,96.5918,87.36328,77.87109,15.8203125,14.951245
8.349609,98.4375,86.2207,80.06836,15.8203125,14.951245
8.349609,99.75586,84.28711,82.96875,15.8203125,14.951245
8.349609,100.72266,81.73828,86.04492,15.8203125,14.951245
8.349609,101.33789,78.48633,88.85742,15.8203125,14.951245
8.4375,101.68945,74.61914,91.58203,15.8203125,14.951245
8.525391,101.77734,70.04883,94.833984,15.732422,14.951245
8.525391,101.42578,65.03906,98.26172,15.556641,14.951245
9.052734,100.89844,59.589844,100.98633,15.205078,14.951245
9.667969,100.81055,54.228516,102.65625,15.029297,14.951245
10.371094,100.81055,49.30664,103.0957,14.677734,14.951245
11.25,101.16211,45.439453,103.79883,14.0625,14.951245
12.392578,101.77734,42.1875,104.41406,13.359375,14.951245
13.535156,102.30469,39.990234,104.853516,12.744141,14.951245
14.853516,102.83203,38.14453,105.11719,12.041016,14.951245
15.996094,103.0957,36.5625,105.20508,11.25,14.951245
17.314453,103.62305,35.24414,105.20508,10.634766,14.951245
18.544922,103.97461,33.92578,105.29297,10.019531,14.951245
20.0390625,104.41406,32.871094,105.29297,9.316406,14.951245
21.533203,104.94141,32.08008,105.29297,8.7890625,14.951245
22.8515625,105.64453,31.816406,105.29297,8.4375,14.951245
24.609375,106.43555,31.728516,105.29297,7.8222656,14.951245
26.63086,107.22656,31.728516,105.20508,7.470703,14.951245
28.828125,107.8418,31.728516,105.11719,7.3828125,14.951245
31.201172,108.54492,31.552734,105.11719,7.20703125,14.951245
33.92578,109.16016,31.552734,104.94141,7.20703125,14.951245
37.089844,109.77539,31.552734,104.41406,7.20703125,14.951245
39.990234,110.302734,31.552734,103.00781,7.20703125,14.951245
43.154297,111.00586,31.552734,101.60156,7.20703125,14.951245
46.14258,111.708984,31.728516,100.01953,7.20703125,14.951245
48.427734,112.23633,32.16797,98.4375,7.20703125,14.951245
50.53711,112.76367,32.43164,97.11914,7.20703125,14.951245
52.20703,113.02734,32.43164,95.97656,7.20703125,14.951245
53.34961,113.115234,32.43164,94.74609,7.20703125,14.951245
54.052734,113.203125,32.783203,93.86719,7.20703125,14.951245
55.10742,113.4668,33.222656,93.16406,7.20703125,14.951245
55.98633,113.81836,33.92578,92.28516,7.294922,14.951245
57.128906,114.25781,35.06836,91.23047,7.734375,14.951245
58.359375,115.04883,36.65039,89.91211,8.525391,14.951245
59.853516,116.103516,38.496094,88.24219,9.667969,14.951245
61.435547,117.24609,40.4296875,86.66016,10.986328,14.951245
62.753906,118.30078,41.92383,85.69336,12.392578,14.951245
63.984375,119.0918,42.714844,85.3418,14.238281,14.951245
65.12695,119.79492,43.154297,84.990234,16.5234375,14.951245
65.74219,120.67383,44.033203,84.72656,18.808594,14.951245
66.09375,121.46484,44.82422,84.63867,20.654297,14.951245
66.18164,122.08008,45.08789,84.55078,22.236328,14.951245
66.18164,122.34375,45.3515625,84.46289,23.642578,14.951245
66.00586,122.51953,45.439453,84.63867,24.873047,14.951245
65.83008,122.60742,45.966797,84.63867,26.103516,14.951245
65.74219,122.7832,46.40625,84.63867,27.158203,14.951245
65.74219,122.87109,46.933594,84.63867,28.21289,14.951245
65.74219,122.87109,47.373047,84.63867,29.267578,14.951245
65.74219,122.87109,47.63672,84.63867,30.234375,14.951245
65.390625,122.87109,47.63672,84.63867,30.761719,14.951245
64.95117,122.87109,47.63672,84.63867,31.113281,14.951245
64.6875,122.87109,47.63672,84.63867,31.376953,14.951245
64.24805,122.87109,47.63672,84.63867,31.464844,14.951245
63.808594,122.87109,48.07617,84.28711,31.2890625,14.951245
63.6328125,122.958984,48.8671875,83.671875,31.113281,14.951245
63.6328125,122.958984,49.746094,82.88086,31.02539,14.951245
63.720703,122.958984,50.80078,81.65039,30.673828,14.951245
63.896484,122.958984,51.85547,80.68359,30.498047,14.951245
64.072266,122.87109,52.3828125,79.89258,30.322266,14.951245
64.072266,122.87109,52.646484,79.18945,30.058594,14.951245
64.072266,122.87109,52.646484,78.57422,29.61914,14.951245
63.808594,122.87109,52.646484,77.958984,29.355469,14.951245
63.720703,122.87109,53.0859375,77.08008,29.1796875,14.951245
63.720703,122.958984,53.876953,76.28906,29.1796875,14.951245
63.720703,122.87109,54.316406,75.41016,29.091797,14.951245
63.808594,122.51953,54.66797,74.44336,29.091797,14.951245
63.984375,122.34375,55.1953125,73.56445,29.091797,14.951245
63.984375,122.34375,55.546875,72.77344,29.091797,14.951245
63.984375,121.9043,55.722656,72.07031,29.091797,14.951245
63.896484,121.11328,55.722656,71.54297,29.091797,14.951245
63.808594,119.9707,55.722656,71.103516,29.091797,14.951245
64.16016,118.740234,55.634766,70.83984,29.091797,14.951245
64.24805,117.509766,55.634766,70.40039,29.091797,14.951245
64.33594,116.63086,55.634766,69.87305,29.091797,14.951245
64.59961,115.75195,55.634766,69.08203,29.091797,14.951245
64.6875,114.96094,55.634766,68.37891,29.091797,14.951245
64.51172,114.16992,55.371094,68.02734,29.091797,14.951245
64.33594,113.02734,54.84375,67.76367,29.091797,14.951245
64.24805,111.884766,54.316406,67.58789,29.091797,14.951245
64.24805,110.74219,53.70117,67.5,29.091797,14.951245
64.24805,109.6875,52.910156,67.5,29.091797,14.951245
64.42383,108.7207,52.03125,67.5,29.091797,14.951245
64.42383,108.10547,51.240234,67.5,29.091797,14.951245
64.42383,107.490234,50.71289,67.5,29.091797,14.951245
64.42383,107.13867,50.36133,67.5,29.091797,14.951245
64.33594,106.96289,50.097656,67.5,29.091797,14.951245
64.33594,106.875,49.921875,67.5,29.091797,14.951245
64.33594,106.875,49.746094,67.5,29.091797,14.951245
64.33594,106.875,49.30664,67.5,29.091797,15.926327
64.33594,106.875,48.95508,67.5,28.916016,18.743229
64.33594,106.875,48.603516,67.5,28.564453,22.535212
64.33594,106.875,48.339844,67.5,28.388672,26.435535
64.33594,106.875,48.251953,67.5,28.21289,32.394367
64.33594,106.875,48.251953,67.5,28.21289,38.46154
64.24805,106.875,48.251953,67.41211,28.21289,44.312027
64.24805,106.875,48.251953,67.32422,28.21289,50.05417
64.16016,106.875,48.251953,67.32422,28.21289,55.687977
64.16016,106.875,48.251953,67.32422,28.21289,61.213432
64.16016,106.875,48.251953,67.32422,28.21289,66.30553
64.16016,106.69922,48.1640625,67.41211,28.21289,71.39761
64.16016,106.43555,48.1640625,67.41211,28.21289,75.514626
64.16016,106.259766,48.1640625,67.41211,28.21289,79.30661
64.16016,106.259766,48.07617,67.41211,28.21289,83.31528
64.24805,106.259766,48.07617,67.41211,28.21289,86.45721
64.24805,106.34766,47.98828,67.41211,28.21289,88.94908
64.24805,106.34766,47.8125,67.41211,28.125,91.11593
64.24805,106.34766,47.63672,67.41211,28.21289,92.41604
64.24805,106.259766,47.63672,67.41211,28.21289,93.06609
64.24805,106.259766,47.63672,67.41211,28.21289,92.95775
64.24805,106.259766,47.63672,67.41211,28.03711,92.30769
64.24805,106.259766,47.63672,67.41211,27.685547,90.89924
64.24805,106.259766,47.63672,67.41211,27.509766,89.165764
64.24805,106.259766,47.63672,67.41211,27.7734375,86.99892
64.24805,106.259766,47.63672,67.41211,27.7734375,84.50704
64.24805,106.259766,47.63672,67.41211,27.685547,80.93175
64.16016,106.259766,47.63672,67.41211,27.597656,76.48971
63.808594,106.259766,47.63672,67.41211,27.333984,71.18093
63.720703,106.259766,47.63672,67.41211,27.158203,65.330444
63.45703,106.259766,47.4609375,67.41211,27.158203,58.938248
63.10547,106.259766,47.109375,67.41211,27.158203,52.32936
62.841797,106.34766,46.933594,67.41211,27.158203,44.203682
62.753906,106.34766,46.31836,67.41211,27.158203,35.86132
62.753906,106.34766,45.878906,67.41211,27.158203,27.193933
62.753906,106.34766,45.3515625,67.41211,27.158203,19.068256
62.841797,106.34766,44.6484375,67.41211,27.158203,11.91766
62.9296875,106.34766,44.208984,67.41211,27.158203,7.4756227
63.01758,106.34766,43.85742,67.41211,27.158203,4.767064
63.01758,106.34766,43.68164,67.58789,27.0703125,3.9003248
62.9296875,106.34766,43.59375,67.85156,26.63086,3.0335863
62.9296875,106.34766,43.50586,67.85156,26.3671875,2.0585048
62.841797,106.34766,43.50586,67.85156,26.191406,1.5167931
62.841797,106.34766,43.50586,67.85156,26.103516,1.0834236
62.314453,106.34766,43.50586,67.85156,26.103516,0.8667389
61.78711,106.34766,43.50586,67.85156,26.015625,0.8667389
60.996094,106.34766,43.50586,67.85156,25.40039,0.8667389
59.765625,106.34766,43.50586,67.85156,24.873047,0.8667389
58.535156,106.34766,43.50586,67.85156,24.345703,0.8667389
56.865234,106.34766,43.50586,67.85156,23.81836,0.8667389
54.84375,106.34766,43.59375,67.85156,23.291016,0.8667389
52.558594,106.34766,43.68164,68.02734,22.675781,0.8667389
50.185547,106.34766,43.68164,68.73047,21.884766,0.8667389
47.197266,106.34766,44.208984,69.08203,21.18164,0.8667389
44.384766,106.43555,45.0,69.16992,20.7421875,0.8667389
41.748047,106.43555,45.439453,69.16992,20.302734,0.8667389
38.759766,106.43555,46.14258,69.16992,19.77539,0.8667389
35.947266,106.43555,46.49414,69.16992,19.423828,0.8667389
33.222656,106.52344,46.66992,69.3457,19.160156,0.8667389
30.84961,106.61133,46.66992,69.697266,18.457031,0.8667389
28.4765625,107.13867,46.66992,70.04883,17.841797,0.8667389
26.63086,107.75391,46.66992,70.57617,17.490234,0.8667389
24.697266,108.45703,47.109375,70.75195,17.314453,0.8667389
22.58789,109.59961,47.98828,70.75195,17.2265625,0.8667389
20.7421875,110.56641,48.8671875,70.75195,17.138672,0.8667389
18.808594,111.44531,49.833984,70.75195,17.138672,0.8667389
17.050781,112.23633,50.2734375,70.75195,16.96289,0.8667389
15.46875,113.203125,50.9765625,70.75195,16.611328,0.8667389
14.4140625,114.25781,51.85547,70.75195,16.435547,0.8667389
13.798828,114.96094,52.29492,70.75195,16.083984,0.8667389
13.447266,115.927734,52.822266,70.75195,15.556641,0.8667389
13.271484,116.80664,53.4375,70.75195,15.380859,0.8667389
13.535156,117.77344,54.140625,70.75195,15.029297,0.8667389
13.7109375,118.916016,55.283203,70.75195,14.589844,0.8667389
13.535156,120.05859,56.6015625,70.75195,14.150391,0.8667389
13.183594,121.28906,57.83203,70.75195,13.535156,0.8667389
12.568359,122.7832,59.23828,70.75195,12.919922,0.8667389
11.953125,124.365234,60.55664,70.75195,12.480469,0.8667389
11.425781,126.29883,61.78711,70.75195,11.865234,0.8667389
10.986328,128.671875,63.45703,70.66406,11.337891,0.8667389
10.8984375,131.484375,65.390625,70.48828,10.810547,0.8667389
10.8984375,134.38477,67.41211,70.04883,10.458984,0.8667389
10.8984375,137.72461,69.697266,69.521484,10.283203,0.8667389
10.986328,141.328125,71.98242,69.25781,10.1953125,0.8667389
10.546875,144.93164,74.44336,69.16992,10.019531,0.8667389
9.931641,148.71094,76.552734,69.16992,10.019531,0.8667389
9.580078,152.66602,78.92578,69.16992,10.107422,0.8667389
8.7890625,156.70898,81.29883,69.16992,10.458984,0.8667389
8.701172,160.83984,83.84766,69.16992,10.810547,0.8667389
8.876953,164.88281,86.30859,69.16992,11.425781,0.8667389
9.404297,168.92578,88.76953,69.16992,11.953125,0.8667389
10.283203,173.14453,91.23047,69.16992,12.568359,0.8667389
11.689453,177.01172,93.515625,69.16992,13.095703,0.8667389
12.3046875,181.05469,94.921875,69.25781,13.623047,0.8667389
12.392578,184.6582,95.625,69.697266,14.0625,0.8667389
12.216797,187.4707,97.29492,70.927734,14.326172,0.8667389
12.3046875,188.87695,97.11914,72.509766,14.765625,0.8667389
12.3046875,189.4043,97.11914,74.00391,15.380859,0.8667389
11.865234,189.58008,97.11914,74.88281,15.46875,0.8667389
11.689453,189.75586,96.94336,75.234375,15.644531,0.8667389
12.041016,189.66797,97.11914,75.146484,15.8203125,0.8667389
12.3046875,189.66797,97.91016,74.53125,15.8203125,0.8667389
12.480469,189.66797,99.228516,73.65234,15.644531,0.8667389
12.65625,189.66797,100.81055,72.68555,15.380859,0.8667389
12.744141,189.66797,102.83203,71.2793,15.205078,0.8667389
12.744141,189.66797,105.11719,69.697266,14.941406,0.8667389
12.744141,189.66797,107.75391,68.115234,14.501953,0.8667389
12.744141,189.66797,110.478516,66.796875,14.326172,0.8667389
12.65625,189.66797,113.37891,65.6543,14.150391,0.8667389
12.65625,189.66797,116.36719,64.51172,14.150391,0.8667389
12.65625,189.66797,119.26758,63.6328125,14.150391,0.8667389
12.480469,189.66797,122.25586,62.841797,14.150391,0.8667389
12.480469,189.66797,125.06836,62.05078,13.974609,0.8667389
12.392578,189.66797,127.88086,60.996094,13.447266,0.8667389
12.041016,189.66797,130.78125,60.20508,12.744141,0.8667389
11.6015625,189.66797,133.68164,59.765625,12.041016,0.8667389
11.425781,189.66797,136.23047,59.501953,11.513672,0.8667389
11.162109,189.66797,138.95508,59.23828,10.722656,0.8667389
10.8984375,189.66797,141.41602,59.23828,9.931641,0.8667389
10.810547,189.66797,143.34961,59.677734,8.964844,0.8667389
10.810547,189.66797,144.93164,60.1171875,8.261719,0.8667389
10.8984375,189.66797,146.77734,60.908203,7.734375,0.8667389
10.8984375,189.66797,148.359375,61.435547,7.294922,0.8667389
10.634766,189.66797,150.20508,61.69922,6.767578,0.8667389
9.84375,189.66797,152.40234,61.78711,6.50390625,0.8667389
9.228516,189.66797,154.6875,62.13867,6.328125,0.8667389
8.349609,189.66797,156.6211,62.578125,6.2402344,0.8667389
7.3828125,189.66797,158.55469,62.753906,6.064453,0.8667389
7.03125,189.66797,160.57617,62.9296875,6.064453,0.8667389
7.03125,189.66797,162.50977,63.720703,6.064453,0.8667389
7.20703125,189.140625,163.65234,64.51172,5.44921875,0.8667389
7.3828125,189.05273,165.0586,65.390625,5.09765625,0.8667389
7.3828125,189.140625,166.02539,66.26953,4.658203,0.8667389
7.3828125,189.4043,166.72852,67.23633,4.3066406,0.8667389
7.734375,189.75586,167.16797,68.203125,3.69140625,0.8667389
8.261719,190.2832,167.43164,68.73047,3.4277344,0.8667389
8.701172,190.2832,167.60742,68.64258,3.33984375,0.8667389
9.140625,190.19531,167.60742,68.64258,3.6035156,0.8667389
9.580078,190.19531,167.60742,68.64258,3.69140625,0.8667389
9.755859,190.19531,167.60742,68.90625,3.8671875,0.8667389
9.755859,190.19531,167.60742,69.521484,3.7792969,0.8667389
9.667969,190.19531,167.60742,70.22461,3.8671875,0.8667389
9.580078,190.19531,167.60742,70.75195,3.8671875,0.8667389
9.580078,190.19531,167.60742,71.19141,3.8671875,0.8667389
9.580078,190.19531,167.60742,71.36719,3.8671875,0.8667389
9.580078,190.19531,167.60742,71.63086,3.69140625,0.8667389
9.580078,190.19531,167.60742,72.07031,2.98828125,0.8667389
9.580078,190.19531,167.60742,72.333984,2.63671875,0.8667389
9.580078,190.19531,167.60742,72.509766,2.5488281,0.8667389
9.580078,190.19531,167.60742,72.59766,2.4609375,0.8667389
9.580078,190.19531,167.60742,72.68555,2.63671875,0.8667389
9.580078,190.19531,167.60742,72.68555,2.8125,0.8667389
9.580078,190.19531,167.60742,72.68555,2.8125,0.8667389
9.580078,190.19531,167.60742,72.68555,2.8125,0.8667389
9.580078,190.19531,167.60742,72.68555,2.9003906,0.8667389
9.580078,190.19531,167.60742,72.68555,3.2519531,0.8667389
9.580078,190.19531,167.60742,72.68555,3.4277344,0.8667389
9.580078,190.19531,167.60742,72.68555,3.6035156,0.8667389
9.580078,190.19531,167.60742,72.68555,3.69140625,0.8667389
9.580078,190.19531,167.60742,72.68555,3.7792969,0.8667389
9.580078,190.19531,167.60742,72.68555,3.7792969,0.8667389
9.580078,190.19531,167.60742,72.68555,3.7792969,0.8667389
9.580078,190.19531,167.60742,72.68555,3.7792969,0.8667389
9.580078,190.19531,167.60742,72.68555,3.7792969,0.8667389
9.580078,190.19531,167.60742,72.68555,3.7792969,0.8667389
9.580078,190.19531,167.60742,72.68555,3.7792969,0.8667389
9.580078,190.19531,167.60742,72.68555,3.7792969,0.8667389
9.580078,190.19531,167.60742,72.68555,3.7792969,0.8667389
9.580078,190.19531,167.60742,72.68555,3.7792969,0.8667389
9.580078,190.19531,167.60742,72.68555,3.7792969,0.8667389
9.580078,190.19531,167.60742,72.68555,3.7792969,0.8667389
9.580078,190.19531,167.60742,72.68555,3.7792969,0.8667389
9.580078,190.19531,167.60742,72.68555,3.7792969,0.8667389
9.580078,190.19531,167.60742,72.68555,3.7792969,0.8667389
9.580078,190.19531,167.60742,72.68555,3.7792969,0.8667389
9.580078,190.19531,167.60742,72.68555,3.7792969,0.8667389
9.580078,190.19531,167.60742,72.68555,3.7792969,0.8667389
6.2402344,190.19531,167.60742,71.80664,4.1308594,0.8667389
5.888672,190.19531,167.60742,71.80664,3.9550781,0.8667389
5.185547,190.19531,167.60742,71.80664,3.6035156,0.8667389
4.74609375,190.19531,167.60742,71.80664,3.4277344,0.8667389
4.3066406,190.19531,167.60742,71.80664,3.2519531,0.8667389
4.04296875,190.19531,167.60742,71.80664,3.0761719,0.8667389
3.9550781,190.19531,167.60742,71.80664,3.0761719,0.8667389
3.9550781,190.19531,167.60742,71.80664,3.2519531,0.8667389
3.9550781,190.19531,167.60742,71.80664,3.2519531,0.8667389
4.04296875,190.19531,167.60742,71.80664,3.2519531,0.8667389
4.04296875,190.19531,167.60742,71.80664,3.2519531,0.8667389
4.04296875,190.19531,167.60742,71.80664,3.2519531,0.8667389
4.04296875,190.19531,167.60742,71.80664,3.2519531,0.8667389
4.04296875,190.19531,167.60742,71.80664,3.33984375,0.8667389
4.04296875,190.19531,167.60742,71.80664,3.4277344,0.8667389
4.04296875,190.19531,167.60742,71.80664,3.4277344,0.8667389
4.04296875,190.19531,167.60742,71.80664,3.6035156,0.8667389
4.04296875,190.19531,167.60742,71.80664,3.69140625,0.8667389
4.04296875,190.19531,167.60742,71.80664,3.6035156,0.8667389
4.04296875,190.19531,167.60742,71.80664,3.4277344,0.8667389
4.04296875,190.19531,167.60742,71.80664,3.4277344,0.8667389
4.04296875,190.19531,167.60742,71.80664,3.4277344,0.8667389
4.04296875,190.19531,167.60742,71.80664,3.2519531,0.8667389
4.04296875,190.19531,167.60742,71.80664,3.2519531,0.8667389
4.04296875,190.19531,167.60742,71.80664,3.2519531,0.8667389
4.04296875,190.19531,167.60742,71.80664,3.2519531,0.8667389
4.04296875,190.19531,167.60742,71.80664,3.2519531,0.8667389
4.04296875,190.19531,167.60742,71.80664,3.2519531,0.8667389
4.04296875,190.19531,167.60742,71.80664,3.2519531,0.8667389
4.04296875,190.19531,167.60742,71.80664,3.2519531,0.8667389
3.9550781,190.19531,167.60742,71.80664,3.2519531,0.8667389
3.7792969,190.19531,167.60742,71.80664,3.33984375,0.8667389
3.7792969,190.19531,167.60742,71.80664,3.4277344,0.8667389
3.7792969,190.19531,167.60742,71.80664,3.4277344,0.8667389
3.69140625,190.19531,167.60742,71.80664,3.6035156,0.8667389
3.7792969,190.19531,167.60742,71.80664,3.69140625,0.8667389
3.8671875,190.19531,167.60742,71.80664,3.69140625,0.8667389
4.04296875,190.19531,167.60742,72.1582,3.69140625,0.8667389
4.21875,190.19531,167.60742,72.421875,3.6035156,0.8667389
4.21875,190.19531,167.60742,72.509766,3.6035156,0.8667389
4.21875,190.19531,167.60742,72.509766,3.515625,0.8667389
4.21875,190.19531,167.60742,72.509766,3.33984375,0.8667389
4.21875,190.19531,167.60742,72.509766,3.2519531,0.8667389
4.21875,190.19531,167.60742,72.59766,3.2519531,0.8667389
4.21875,190.19531,167.60742,72.59766,3.0761719,0.8667389
4.21875,190.19531,167.60742,72.59766,2.63671875,0.8667389
4.21875,190.19531,167.60742,72.59766,2.4609375,0.8667389
4.21875,190.19531,167.60742,72.59766,2.28515625,0.8667389
3.8671875,190.19531,167.60742,72.59766,2.1972656,0.8667389
3.1640625,190.19531,167.60742,72.59766,2.28515625,0.8667389
2.63671875,190.19531,167.60742,72.59766,2.4609375,0.8667389
1.93359375,190.19531,167.60742,72.59766,2.98828125,0.8667389
1.4941406,190.19531,167.25586,72.509766,3.2519531,0.8667389
1.3183594,190.19531,166.72852,72.333984,3.4277344,0.8667389
1.40625,189.66797,165.14648,72.333984,3.6035156,0.8667389
1.3183594,188.26172,162.33398,72.86133,3.8671875,0.8667389
1.23046875,185.88867,159.96094,73.740234,3.69140625,0.8667389
1.40625,183.07617,156.44531,74.79492,4.1308594,0.8667389
1.4941406,179.91211,152.49023,76.20117,4.39453125,0.8667389
2.0214844,176.66016,147.74414,78.046875,4.74609375,0.8667389
2.4609375,173.4082,143.17383,80.68359,4.482422,0.8667389
3.2519531,170.24414,138.33984,82.265625,4.482422,0.8667389
3.9550781,167.51953,133.33008,84.11133,4.658203,0.8667389
4.74609375,164.9707,128.23242,85.95703,4.74609375,0.8667389
5.44921875,162.2461,123.134766,87.71484,4.8339844,0.8667389
5.7128906,159.78516,118.21289,89.82422,5.2734375,0.8667389
5.7128906,157.41211,113.4668,92.197266,5.7128906,0.8667389
5.625,154.95117,108.63281,95.009766,6.591797,0.8667389
5.9765625,152.31445,103.97461,97.99805,7.6464844,0.8667389
6.328125,149.32617,98.78906,101.16211,9.140625,0.8667389
6.591797,146.86523,94.6582,102.74414,10.371094,0.8667389
7.03125,144.3164,91.14258,103.18359,11.865234,0.8667389
7.1191406,142.38281,88.59375,103.79883,13.271484,0.8667389
7.1191406,140.625,86.83594,104.32617,14.853516,0.8667389
6.767578,138.42773,85.3418,104.677734,16.611328,0.8667389
6.064453,136.40625,83.93555,104.94141,18.36914,0.8667389
5.09765625,134.82422,82.61719,105.0293,20.0390625,0.8667389
4.21875,132.97852,81.12305,105.11719,21.533203,0.8667389
3.2519531,130.51758,79.80469,105.20508,22.939453,0.8667389
2.0214844,128.23242,78.046875,105.29297,23.99414,0.8667389
0.9667969,126.03516,75.67383,105.29297,24.785156,0.8667389
0.439453125,123.48633,72.59766,105.29297,25.3125,0.8667389
0.3515625,120.58594,69.43359,105.29297,25.3125,0.8667389
0.263671875,117.59766,66.00586,105.29297,25.22461,0.8667389
0.6152344,114.697266,62.666016,105.29297,25.136719,0.8667389
0.87890625,111.796875,59.765625,105.29297,24.9609375,0.8667389
0.87890625,109.33594,57.041016,105.29297,24.697266,0.8667389
1.0546875,107.40234,55.01953,105.29297,24.433594,1.0834236
1.23046875,105.9082,53.4375,105.29297,24.2578125,1.3001083
1.58203125,104.677734,52.29492,105.29297,24.2578125,3.4669557
2.0214844,103.62305,51.503906,105.29297,24.2578125,3.4669557
2.28515625,102.74414,51.064453,105.29297,24.2578125,3.4669557
2.63671875,102.041016,50.9765625,105.29297,24.2578125,7.042254
2.9003906,101.60156,50.9765625,105.29297,24.169922,11.375948
2.9003906,101.33789,50.9765625,105.29297,23.730469,15.276273
2.9003906,101.16211,50.9765625,105.29297,23.378906,19.393284
2.7246094,100.72266,50.9765625,105.29297,23.203125,24.485374
2.5488281,100.458984,51.240234,105.29297,23.115234,28.494041
2.4609375,100.2832,51.503906,105.29297,22.8515625,31.310944
2.5488281,100.19531,51.591797,105.29297,22.5,33.586132
2.98828125,100.19531,51.591797,105.29297,22.324219,34.994583
3.2519531,100.19531,51.591797,105.29297,22.1484375,36.078007
3.4277344,100.19531,51.94336,105.29297,22.1484375,36.29469
3.6035156,100.10742,52.29492,105.29297,22.1484375,36.29469
3.69140625,100.10742,52.470703,105.29297,22.060547,36.186348
3.69140625,100.10742,52.470703,105.29297,21.621094,36.186348
3.69140625,100.01953,52.822266,105.29297,21.357422,36.29469
3.69140625,99.58008,53.0859375,105.29297,21.18164,36.72806
3.6035156,99.228516,53.4375,105.29297,21.09375,37.5948
3.6035156,98.61328,54.052734,105.29297,21.09375,38.786568
3.6035156,98.26172,54.404297,105.20508,21.09375,40.086674
3.515625,97.734375,54.93164,105.0293,21.09375,41.27844
3.0761719,96.85547,55.283203,104.94141,21.18164,42.361866
2.63671875,95.88867,55.8984375,104.41406,21.533203,42.903576
2.109375,94.921875,56.865234,103.88672,21.621094,43.336945
1.7578125,94.30664,58.0078125,103.18359,21.621094,43.770313
1.23046875,93.603516,59.23828,101.865234,21.884766,44.203682
0.7910156,92.8125,60.64453,100.37109,22.236328,44.52871
0.703125,92.37305,62.314453,98.78906,22.324219,44.637054
0.703125,92.28516,64.51172,96.50391,22.1484375,44.853737
0.87890625,92.37305,66.796875,93.95508,22.060547,45.28711
1.1425781,92.54883,69.521484,91.66992,22.060547,45.50379
1.23046875,92.54883,72.333984,89.208984,22.060547,45.82882
1.3183594,92.37305,75.41016,87.09961,22.060547,46.262188
1.6699219,92.37305,78.134766,84.90234,22.060547,46.587215
2.0214844,92.37305,80.5957,83.14453,22.060547,46.587215
2.3730469,92.46094,82.5293,81.73828,22.060547,46.478874
2.9003906,92.46094,84.11133,79.98047,21.884766,46.153847
3.33984375,92.109375,85.42969,77.87109,21.533203,45.50379
3.8671875,91.40625,85.95703,76.81641,21.269531,44.637054
4.21875,90.26367,86.2207,75.76172,21.18164,43.12026
4.658203,89.0332,86.396484,74.26758,21.18164,42.145176
5.0097656,87.802734,86.396484,72.77344,21.00586,42.03684
5.2734375,86.66016,86.396484,71.2793,21.00586,42.145176
5.44921875,85.60547,86.30859,70.48828,21.00586,42.361866
5.5371094,84.46289,86.13281,70.40039,21.00586,42.79523
5.625,83.14453,85.60547,70.40039,21.00586,43.445286
5.625,81.91406,84.90234,71.19141,21.00586,44.745396
5.625,80.947266,84.02344,70.57617,21.00586,44.312027
5.5371094,80.50781,83.32031,70.13672,21.357422,45.070423
5.5371094,79.98047,82.79297,70.13672,21.18164,44.745396
5.5371094,79.7168,82.353516,70.57617,21.00586,44.42037
5.5371094,79.541016,82.08984,70.57617,21.00586,44.42037
5.7128906,79.18945,82.00195,70.40039,21.00586,44.637054
5.9765625,78.92578,81.91406,70.22461,21.00586,44.637054
6.2402344,78.83789,81.65039,70.22461,21.00586,44.203682
6.4160156,78.75,81.47461,70.22461,21.00586,43.336945
6.6796875,78.75,81.47461,70.22461,21.00586,41.603466
6.85546875,78.83789,81.47461,70.22461,21.00586,38.678223
6.9433594,78.83789,81.47461,70.22461,21.00586,33.36945
6.9433594,79.10156,81.47461,69.43359,21.269531,26.327192
6.767578,79.453125,81.47461,69.43359,21.621094,19.284939
6.6796875,79.89258,81.47461,69.609375,21.00586,15.817985
6.6796875,80.24414,81.65039,70.22461,21.708984,15.059588
6.6796875,80.41992,81.73828,70.927734,22.060547,14.951245
6.2402344,80.41992,81.73828,71.63086,22.1484375,14.951245
5.888672,80.41992,81.73828,72.07031,22.236328,14.951245
5.80078125,80.41992,81.73828,72.333984,22.41211,14.951245
5.5371094,80.68359,81.82617,72.509766,22.58789,14.951245
5.361328,81.29883,81.82617,72.77344,22.675781,14.951245
5.361328,82.08984,81.82617,73.21289,22.5,14.951245
5.2734375,83.14453,81.82617,73.65234,22.58789,14.951245
5.2734375,84.28711,81.82617,74.44336,22.324219,14.951245
5.185547,85.25391,81.65039,75.58594,21.533203,14.951245
5.2734375,86.2207,81.21094,77.16797,21.269531,14.951245
5.7128906,87.09961,80.50781,78.83789,21.269531,14.951245
5.9765625,88.06641,79.541016,80.859375,21.18164,14.951245
6.4160156,88.59375,77.7832,83.4082,20.7421875,14.951245
6.85546875,89.0332,75.67383,86.396484,20.478516,14.951245
7.294922,89.64844,73.21289,89.12109,19.863281,14.951245
7.8222656,90.08789,70.3125,91.58203,19.511719,14.951245
8.261719,90.43945,67.06055,94.13086,19.3359375,14.951245
8.701172,90.703125,63.6328125,97.11914,18.808594,14.951245
9.228516,91.14258,60.20508,99.93164,18.105469,14.951245
9.84375,91.75781,56.689453,101.865234,17.402344,14.951245
10.810547,92.90039,54.140625,103.18359,16.435547,14.951245
11.953125,94.6582,52.470703,104.0625,15.8203125,14.951245
13.447266,96.416016,51.064453,104.58984,15.556641,14.951245
14.941406,98.08594,49.921875,104.94141,15.292969,14.951245
16.699219,99.93164,48.95508,105.11719,14.677734,14.951245
18.808594,101.865234,48.251953,105.20508,13.886719,14.951245
20.917969,103.62305,47.373047,105.29297,13.0078125,14.951245
23.203125,105.20508,46.0546875,105.29297,12.3046875,14.951245
25.927734,106.52344,44.472656,105.29297,11.337891,14.951245
28.652344,107.490234,42.890625,105.29297,10.810547,14.951245
31.640625,108.19336,40.86914,105.29297,10.1953125,14.951245
34.89258,108.63281,38.408203,105.20508,9.755859,14.951245
38.14453,108.984375,35.771484,105.11719,9.4921875,14.951245
41.484375,109.33594,33.66211,104.853516,9.316406,14.951245
44.6484375,110.12695,32.34375,103.62305,9.404297,14.951245
47.72461,111.26953,31.904297,101.953125,9.667969,14.951245
50.44922,112.58789,31.9921875,100.19531,9.667969,14.951245
52.646484,113.99414,32.60742,97.99805,9.84375,14.951245
54.4921875,114.96094,33.134766,96.15234,10.371094,14.951245
55.8984375,115.66406,33.310547,94.74609,10.986328,14.951245
56.953125,115.927734,33.3984375,93.33984,11.513672,14.951245
58.359375,115.927734,33.3984375,92.109375,12.128906,14.951245
59.589844,115.927734,33.3984375,90.9668,12.919922,14.951245
60.996094,115.927734,33.3984375,89.47266,13.886719,14.951245
62.490234,115.927734,33.3984375,88.41797,15.292969,14.951245
63.720703,115.927734,33.48633,87.62695,16.78711,14.951245
64.95117,115.927734,33.48633,86.572266,18.36914,14.951245
65.91797,115.927734,33.48633,85.60547,19.77539,14.951245
66.35742,115.927734,33.48633,84.81445,20.917969,14.951245
66.62109,115.927734,33.48633,84.11133,22.060547,14.951245
66.708984,115.75195,33.48633,83.32031,23.027344,14.951245
67.06055,115.22461,33.310547,82.61719,23.642578,14.951245
67.14844,114.521484,32.783203,82.265625,23.99414,14.951245
67.23633,113.99414,32.60742,82.00195,24.2578125,14.951245
67.32422,113.55469,32.60742,81.73828,24.521484,14.951245
67.32422,113.02734,32.60742,81.38672,24.609375,14.951245
67.32422,112.76367,32.60742,80.947266,24.697266,14.951245
67.41211,112.5,32.60742,80.771484,24.785156,14.951245
67.41211,112.06055,32.60742,80.5957,24.785156,14.951245
67.41211,111.708984,32.60742,80.41992,24.785156,14.951245
67.41211,111.35742,32.43164,80.06836,24.785156,14.951245
67.41211,110.91797,32.25586,79.80469,24.785156,14.951245
67.41211,110.56641,32.16797,79.62891,24.785156,14.951245
67.41211,110.390625,31.904297,79.62891,24.785156,14.951245
67.41211,110.390625,31.904297,79.62891,24.785156,16.03467
67.32422,110.302734,31.816406,79.62891,24.785156,18.526545
67.32422,110.302734,31.816406,79.62891,24.873047,22.643555
67.23633,110.302734,31.816406,79.62891,25.22461,26.977247
67.14844,110.03906,31.816406,79.7168,25.3125,33.36945
66.884766,109.77539,31.816406,79.7168,25.048828,40.086674
66.708984,109.42383,31.816406,79.7168,24.873047,47.34561
66.5332,109.33594,31.816406,79.89258,24.521484,54.929577
66.35742,109.24805,31.816406,79.98047,24.345703,61.10509
66.26953,109.24805,31.816406,80.06836,24.2578125,66.19718
66.26953,109.24805,31.816406,80.15625,24.2578125,69.55579
66.26953,109.072266,31.728516,80.15625,24.2578125,71.830986
66.26953,108.896484,31.728516,80.15625,24.2578125,73.23943
65.83008,108.54492,31.728516,80.15625,24.082031,74.10618
65.6543,108.45703,31.728516,80.15625,23.642578,74.53954
65.390625,108.45703,31.728516,80.15625,23.378906,74.53954
64.95117,108.45703,31.728516,80.15625,23.203125,74.86457
64.77539,108.45703,31.728516,80.15625,23.203125,75.08126
64.6875,108.54492,31.728516,80.15625,23.203125,74.86457
64.6875,108.54492,31.728516,80.15625,23.203125,74.53954
64.77539,108.54492,31.728516,80.15625,23.203125,73.45612
64.86328,108.54492,31.728516,80.15625,23.203125,71.93932
64.86328,108.54492,31.728516,80.15625,23.203125,69.66414
64.95117,108.54492,31.728516,80.15625,23.203125,66.30553
64.95117,108.54492,31.728516,80.15625,23.203125,62.080173
64.86328,108.54492,31.728516,80.15625,23.203125,56.87974
64.86328,108.54492,31.728516,80.15625,23.203125,50.3792
64.77539,108.54492,31.728516,80.15625,23.115234,43.661972
64.77539,108.54492,31.728516,80.06836,22.675781,36.186348
64.6875,108.54492,31.728516,79.98047,22.41211,28.710726
64.51172,108.54492,31.728516,79.89258,22.324219,21.235102
64.42383,108.54492,31.728516,79.89258,21.884766,13.867823
64.24805,108.54492,31.728516,79.89258,21.533203,8.775731
64.072266,108.54492,31.728516,79.89258,21.269531,5.417118
63.808594,108.54492,31.728516,79.89258,21.09375,3.9003248
63.6328125,108.54492,31.728516,79.89258,21.09375,3.3586133
63.19336,108.54492,31.728516,79.89258,21.09375,2.383532
62.753906,108.54492,31.728516,79.89258,21.09375,1.6251353
62.314453,108.54492,31.728516,80.06836,20.917969,1.191766
61.435547,108.54492,31.728516,80.15625,20.566406,0.9750812
60.29297,108.80859,31.728516,80.33203,20.390625,0.8667389
58.7109375,109.072266,31.728516,80.771484,20.0390625,0.8667389
56.33789,109.24805,31.728516,80.859375,19.59961,0.8667389
53.61328,109.6875,31.728516,80.859375,19.248047,0.8667389
50.53711,109.95117,31.728516,80.947266,18.544922,0.8667389
46.845703,110.12695,31.728516,80.947266,17.753906,0.8667389
42.714844,110.56641,31.728516,80.947266,16.875,0.8667389
38.496094,111.09375,31.816406,80.947266,15.556641,0.8667389
33.92578,111.884766,32.16797,80.947266,14.4140625,0.8667389
29.1796875,112.85156,32.871094,80.947266,13.535156,0.8667389
24.082031,113.90625,33.92578,80.5957,13.271484,0.8667389
19.511719,114.87305,35.15625,80.24414,13.271484,0.8667389
16.347656,115.48828,35.859375,80.15625,13.7109375,0.8667389
13.7109375,115.83984,35.947266,80.24414,14.4140625,0.8667389
11.865234,116.19141,35.947266,80.50781,15.205078,0.8667389
10.8984375,116.54297,35.947266,81.21094,15.8203125,0.8667389
9.316406,116.80664,35.947266,82.353516,16.435547,0.8667389
8.349609,117.24609,36.035156,83.14453,16.96289,0.8667389
7.294922,118.03711,36.5625,83.84766,17.314453,0.8667389
6.328125,118.916016,37.177734,84.46289,17.753906,0.8667389
6.591797,120.322266,38.23242,84.72656,18.19336,0.8667389
6.9433594,122.16797,39.814453,84.81445,18.6328125,0.8667389
7.734375,124.453125,41.484375,84.81445,19.160156,0.8667389
9.052734,127.00195,43.50586,85.25391,19.6875,0.8667389
9.404297,130.16602,46.0546875,85.69336,20.126953,0.8667389
9.404297,133.94531,48.95508,85.78125,20.390625,0.8667389
9.316406,138.16406,52.3828125,85.78125,20.566406,0.8667389
10.458984,142.99805,56.16211,85.78125,20.654297,0.8667389
11.425781,148.0957,60.20508,85.78125,20.654297,0.8667389
12.480469,153.54492,63.896484,86.04492,20.654297,0.8667389
13.886719,158.99414,67.41211,86.74805,20.566406,0.8667389
14.941406,164.79492,70.57617,87.62695,20.214844,0.8667389
15.292969,169.98047,73.03711,88.94531,19.951172,0.8667389
15.029297,174.90234,74.88281,90.08789,19.511719,0.8667389
15.029297,179.20898,75.84961,90.52734,19.3359375,0.8667389
15.556641,183.25195,77.43164,89.73633,19.423828,0.8667389
15.292969,186.76758,79.10156,91.58203,18.457031,0.8667389
15.205078,188.78906,80.50781,92.98828,18.6328125,0.8667389
15.205078,189.3164,82.08984,94.13086,18.28125,0.8667389
14.853516,189.49219,83.671875,95.09766,17.841797,0.8667389
14.238281,189.66797,84.46289,95.71289,17.841797,0.8667389
14.0625,189.58008,85.42969,95.80078,17.841797,0.8667389
14.0625,189.66797,86.396484,95.18555,17.841797,0.8667389
14.0625,189.66797,87.09961,94.57031,17.9296875,0.8667389
13.974609,189.66797,88.33008,93.515625,18.19336,0.8667389
13.974609,189.66797,89.91211,92.109375,17.9296875,0.8667389
13.974609,189.66797,91.66992,90.26367,18.36914,0.8667389
13.886719,189.66797,94.04297,88.33008,18.544922,0.8667389
13.886719,189.66797,96.85547,85.86914,18.896484,0.8667389
13.271484,189.66797,100.01953,82.96875,19.160156,0.8667389
11.513672,189.66797,103.447266,79.98047,18.984375,0.8667389
9.404297,189.66797,107.490234,77.08008,18.720703,0.8667389
7.294922,189.66797,111.62109,73.828125,18.28125,0.8667389
5.625,189.66797,115.83984,71.015625,17.490234,0.8667389
4.658203,189.66797,119.88281,68.99414,16.78711,0.8667389
4.482422,189.66797,123.92578,67.23633,16.083984,0.8667389
4.5703125,189.66797,127.5293,66.09375,15.644531,0.8667389
4.74609375,189.66797,130.95703,65.390625,15.380859,0.8667389
5.0097656,189.66797,133.85742,64.95117,15.205078,0.8667389
5.361328,189.66797,136.40625,64.59961,15.029297,0.8667389
5.5371094,189.66797,139.04297,64.33594,14.589844,0.8667389
5.80078125,189.66797,141.41602,64.24805,14.326172,0.8667389
5.80078125,189.66797,143.34961,64.51172,13.974609,0.8667389
6.328125,189.66797,144.93164,64.51172,13.535156,0.8667389
7.1191406,189.66797,147.04102,64.51172,13.271484,0.8667389
7.998047,189.66797,148.97461,64.51172,13.183594,0.8667389
8.876953,189.66797,150.82031,65.12695,13.183594,0.8667389
9.755859,189.66797,152.40234,65.74219,13.271484,0.8667389
10.458984,189.66797,153.89648,66.5332,13.359375,0.8667389
10.8984375,189.66797,155.12695,67.5,13.095703,0.8667389
10.986328,189.66797,156.18164,68.203125,12.832031,0.8667389
10.8984375,189.66797,156.97266,68.55469,12.216797,0.8667389
10.546875,189.66797,158.11523,69.08203,11.25,0.8667389
10.283203,189.66797,158.99414,69.521484,10.722656,0.8667389
10.107422,189.66797,160.40039,69.78516,10.458984,0.8667389
10.019531,189.66797,161.89453,69.697266,10.283203,0.8667389
9.931641,189.66797,162.86133,69.609375,9.931641,0.8667389
10.019531,189.66797,163.91602,69.609375,9.404297,0.8667389
9.931641,189.66797,165.234375,69.609375,9.052734,0.8667389
9.931641,189.66797,166.28906,69.697266,7.91015625,0.8667389
9.84375,189.66797,166.9043,70.13672,6.9433594,0.8667389
9.580078,189.66797,167.25586,70.57617,6.591797,0.8667389
9.228516,189.66797,167.51953,70.927734,6.064453,0.8667389
8.701172,189.66797,167.60742,71.54297,5.185547,0.8667389
8.4375,189.66797,167.69531,71.54297,4.482422,0.8667389
8.173828,189.66797,167.69531,71.98242,3.9550781,0.8667389
7.6464844,189.66797,167.69531,72.68555,3.69140625,0.8667389
7.294922,189.66797,167.69531,72.86133,3.6035156,0.8667389
7.294922,189.66797,167.69531,73.03711,3.6035156,0.8667389
7.294922,189.66797,167.69531,73.125,3.69140625,0.8667389
7.294922,189.66797,167.69531,73.125,3.7792969,0.8667389
7.294922,189.66797,167.69531,73.125,3.7792969,0.8667389
7.294922,189.66797,167.69531,73.125,3.7792969,0.8667389
7.1191406,189.66797,167.69531,73.125,3.4277344,0.8667389
6.767578,189.66797,167.69531,73.125,2.8125,0.8667389
6.50390625,189.66797,167.69531,73.125,2.5488281,0.8667389
6.4160156,189.66797,167.69531,73.125,2.3730469,0.8667389
6.328125,189.66797,167.69531,73.125,2.1972656,0.8667389
6.2402344,189.66797,167.69531,73.125,2.1972656,0.8667389
6.2402344,189.66797,167.69531,73.125,2.1972656,0.8667389
6.2402344,189.66797,167.69531,73.125,2.1972656,0.8667389
6.2402344,189.66797,167.69531,73.125,2.1972656,0.8667389
6.2402344,189.66797,167.69531,73.125,2.1972656,0.8667389
6.2402344,189.66797,167.69531,73.125,2.1972656,0.8667389
6.2402344,189.66797,167.69531,73.125,2.1972656,0.8667389
6.2402344,189.66797,167.69531,73.125,2.1972656,0.8667389
6.2402344,189.66797,167.69531,73.125,2.1972656,0.8667389
6.2402344,189.66797,167.69531,73.125,2.1972656,0.8667389
6.2402344,189.66797,167.69531,73.125,2.1972656,0.8667389
6.2402344,189.66797,167.69531,73.125,2.1972656,0.8667389
6.2402344,189.66797,167.69531,73.125,2.1972656,0.8667389
6.2402344,189.66797,167.69531,73.125,2.1972656,0.8667389
6.2402344,189.66797,167.69531,73.125,2.1972656,0.8667389
6.2402344,189.66797,167.69531,73.125,2.1972656,0.8667389
6.2402344,189.66797,167.69531,73.125,2.1972656,0.8667389
6.2402344,189.66797,167.69531,73.125,2.1972656,0.8667389
6.2402344,189.66797,167.69531,73.125,2.1972656,0.8667389
6.2402344,189.66797,167.69531,73.125,2.1972656,0.8667389
5.9765625,189.66797,167.69531,73.03711,2.1972656,0.8667389
5.185547,189.66797,167.69531,72.94922,2.63671875,0.8667389
4.5703125,189.66797,167.69531,72.94922,3.0761719,0.8667389
4.04296875,189.66797,167.69531,73.125,3.33984375,0.8667389
3.8671875,189.66797,167.69531,73.21289,3.515625,0.8667389
3.9550781,189.66797,167.69531,73.21289,3.6035156,0.8667389
3.9550781,189.66797,167.69531,73.21289,3.69140625,0.8667389
3.9550781,189.66797,167.69531,73.21289,3.7792969,0.8667389
3.9550781,189.66797,167.69531,73.21289,3.7792969,0.8667389
3.69140625,189.66797,167.69531,73.21289,3.7792969,0.8667389
3.515625,189.66797,167.69531,73.21289,3.7792969,0.8667389
3.33984375,189.66797,167.69531,73.21289,3.7792969,0.8667389
3.33984375,189.66797,167.69531,73.21289,3.7792969,0.8667389
3.33984375,189.66797,167.69531,73.21289,3.7792969,0.8667389
3.33984375,189.66797,167.69531,73.21289,3.7792969,0.8667389
3.33984375,189.66797,167.69531,73.21289,3.7792969,0.8667389
3.4277344,189.66797,167.69531,73.21289,3.7792969,0.8667389
3.4277344,189.66797,167.69531,73.21289,3.7792969,0.8667389
3.4277344,189.66797,167.69531,73.21289,3.7792969,0.8667389
3.4277344,189.66797,167.69531,73.21289,3.7792969,0.8667389
3.4277344,189.66797,167.69531,73.03711,3.7792969,0.8667389
3.515625,189.66797,167.69531,73.125,3.69140625,0.8667389
3.515625,189.66797,167.69531,73.125,3.4277344,0.8667389
3.6035156,189.66797,167.69531,73.125,3.33984375,0.8667389
3.69140625,189.66797,167.69531,73.125,3.1640625,0.8667389
3.69140625,189.66797,167.69531,73.125,3.1640625,0.8667389
3.69140625,189.66797,167.69531,73.125,3.1640625,0.8667389
3.69140625,189.66797,167.69531,73.125,3.1640625,0.8667389
3.69140625,189.66797,167.69531,73.125,3.1640625,0.8667389
3.69140625,189.66797,167.69531,73.38867,3.1640625,0.8667389
3.69140625,189.66797,167.69531,73.38867,3.1640625,0.8667389
3.69140625,189.66797,167.69531,73.38867,3.1640625,0.8667389
3.69140625,189.66797,167.69531,73.38867,3.1640625,0.8667389
3.69140625,189.66797,167.69531,73.38867,3.1640625,0.8667389
3.69140625,189.66797,167.69531,73.38867,3.1640625,0.8667389
3.69140625,189.66797,167.69531,73.38867,3.1640625,0.8667389
3.69140625,189.66797,167.69531,73.38867,3.1640625,0.8667389
3.69140625,189.66797,167.69531,73.38867,3.1640625,0.8667389
3.69140625,189.66797,167.69531,73.38867,3.1640625,0.8667389
3.69140625,189.66797,167.69531,73.38867,3.1640625,0.8667389
3.69140625,189.66797,167.69531,73.38867,3.33984375,0.8667389
3.515625,189.66797,167.69531,73.38867,3.515625,0.8667389
3.33984375,189.66797,167.69531,73.38867,3.8671875,0.8667389
3.1640625,189.66797,167.69531,73.38867,4.21875,0.8667389
2.7246094,189.66797,167.69531,73.38867,4.482422,0.8667389
2.4609375,189.66797,167.69531,73.38867,4.8339844,0.8667389
2.28515625,189.66797,167.69531,73.38867,5.185547,0.8667389
2.28515625,189.66797,167.69531,73.125,5.44921875,0.8667389
2.1972656,189.66797,167.69531,73.125,5.888672,0.8667389
2.1972656,189.66797,167.69531,73.125,6.2402344,0.8667389
2.1972656,189.66797,167.69531,73.125,6.50390625,0.8667389
2.1972656,189.66797,167.69531,73.03711,6.85546875,0.8667389
2.1972656,189.66797,167.69531,72.86133,7.294922,0.8667389
1.93359375,189.66797,167.69531,72.59766,7.55859375,0.8667389
1.93359375,189.66797,167.69531,72.59766,7.91015625,0.8667389
2.0214844,189.66797,167.69531,72.421875,8.525391,0.8667389
2.1972656,189.66797,167.69531,72.24609,9.052734,0.8667389
3.0761719,189.49219,167.25586,72.1582,9.316406,0.8667389
3.8671875,188.78906,166.72852,72.1582,9.4921875,0.8667389
4.5703125,187.734375,165.49805,71.89453,10.107422,0.8667389
5.185547,186.76758,164.0918,71.2793,10.1953125,0.8667389
5.5371094,185.44922,162.421875,70.83984,10.107422,0.8667389
5.5371094,184.30664,161.45508,70.83984,10.107422,0.8667389
5.5371094,183.07617,160.04883,71.2793,10.107422,0.8667389
5.7128906,181.14258,158.29102,71.36719,10.1953125,0.8667389
6.2402344,178.85742,156.09375,71.71875,10.371094,0.8667389
6.9433594,176.04492,152.92969,72.68555,11.425781,0.8667389
7.294922,172.79297,149.50195,74.00391,12.919922,0.8667389
8.0859375,169.36523,145.72266,75.58594,13.974609,0.8667389
8.349609,165.76172,141.67969,77.08008,15.1171875,0.8667389
8.261719,162.59766,137.109375,79.10156,16.259766,0.8667389
8.0859375,158.73047,132.36328,81.21094,17.314453,0.8667389
8.0859375,155.74219,127.00195,83.93555,18.36914,0.8667389
8.0859375,152.66602,121.81641,86.66016,19.3359375,0.8667389
8.0859375,149.58984,117.24609,88.68164,19.863281,0.8667389
7.470703,146.68945,112.5,90.87891,20.214844,0.8667389
6.85546875,143.87695,107.666016,93.16406,20.654297,0.8667389
6.4160156,140.88867,102.91992,95.18555,21.357422,0.8667389
5.888672,137.8125,98.78906,97.29492,21.972656,0.8667389
5.2734375,134.64844,94.833984,99.228516,22.5,0.8667389
4.8339844,131.74805,91.31836,100.81055,23.203125,0.8667389
4.39453125,128.93555,87.802734,102.12891,23.99414,0.8667389
3.9550781,126.65039,84.81445,102.65625,24.697266,0.8667389
3.4277344,124.27734,82.00195,103.53516,25.136719,0.8667389
2.7246094,121.99219,79.453125,104.23828,25.40039,0.9750812
2.109375,119.88281,77.25586,104.58984,25.576172,1.0834236
1.6699219,118.03711,75.41016,104.94141,25.6640625,3.1419284
1.23046875,116.19141,73.740234,105.0293,25.751953,4.3336945
0.87890625,114.3457,72.333984,105.20508,25.839844,7.692308
0.6152344,112.67578,71.103516,105.20508,25.839844,10.292524
0.439453125,111.09375,70.3125,105.20508,25.839844,13.32611
0.263671875,109.6875,69.521484,105.20508,25.839844,15.601299
0.263671875,108.45703,68.64258,105.20508,25.6640625,18.634886
0.3515625,107.31445,67.67578,105.20508,25.40039,22.426868
0.439453125,106.171875,66.5332,105.20508,25.3125,27.193933
0.439453125,105.20508,65.56641,105.20508,25.136719,32.827736
0.439453125,104.677734,64.86328,105.20508,25.136719,38.136513
0.3515625,104.41406,64.16016,105.0293,25.136719,42.470203
0.17578125,103.97461,63.720703,105.0293,25.136719,45.937164
0.17578125,103.62305,63.36914,105.0293,25.136719,48.862408
0.17578125,103.271484,63.28125,105.0293,25.136719,51.02925
0.17578125,102.83203,63.19336,105.0293,25.136719,52.32936
0.263671875,102.48047,63.19336,104.94141,25.136719,53.412785
0.263671875,102.2168,63.28125,104.677734,25.136719,54.387867
0.17578125,102.12891,63.808594,103.88672,25.136719,54.821236
0.17578125,102.39258,65.21484,102.48047,25.136719,55.2546
0.17578125,102.74414,67.32422,100.634766,25.136719,55.687977
0.17578125,103.00781,70.13672,97.99805,24.9609375,55.904655
0.263671875,103.0957,73.21289,95.36133,24.697266,55.796318
0.263671875,103.271484,76.37695,92.72461,24.2578125,55.687977
0.263671875,103.447266,79.89258,89.82422,23.642578,55.57963
0.263671875,103.53516,83.23242,86.92383,23.203125,55.796318
0.263671875,103.53516,86.572266,84.19922,22.763672,55.904655
0.263671875,103.53516,89.56055,81.47461,22.41211,56.55471
0.263671875,103.18359,91.93359,79.365234,22.324219,57.31311
0.3515625,102.39258,93.16406,77.7832,22.1484375,58.071507
0.6152344,101.33789,93.7793,76.37695,22.1484375,59.154926
0.9667969,100.01953,93.95508,75.41016,22.1484375,59.80498
1.23046875,98.34961,93.95508,74.44336,22.1484375,60.34669
1.58203125,96.67969,94.04297,73.21289,22.1484375,60.996746
2.0214844,95.09766,94.04297,72.1582,22.060547,61.321777
2.4609375,93.69141,94.04297,71.103516,21.708984,61.538464
2.98828125,92.109375,94.04297,69.78516,21.269531,61.6468
3.2519531,90.52734,94.04297,68.4668,21.18164,61.6468
3.4277344,89.12109,94.04297,67.67578,21.09375,61.6468
3.69140625,87.978516,93.95508,67.5,21.18164,61.6468
4.04296875,87.1875,93.69141,67.41211,21.18164,61.538464
4.3066406,86.92383,93.427734,67.06055,21.18164,61.321777
4.482422,86.572266,93.33984,66.62109,21.18164,61.213432
4.5703125,86.2207,93.07617,66.26953,21.00586,61.213432
4.658203,86.13281,92.90039,66.09375,20.654297,61.213432
4.658203,86.04492,92.90039,66.09375,20.302734,60.996746
4.658203,86.04492,92.90039,66.09375,19.863281,60.34669
4.658203,86.04492,92.8125,66.09375,19.863281,59.26327
4.658203,86.04492,92.8125,66.09375,20.126953,57.529797
4.658203,86.04492,92.8125,66.09375,20.214844,55.47129
4.658203,86.04492,92.8125,66.00586,20.214844,52.654385
4.658203,86.13281,92.98828,65.6543,20.126953,50.704224
4.482422,86.13281,93.07617,65.302734,20.126953,47.77898
4.482422,86.13281,92.98828,64.6875,20.0390625,44.203682
4.482422,86.13281,92.8125,64.6875,19.863281,40.195015
4.39453125,86.13281,92.54883,64.42383,19.951172,35.42795
4.3066406,86.13281,92.46094,63.808594,20.302734,29.90249
4.3066406,86.04492,92.109375,63.720703,20.566406,24.593718
4.21875,85.86914,91.75781,63.720703,20.654297,19.284939
4.3066406,85.69336,91.40625,63.720703,20.654297,15.709643
4.482422,85.60547,91.05469,63.720703,20.654297,14.951245
4.482422,85.51758,90.791016,63.984375,20.654297,14.842903
4.74609375,85.51758,90.615234,64.33594,21.18164,14.842903
4.921875,85.51758,90.615234,64.51172,21.4453125,14.842903
5.0097656,85.51758,90.52734,64.86328,21.533203,14.842903
5.185547,85.51758,90.43945,65.21484,21.621094,14.842903
5.185547,85.51758,90.17578,65.478516,21.621094,14.842903
5.185547,85.42969,89.73633,66.35742,21.621094,14.842903
5.361328,85.3418,89.208984,67.58789,21.621094,14.842903
5.361328,85.3418,88.68164,68.99414,21.533203,14.842903
5.5371094,85.3418,88.06641,70.48828,21.269531,14.734562
5.625,85.60547,87.890625,71.80664,21.09375,14.626219
5.888672,86.484375,87.802734,72.94922,20.566406,14.626219
6.2402344,87.802734,87.71484,74.17969,20.214844,14.626219
6.9433594,89.64844,87.71484,75.41016,19.77539,14.626219
7.6464844,91.8457,87.53906,76.99219,19.3359375,14.626219
8.525391,94.13086,86.572266,79.01367,18.808594,14.626219
9.667969,95.97656,84.55078,81.82617,18.36914,14.626219
11.074219,97.4707,81.82617,85.166016,17.841797,14.626219
12.3046875,98.4375,78.57422,88.68164,17.490234,14.626219
13.798828,99.4043,75.05859,91.75781,16.875,14.626219
15.380859,100.458984,71.36719,94.30664,15.732422,14.626219
17.138672,101.51367,67.67578,96.240234,14.853516,14.626219
18.984375,102.30469,63.6328125,98.17383,13.886719,14.626219
20.917969,102.91992,59.677734,100.01953,13.0078125,14.517877
22.8515625,103.00781,55.283203,101.953125,11.689453,14.517877
25.136719,103.0957,51.152344,103.18359,10.722656,14.517877
27.597656,103.359375,47.021484,103.53516,9.580078,14.517877
29.794922,103.79883,44.033203,104.0625,8.613281,14.517877
32.08008,104.32617,41.1328125,104.41406,7.998047,14.517877
34.89258,105.20508,38.935547,104.765625,7.1191406,14.517877
37.265625,106.083984,37.089844,104.94141,6.4160156,14.517877
39.814453,107.13867,36.2109375,105.0293,5.9765625,14.517877
42.1875,108.45703,35.947266,105.0293,5.625,14.517877
44.472656,109.77539,35.859375,104.765625,5.361328,14.517877
46.58203,111.00586,35.859375,104.58984,5.2734375,14.517877
48.779297,112.32422,35.859375,103.62305,5.7128906,14.517877
51.328125,113.90625,36.29883,101.865234,6.50390625,14.517877
53.964844,115.48828,37.353516,99.58008,7.6464844,14.517877
56.777344,117.24609,38.847656,97.29492,8.964844,14.517877
59.677734,118.56445,40.078125,94.921875,10.371094,14.517877
62.13867,119.26758,40.341797,93.25195,11.689453,14.517877
64.6875,119.44336,40.341797,91.75781,13.0078125,14.517877
66.796875,119.44336,40.341797,90.615234,14.589844,14.517877
68.55469,119.26758,39.990234,89.82422,16.611328,14.517877
69.87305,118.38867,38.935547,89.296875,18.544922,14.517877
70.66406,117.421875,37.6171875,89.0332,20.654297,14.517877
71.19141,116.45508,36.47461,88.76953,22.58789,14.517877
71.45508,115.48828,35.33203,88.41797,24.2578125,14.517877
71.63086,114.609375,34.277344,87.802734,25.576172,14.517877
71.54297,113.99414,33.66211,87.01172,26.894531,14.517877
71.54297,113.291016,33.222656,86.2207,27.949219,14.517877
71.36719,112.76367,32.958984,85.3418,29.003906,14.517877
71.19141,112.14844,32.51953,84.46289,29.61914,14.517877
71.015625,111.26953,31.9921875,83.583984,30.058594,14.517877
70.66406,110.74219,31.464844,82.61719,30.322266,14.517877
70.40039,110.390625,31.2890625,81.65039,30.498047,14.517877
69.96094,110.21484,31.2890625,80.859375,30.5859375,14.517877
69.43359,110.21484,31.2890625,80.24414,30.673828,14.517877
68.73047,109.95117,31.113281,79.541016,30.673828,14.517877
68.115234,109.6875,30.84961,79.10156,30.410156,14.517877
67.58789,109.42383,30.673828,78.92578,30.234375,14.517877
66.97266,109.33594,30.673828,78.75,29.970703,14.517877
66.62109,109.24805,30.673828,78.57422,29.53125,14.409534
66.26953,109.24805,30.673828,78.57422,29.355469,14.409534
65.83008,109.24805,30.673828,78.57422,29.267578,14.409534
65.56641,109.24805,30.673828,78.57422,29.003906,14.409534
65.21484,109.16016,30.673828,78.57422,28.564453,14.409534
65.03906,109.16016,30.673828,78.57422,28.388672,14.409534
65.03906,108.896484,30.673828,78.57422,28.21289,14.517877
64.86328,108.63281,30.673828,78.57422,28.03711,16.143013
64.59961,108.45703,30.761719,78.48633,27.597656,20.15168
64.51172,108.36914,30.761719,78.046875,27.333984,25.568798
64.33594,107.92969,30.761719,77.7832,27.246094,31.63597
63.896484,107.578125,30.761719,77.60742,26.894531,37.919827
63.808594,107.40234,30.761719,77.51953,26.455078,44.203682
63.6328125,107.31445,30.761719,77.34375,26.279297,49.512463
63.6328125,107.31445,30.761719,77.34375,26.191406,54.062836
63.720703,107.31445,30.761719,77.34375,26.103516,58.504875
63.720703,107.31445,30.761719,77.34375,26.103516,62.405197
63.808594,107.490234,31.113281,77.34375,26.103516,66.088844
63.808594,107.490234,31.376953,77.34375,26.015625,69.230774
63.808594,107.40234,31.376953,77.34375,25.6640625,71.50596
63.808594,107.31445,31.464844,77.34375,25.40039,73.78115
63.808594,107.31445,31.464844,77.34375,25.22461,75.62297
63.720703,107.31445,31.464844,77.34375,25.136719,77.356445
63.6328125,107.40234,31.464844,77.34375,25.22461,78.656555
63.6328125,107.490234,31.816406,77.34375,25.136719,79.739975
63.6328125,107.40234,32.25586,77.34375,25.136719,80.71506
63.45703,107.31445,32.43164,77.34375,25.3125,81.256775
63.36914,107.31445,32.51953,77.34375,25.136719,81.256775
63.19336,107.31445,32.51953,77.34375,24.9609375,81.47346
63.10547,107.490234,32.51953,77.34375,24.9609375,81.5818
63.01758,107.666016,32.871094,77.34375,24.9609375,81.5818
63.01758,107.666016,33.134766,77.25586,24.9609375,81.5818
62.753906,107.40234,33.310547,77.16797,24.9609375,81.5818
62.578125,107.31445,33.3984375,77.16797,24.9609375,81.36511
62.402344,107.31445,33.48633,76.99219,24.873047,81.14843
62.05078,107.490234,33.48633,76.99219,24.521484,81.14843
61.78711,107.75391,33.92578,76.99219,24.345703,80.8234
61.61133,107.8418,34.189453,76.99219,24.2578125,80.498375
61.5234375,107.8418,34.189453,76.99219,24.169922,79.956665
61.5234375,107.75391,34.277344,76.99219,24.082031,78.33153
61.5234375,107.75391,34.277344,76.640625,24.082031,75.94799
61.61133,107.8418,34.277344,76.37695,24.082031,72.26436
61.69922,108.10547,34.277344,76.20117,24.082031,67.28061
61.69922,108.19336,34.277344,76.11328,24.082031,61.538464
61.69922,108.28125,34.277344,76.11328,24.082031,55.03792
61.5234375,108.36914,34.277344,76.11328,24.082031,47.453957
61.347656,108.36914,34.277344,76.11328,24.082031,39.219933
61.259766,108.36914,34.277344,76.11328,24.082031,30.335861
61.171875,108.36914,34.277344,76.11328,24.082031,21.12676
61.083984,108.36914,34.277344,76.11328,24.082031,13.217768
61.083984,108.36914,34.716797,76.11328,24.082031,8.125677
61.171875,108.63281,35.15625,76.11328,23.90625,5.2004333
61.083984,108.984375,35.947266,76.11328,23.5546875,3.9003248
60.73242,109.59961,37.177734,76.11328,23.291016,3.1419284
60.38086,110.302734,38.496094,76.02539,23.203125,2.1668472
59.941406,111.00586,39.55078,75.49805,23.115234,1.5167931
59.32617,111.796875,40.95703,75.05859,22.8515625,1.191766
58.623047,112.5,42.27539,74.61914,22.5,0.9750812
57.56836,113.291016,43.50586,74.35547,22.060547,0.8667389
56.6015625,113.99414,44.560547,74.26758,21.621094,0.8667389
55.371094,114.3457,45.17578,74.17969,21.357422,0.8667389
53.964844,114.78516,45.791016,74.0918,21.00586,0.8667389
52.558594,115.40039,46.23047,74.0918,20.566406,0.8667389
50.88867,115.75195,46.49414,74.0918,20.390625,0.8667389
48.691406,116.36719,47.021484,74.26758,19.951172,0.8667389
46.58203,116.89453,47.373047,74.26758,19.59961,0.8667389
44.296875,117.59766,47.98828,74.26758,19.248047,0.8667389
41.484375,118.125,48.8671875,74.26758,18.544922,0.8667389
38.671875,118.740234,49.833984,74.26758,17.9296875,0.8667389
35.947266,119.26758,50.88867,74.26758,17.578125,0.8667389
32.958984,119.70703,51.76758,74.26758,17.138672,0.8667389
29.970703,119.9707,52.29492,74.26758,16.699219,0.8667389
27.158203,120.146484,52.910156,74.26758,16.259766,0.8667389
24.433594,120.41016,53.26172,74.35547,15.732422,0.8667389
21.972656,120.84961,54.052734,74.53125,15.46875,0.8667389
19.423828,121.11328,55.01953,74.61914,15.292969,0.8667389
17.138672,121.46484,55.98633,74.61914,15.205078,0.8667389
14.765625,121.728516,56.953125,74.61914,15.205078,0.8667389
12.832031,121.99219,57.48047,74.61914,15.205078,0.8667389
11.6015625,122.43164,58.271484,74.61914,15.205078,0.8667389
10.8984375,122.958984,58.97461,74.61914,15.205078,0.8667389
10.722656,123.75,59.941406,74.61914,15.205078,0.8667389
10.722656,124.80469,60.908203,74.61914,15.205078,0.8667389
10.986328,125.859375,61.96289,74.61914,15.205078,0.8667389
11.6015625,127.08984,62.9296875,74.61914,15.205078,0.8667389
11.689453,128.93555,64.16016,74.61914,15.205078,0.8667389
12.041016,131.04492,65.83008,74.61914,15.029297,0.8667389
12.3046875,133.41797,67.58789,74.61914,14.677734,0.8667389
12.392578,136.05469,69.43359,74.61914,14.4140625,0.8667389
12.568359,139.13086,71.45508,74.53125,14.326172,0.8667389
12.65625,142.38281,73.828125,74.17969,14.150391,0.8667389
12.744141,145.98633,76.46484,74.0918,14.150391,0.8667389
12.832031,149.67773,79.18945,74.0918,14.150391,0.8667389
13.271484,153.63281,81.91406,74.0918,14.150391,0.8667389
13.623047,157.58789,84.55078,74.0918,14.238281,0.8667389
14.150391,161.71875,87.1875,74.0918,14.589844,0.8667389
14.677734,165.84961,89.82422,74.0918,14.941406,0.8667389
14.853516,169.98047,92.197266,74.0918,15.380859,0.8667389
14.941406,174.28711,94.21875,74.17969,15.556641,0.8667389
15.556641,177.97852,95.71289,74.61914,15.732422,0.8667389
15.996094,182.19727,96.76758,75.146484,15.732422,0.8667389
16.699219,185.44922,96.85547,75.9375,15.732422,0.8667389
17.138672,187.99805,98.08594,77.87109,15.996094,0.8667389
17.402344,189.05273,98.4375,79.7168,16.347656,0.8667389
17.578125,189.4043,98.17383,81.65039,16.611328,0.8667389
17.666016,189.58008,98.34961,82.79297,16.611328,0.8667389
17.666016,189.66797,98.26172,82.96875,16.78711,0.8667389
18.017578,189.75586,98.96484,82.265625,16.78711,0.8667389
18.19336,189.75586,100.546875,80.771484,16.259766,0.8667389
18.457031,189.75586,102.74414,78.83789,16.347656,0.8667389
18.457031,189.75586,105.20508,76.552734,16.611328,0.8667389
18.457031,189.75586,108.28125,73.56445,16.5234375,0.8667389
18.457031,189.75586,111.884766,70.3125,16.083984,0.8667389
17.753906,189.75586,115.66406,67.32422,15.556641,0.8667389
16.96289,189.75586,119.79492,64.77539,14.677734,0.8667389
16.083984,189.75586,124.01367,62.490234,13.886719,0.8667389
15.205078,189.75586,128.4082,60.73242,13.095703,0.8667389
14.589844,189.75586,132.53906,59.4140625,12.041016,0.8667389
13.798828,189.75586,136.75781,58.359375,11.25,0.8667389
13.095703,189.75586,140.71289,57.48047,10.810547,0.8667389
12.480469,189.75586,144.4043,57.216797,10.458984,0.8667389
12.128906,189.75586,147.74414,57.216797,10.458984,0.8667389
11.865234,189.75586,151.08398,57.56836,10.722656,0.8667389
11.337891,189.75586,154.16016,58.183594,10.722656,0.8667389
10.8984375,189.75586,156.6211,59.32617,10.722656,0.8667389
10.546875,188.96484,158.29102,60.1171875,10.722656,0.8667389
10.107422,189.05273,160.13672,60.8203125,10.722656,0.8667389
9.755859,189.22852,161.54297,61.61133,10.634766,0.8667389
9.667969,189.3164,162.68555,62.578125,10.283203,0.8667389
9.84375,189.49219,163.47656,63.808594,9.404297,0.8667389
9.755859,189.66797,163.828125,64.77539,8.876953,0.8667389
10.019531,190.3711,164.70703,65.56641,8.349609,0.8667389
10.371094,190.3711,165.84961,66.35742,7.6464844,0.8667389
10.546875,190.45898,166.640625,67.23633,6.9433594,0.8667389
10.634766,190.45898,167.16797,68.203125,6.064453,0.8667389
10.8984375,190.546875,167.43164,68.99414,5.5371094,0.8667389
10.722656,190.546875,167.60742,69.697266,4.921875,0.8667389
10.458984,190.546875,167.60742,70.22461,4.658203,0.8667389
10.107422,190.63477,167.69531,70.48828,4.3066406,0.8667389
9.931641,190.63477,167.69531,70.66406,3.7792969,0.8667389
9.931641,190.63477,167.69531,70.66406,2.9003906,0.8667389
9.931641,190.63477,167.69531,70.66406,2.1972656,0.8667389
9.931641,190.63477,167.69531,70.66406,1.7578125,0.8667389
10.107422,190.63477,167.69531,70.66406,1.4941406,0.8667389
10.107422,190.63477,167.69531,70.83984,1.3183594,0.8667389
10.107422,190.63477,167.69531,70.83984,1.23046875,0.8667389
10.019531,190.63477,167.69531,70.83984,1.23046875,0.8667389
10.019531,190.63477,167.69531,70.83984,1.23046875,0.8667389
10.283203,190.63477,167.69531,70.83984,1.23046875,0.8667389
10.458984,190.63477,167.69531,70.83984,1.23046875,0.8667389
10.722656,190.63477,167.69531,70.83984,1.23046875,0.8667389
10.810547,190.63477,167.69531,70.83984,1.23046875,0.8667389
10.810547,190.63477,167.69531,70.83984,1.23046875,0.8667389
10.722656,190.63477,167.69531,70.83984,1.23046875,0.8667389
10.722656,190.63477,167.69531,70.83984,1.23046875,0.8667389
10.722656,190.63477,167.69531,70.83984,1.23046875,0.8667389
10.722656,190.63477,167.69531,70.83984,1.23046875,0.8667389
10.722656,190.63477,167.69531,70.83984,1.23046875,0.8667389
10.722656,190.63477,167.69531,70.83984,1.23046875,0.8667389
10.722656,190.63477,167.69531,70.83984,1.23046875,0.8667389
10.722656,190.63477,167.69531,70.83984,1.23046875,0.8667389
10.722656,190.63477,167.69531,70.83984,1.23046875,0.8667389
10.722656,190.63477,167.69531,70.83984,1.23046875,0.8667389
10.722656,190.63477,167.69531,70.83984,1.23046875,0.8667389
10.722656,190.63477,167.69531,70.83984,1.23046875,0.8667389
10.722656,190.63477,167.69531,70.83984,1.23046875,0.8667389
10.722656,190.63477,167.69531,70.83984,1.23046875,0.8667389
10.722656,190.63477,167.69531,70.83984,1.23046875,0.8667389
10.722656,190.63477,167.69531,70.83984,1.23046875,0.8667389
10.722656,190.63477,167.69531,70.83984,1.23046875,0.8667389
10.722656,190.63477,167.69531,70.83984,1.23046875,0.8667389
10.722656,190.63477,167.69531,70.83984,1.23046875,0.8667389
10.722656,190.63477,167.69531,70.83984,1.23046875,0.8667389
10.722656,190.63477,167.69531,70.83984,1.23046875,0.8667389
10.722656,190.19531,167.69531,73.828125,0.703125,0.75839657
10.722656,190.19531,167.69531,73.740234,1.0546875,0.75839657
7.734375,190.19531,167.69531,73.38867,2.28515625,0.75839657
4.3066406,190.19531,167.69531,73.30078,2.0214844,0.75839657
1.6699219,190.01953,167.69531,73.30078,2.109375,0.75839657
0.7910156,190.19531,167.69531,73.30078,2.4609375,0.75839657
1.0546875,190.19531,167.69531,73.30078,3.0761719,0.75839657
0.6152344,190.19531,167.69531,73.30078,3.0761719,0.75839657
0.263671875,190.19531,167.69531,73.30078,2.9003906,0.75839657
-0.087890625,190.19531,167.69531,73.30078,2.7246094,0.75839657
-0.52734375,190.19531,167.69531,73.30078,2.63671875,0.75839657
-0.52734375,190.19531,167.69531,73.30078,2.63671875,0.75839657
-0.52734375,190.19531,167.69531,73.30078,2.63671875,0.75839657
-0.439453125,190.19531,167.69531,73.30078,2.8125,0.75839657
-0.3515625,190.19531,167.69531,73.30078,2.9003906,0.75839657
-0.263671875,190.19531,167.69531,73.30078,2.98828125,0.75839657
-0.263671875,190.19531,167.69531,73.30078,2.98828125,0.75839657
-0.263671875,190.19531,167.69531,73.30078,3.1640625,0.75839657
-0.263671875,190.19531,167.69531,73.30078,3.4277344,0.75839657
-0.3515625,190.19531,167.69531,73.30078,3.6035156,0.75839657
-0.52734375,190.19531,167.69531,73.30078,3.69140625,0.75839657
-0.6152344,190.19531,167.69531,73.30078,3.7792969,0.75839657
-0.6152344,190.19531,167.69531,73.30078,3.7792969,0.75839657
-0.7910156,190.19531,167.69531,73.30078,3.7792969,0.75839657
-0.7910156,190.19531,167.69531,73.30078,3.7792969,0.75839657
-0.7910156,190.19531,167.69531,73.30078,3.7792969,0.75839657
-0.7910156,190.19531,167.69531,73.30078,3.7792969,0.75839657
-0.7910156,190.19531,167.69531,73.30078,3.7792969,0.75839657
-0.7910156,190.19531,167.69531,73.30078,3.7792969,0.75839657
-0.7910156,190.19531,167.69531,73.30078,3.9550781,0.75839657
-0.7910156,190.19531,167.69531,73.30078,4.3066406,0.75839657
-0.7910156,190.19531,167.69531,73.30078,4.482422,0.75839657
-0.7910156,190.19531,167.69531,73.30078,4.5703125,0.75839657
-0.7910156,190.19531,167.69531,73.30078,4.658203,0.75839657
-0.7910156,190.19531,167.69531,73.30078,4.658203,0.75839657
-0.703125,190.19531,167.69531,73.30078,4.658203,0.75839657
-0.52734375,190.19531,167.69531,73.30078,4.921875,0.75839657
-0.3515625,190.19531,167.69531,73.30078,5.361328,0.75839657
-0.263671875,190.19531,167.69531,73.30078,5.5371094,0.75839657
-0.263671875,190.19531,167.69531,73.30078,5.5371094,0.75839657
-0.263671875,190.19531,167.69531,73.30078,5.44921875,0.75839657
-0.263671875,190.19531,167.69531,73.30078,5.625,0.75839657
-0.263671875,190.19531,167.69531,73.30078,5.7128906,0.75839657
-0.263671875,190.19531,167.69531,73.38867,5.888672,0.75839657
-0.263671875,190.19531,167.69531,73.56445,5.888672,0.75839657
-0.263671875,190.19531,167.69531,73.56445,6.064453,0.75839657
-0.263671875,190.19531,167.69531,73.47656,6.4160156,0.75839657
-0.263671875,190.19531,167.69531,73.03711,6.591797,0.75839657
-0.263671875,190.19531,167.69531,72.1582,6.6796875,0.75839657
-0.263671875,190.19531,167.69531,71.71875,6.767578,0.75839657
-0.3515625,190.19531,167.69531,71.71875,6.767578,0.75839657
-0.3515625,190.19531,167.69531,72.07031,6.767578,0.75839657
0.0,190.19531,167.69531,72.509766,6.767578,0.75839657
0.52734375,190.19531,167.69531,72.68555,6.767578,0.75839657
1.0546875,190.19531,167.69531,72.86133,6.6796875,0.75839657
1.58203125,190.19531,167.69531,72.94922,6.50390625,0.75839657
2.1972656,189.66797,167.25586,73.30078,6.328125,0.75839657
2.9003906,188.52539,166.72852,73.47656,6.15234375,0.75839657
3.515625,186.85547,164.61914,73.47656,5.9765625,0.75839657
3.9550781,184.39453,162.2461,73.47656,6.15234375,0.75839657
4.21875,181.49414,160.04883,74.0918,6.2402344,0.75839657
4.8339844,178.1543,156.70898,75.146484,6.15234375,0.75839657
5.2734375,174.99023,153.45703,76.11328,6.2402344,0.75839657
5.0097656,171.65039,149.50195,77.51953,6.2402344,0.75839657
4.658203,168.39844,145.63477,79.98047,6.2402344,0.75839657
4.21875,165.14648,141.328125,82.70508,5.7128906,0.75839657
3.6035156,161.89453,136.66992,85.166016,5.9765625,0.75839657
3.33984375,158.73047,131.57227,87.62695,6.328125,0.75839657
3.1640625,155.390625,126.38672,90.0,6.591797,0.75839657
3.1640625,152.8418,120.9375,92.28516,6.85546875,0.75839657
3.2519531,150.38086,116.103516,94.6582,7.470703,0.75839657
3.1640625,147.74414,111.35742,96.76758,8.173828,0.75839657
2.8125,145.10742,106.43555,99.84375,8.964844,0.75839657
2.28515625,142.20703,101.25,102.39258,9.931641,0.75839657
1.8457031,139.57031,96.67969,103.62305,10.634766,0.75839657
1.6699219,137.37305,92.98828,104.0625,11.074219,0.75839657
1.1425781,135.703125,90.26367,104.23828,11.337891,0.75839657
1.0546875,134.47266,88.06641,104.853516,11.513672,0.75839657
0.7910156,132.97852,86.04492,105.46875,11.865234,0.75839657
1.0546875,131.484375,84.46289,105.64453,12.480469,0.75839657
1.4941406,129.55078,82.70508,105.38086,13.095703,0.75839657
2.0214844,127.88086,81.12305,105.38086,13.535156,0.75839657
2.5488281,126.29883,79.365234,105.64453,14.326172,0.75839657
3.1640625,124.541016,77.43164,105.73242,14.941406,0.75839657
3.7792969,122.60742,75.322266,105.82031,15.292969,0.75839657
4.39453125,120.49805,72.94922,105.82031,15.732422,0.75839657
5.09765625,118.38867,70.40039,105.82031,16.171875,0.75839657
5.80078125,116.36719,67.76367,105.82031,16.611328,0.75839657
6.767578,114.43359,65.12695,105.82031,17.138672,0.75839657
7.55859375,112.58789,62.490234,105.82031,17.666016,0.75839657
8.261719,110.83008,60.029297,105.82031,18.105469,0.75839657
8.7890625,109.24805,57.65625,105.82031,18.457031,0.75839657
9.316406,107.8418,55.546875,105.82031,18.6328125,0.75839657
9.84375,106.52344,54.052734,105.82031,18.720703,0.8667389
10.1953125,105.46875,52.910156,105.82031,18.720703,0.9750812
10.546875,104.41406,51.94336,105.82031,18.720703,1.0834236
10.634766,103.71094,51.328125,105.82031,18.720703,2.8169014
10.546875,103.359375,51.064453,105.82031,18.720703,3.7919827
10.458984,103.271484,50.80078,105.82031,18.896484,5.417118
10.1953125,103.271484,50.625,105.82031,19.248047,6.7172265
9.84375,103.271484,50.44922,105.82031,19.3359375,8.017335
9.404297,103.271484,50.44922,105.82031,19.248047,10.184182
8.964844,103.271484,50.44922,105.82031,19.160156,14.301191
8.525391,103.271484,50.44922,105.82031,19.072266,20.260021
7.91015625,103.271484,50.44922,105.82031,19.072266,27.08559
7.55859375,103.271484,50.53711,105.82031,19.072266,34.019505
7.294922,103.359375,50.625,105.82031,19.160156,39.00325
7.1191406,103.359375,50.625,105.82031,19.248047,42.470203
7.03125,103.359375,51.064453,105.82031,19.072266,45.28711
7.1191406,103.359375,51.76758,105.82031,19.072266,47.562298
6.9433594,103.359375,52.734375,105.82031,19.160156,49.837486
6.6796875,103.359375,53.7890625,105.82031,19.423828,52.22102
6.591797,103.271484,54.75586,105.82031,19.59961,53.954494
6.4160156,103.271484,55.1953125,105.82031,19.77539,55.03792
6.064453,103.271484,55.371094,105.82031,19.59961,55.57963
5.9765625,103.271484,55.458984,105.82031,19.3359375,55.796318
5.9765625,103.359375,55.810547,105.82031,19.248047,55.687977
5.9765625,103.359375,56.33789,105.82031,19.248047,55.687977
6.064453,103.0957,56.51367,105.82031,19.248047,55.57963
6.15234375,102.91992,56.51367,105.82031,19.59961,55.47129
5.80078125,102.39258,56.51367,105.82031,19.6875,55.47129
5.5371094,101.865234,56.42578,105.73242,19.77539,55.687977
5.44921875,100.98633,56.6015625,105.73242,19.77539,55.796318
5.185547,100.01953,57.39258,105.46875,19.77539,56.013
5.0097656,99.49219,58.535156,104.58984,19.6875,56.013
5.0097656,99.4043,60.46875,102.56836,19.3359375,56.229687
5.2734375,99.58008,62.9296875,100.546875,19.248047,56.55471
5.625,99.93164,66.09375,98.17383,19.248047,56.663055
6.064453,100.19531,69.609375,95.625,19.248047,56.446373
6.4160156,100.2832,72.86133,93.16406,19.160156,56.663055
6.6796875,100.37109,75.84961,91.14258,18.808594,56.663055
6.767578,100.37109,78.22266,89.47266,18.544922,56.663055
6.767578,100.2832,80.41992,87.62695,18.28125,56.663055
7.1191406,100.2832,82.00195,86.04492,18.017578,56.663055
7.20703125,100.2832,83.4082,84.28711,18.017578,56.663055
7.3828125,99.75586,84.63867,82.353516,18.017578,56.663055
7.55859375,99.228516,86.484375,79.80469,18.017578,56.87974
7.734375,98.61328,88.06641,78.57422,18.017578,57.42145
7.734375,97.646484,88.85742,78.31055,18.36914,58.071507
7.734375,96.76758,89.12109,76.99219,18.457031,58.39653
7.734375,95.71289,89.384766,75.05859,18.6328125,58.504875
7.6464844,94.6582,89.384766,74.70703,18.984375,58.72156
7.6464844,93.7793,89.384766,74.70703,19.3359375,58.829903
7.6464844,92.8125,89.91211,74.44336,19.59961,59.26327
7.6464844,92.28516,90.43945,73.916016,19.6875,59.69664
7.6464844,91.49414,90.615234,73.21289,19.77539,60.238354
7.6464844,91.05469,90.615234,72.421875,19.77539,60.455036
7.470703,90.52734,90.615234,71.63086,19.951172,60.88841
7.3828125,89.73633,90.615234,71.19141,20.302734,61.321777
7.3828125,89.208984,90.615234,71.015625,20.478516,61.755146
7.3828125,88.68164,90.9668,70.83984,20.654297,62.296856
7.3828125,88.24219,91.31836,70.66406,20.654297,62.513542
7.3828125,87.71484,91.93359,70.13672,20.654297,62.621887
7.3828125,87.27539,92.197266,69.87305,20.830078,62.94691
7.3828125,87.09961,92.72461,69.16992,20.830078,63.488625
7.3828125,86.83594,93.515625,68.37891,20.7421875,63.488625
7.294922,86.74805,93.95508,68.02734,20.390625,63.705307
7.294922,86.572266,94.39453,67.58789,20.390625,64.24702
7.294922,86.572266,94.921875,67.23633,20.654297,64.788734
7.294922,86.396484,95.27344,66.796875,20.654297,65.43879
7.470703,86.04492,95.53711,66.26953,20.654297,65.9805
7.6464844,85.51758,95.71289,65.83008,20.654297,66.30553
7.8222656,85.42969,95.71289,65.390625,20.566406,66.52221
7.998047,85.60547,95.71289,65.12695,20.478516,66.413864
7.998047,85.69336,95.80078,64.95117,20.390625,66.19718
7.998047,85.69336,95.625,64.95117,20.302734,65.872154
7.91015625,85.69336,95.36133,64.95117,20.0390625,65.11376
7.734375,85.69336,95.27344,64.95117,19.863281,63.596962
7.470703,85.69336,95.27344,64.95117,19.77539,61.538464
7.294922,85.69336,95.009766,64.95117,19.77539,58.72156
7.294922,85.69336,94.74609,64.95117,19.77539,55.687977
7.294922,85.69336,94.57031,64.95117,19.77539,52.437706
7.294922,85.69336,94.57031,64.95117,19.77539,49.945827
7.294922,85.69336,94.57031,64.59961,19.77539,45.50379
7.294922,85.86914,94.57031,63.6328125,19.77539,40.086674
7.294922,86.2207,94.30664,63.808594,19.77539,33.802814
7.294922,86.30859,94.13086,62.841797,19.77539,27.952328
7.20703125,86.30859,94.39453,62.13867,19.77539,21.9935
6.767578,86.30859,94.21875,61.96289,20.0390625,17.98483
6.50390625,86.572266,94.39453,61.5234375,20.214844,15.709643
6.4160156,86.92383,94.48242,61.347656,20.214844,15.167931
6.4160156,87.45117,94.48242,61.171875,20.214844,15.059588
6.4160156,87.62695,94.48242,61.171875,20.214844,15.059588
6.4160156,87.71484,94.39453,61.171875,20.214844,15.059588
6.4160156,87.802734,94.13086,61.171875,20.214844,15.059588
6.4160156,87.802734,94.13086,61.347656,20.126953,15.059588
6.4160156,87.802734,94.13086,61.5234375,19.77539,15.059588
6.4160156,87.802734,94.13086,61.61133,19.511719,15.059588
6.50390625,87.802734,94.13086,61.78711,19.511719,15.059588
6.591797,87.802734,93.7793,62.490234,19.511719,15.059588
6.6796875,87.62695,92.72461,63.6328125,19.3359375,15.059588
6.6796875,87.53906,91.66992,65.21484,19.248047,15.059588
6.6796875,87.53906,90.703125,66.708984,19.3359375,15.059588
6.591797,87.53906,89.64844,68.64258,19.160156,15.059588
6.50390625,87.53906,88.41797,70.40039,18.36914,15.059588
6.50390625,87.62695,87.45117,71.2793,18.28125,15.059588
6.50390625,88.41797,86.83594,71.63086,18.19336,15.059588
6.50390625,89.47266,86.13281,73.125,18.19336,15.059588
6.50390625,90.791016,84.90234,75.05859,18.544922,15.059588
6.50390625,91.8457,83.32031,77.08008,18.6328125,15.059588
6.50390625,92.72461,81.03516,79.453125,18.19336,15.059588
6.591797,93.515625,78.57422,82.79297,18.28125,15.059588
6.85546875,94.21875,76.02539,85.078125,17.578125,15.059588
7.55859375,95.009766,73.30078,86.66016,17.314453,15.059588
8.4375,95.97656,70.48828,88.50586,16.875,15.059588
9.580078,96.67969,66.97266,90.703125,16.611328,15.059588
10.8984375,96.94336,63.01758,93.16406,16.347656,15.059588
12.3046875,96.94336,58.88672,95.53711,15.46875,15.059588
13.886719,96.5918,53.70117,98.26172,15.029297,15.059588
15.292969,95.97656,48.603516,100.634766,14.765625,15.059588
16.78711,95.625,43.33008,102.39258,13.7109375,15.059588
18.457031,95.625,37.96875,102.91992,13.0078125,15.059588
20.214844,95.80078,33.66211,102.91992,12.3046875,15.059588
22.324219,96.94336,30.5859375,102.65625,11.25,15.059588
24.433594,98.4375,28.388672,102.30469,10.634766,15.059588
26.982422,100.10742,27.158203,101.68945,10.019531,15.059588
30.058594,101.953125,26.71875,100.546875,9.316406,15.059588
33.046875,103.79883,26.71875,99.4043,8.876953,15.059588
36.29883,105.73242,26.71875,98.4375,8.613281,15.059588
39.7265625,107.40234,26.982422,97.20703,8.4375,15.059588
43.154297,108.984375,26.982422,96.15234,8.261719,15.059588
46.49414,110.478516,27.333984,95.27344,8.349609,15.059588
49.5703125,111.97266,27.949219,94.48242,8.613281,15.059588
51.94336,113.37891,28.740234,93.86719,9.052734,15.059588
53.964844,114.43359,29.267578,93.16406,9.931641,15.059588
55.634766,115.57617,29.8828125,92.109375,11.25,15.059588
56.6015625,116.71875,30.761719,91.14258,12.832031,15.059588
58.0078125,117.509766,31.113281,90.43945,14.4140625,15.059588
59.4140625,117.86133,31.201172,89.47266,16.171875,15.059588
60.73242,118.03711,31.201172,88.59375,18.017578,15.059588
62.13867,118.03711,31.201172,87.62695,19.863281,15.059588
63.45703,117.86133,31.201172,86.66016,21.357422,14.951245
64.33594,117.59766,31.201172,85.69336,22.763672,14.951245
64.86328,117.07031,31.201172,84.55078,23.99414,14.951245
65.390625,116.45508,31.201172,83.05664,25.136719,14.951245
66.18164,115.57617,31.201172,81.12305,26.191406,14.951245
66.62109,114.609375,31.113281,79.80469,27.0703125,14.951245
66.884766,113.291016,30.498047,78.57422,27.685547,14.951245
67.32422,111.62109,29.1796875,77.958984,28.03711,14.951245
67.41211,110.03906,27.861328,77.43164,28.300781,14.951245
67.32422,109.16016,27.0703125,76.9043,28.4765625,14.951245
66.97266,108.7207,26.80664,76.20117,28.4765625,14.951245
66.708984,108.45703,26.63086,75.58594,28.300781,14.951245
66.35742,108.36914,26.542969,75.05859,28.21289,14.951245
66.18164,108.36914,26.542969,74.26758,28.21289,14.951245
65.83008,108.28125,26.542969,73.65234,28.21289,14.951245
65.56641,108.01758,26.542969,73.21289,28.21289,14.951245
65.302734,107.666016,26.542969,72.86133,28.21289,14.951245
65.03906,107.40234,26.542969,72.77344,28.21289,14.951245
64.86328,106.78711,26.542969,72.68555,28.03711,14.951245
64.86328,106.43555,26.542969,72.68555,27.685547,14.951245
64.6875,106.171875,26.542969,72.68555,27.421875,14.951245
64.51172,106.083984,26.542969,72.68555,27.333984,14.951245
64.42383,106.083984,26.542969,72.68555,27.158203,15.276273
64.24805,106.083984,26.71875,72.68555,27.158203,17.659805
63.808594,106.083984,26.80664,72.68555,27.158203,21.343445
63.54492,106.083984,27.158203,72.68555,27.158203,25.24377
63.36914,106.083984,27.509766,72.509766,27.158203,29.035753
63.19336,105.73242,27.597656,72.509766,27.158203,34.777897
63.19336,105.46875,27.597656,72.509766,27.158203,40.84507
63.19336,105.29297,27.597656,72.509766,27.0703125,46.912243
63.28125,104.94141,27.597656,72.509766,26.63086,52.76273
63.28125,104.58984,27.597656,72.509766,26.279297,58.071507
63.28125,104.32617,27.597656,72.509766,26.191406,62.296856
63.28125,104.23828,27.597656,72.509766,26.103516,64.46371
63.28125,104.23828,27.597656,72.509766,26.103516,65.872154
63.28125,104.23828,27.597656,72.59766,26.103516,66.95558
63.28125,104.41406,27.597656,72.59766,26.103516,67.60563
63.28125,104.41406,27.597656,72.68555,26.103516,68.03901
63.19336,104.41406,27.597656,72.68555,26.103516,68.58072
63.19336,104.32617,27.597656,72.68555,26.103516,69.12243
63.19336,104.32617,27.597656,72.68555,26.103516,69.230774
63.28125,104.32617,27.597656,72.68555,26.015625,69.014084
63.28125,104.32617,27.597656,72.68555,25.6640625,69.014084
63.28125,104.41406,27.597656,72.68555,25.40039,69.014084
63.28125,104.41406,27.597656,72.68555,25.22461,68.79739
63.19336,104.32617,27.597656,72.68555,25.136719,68.255684
63.19336,104.32617,27.597656,72.68555,24.873047,67.713974
63.19336,104.32617,27.597656,72.68555,24.521484,67.06392
63.28125,104.32617,27.597656,72.68555,24.345703,65.76382
63.28125,104.32617,27.597656,72.68555,24.2578125,64.24702
63.28125,104.32617,27.597656,72.68555,24.169922,61.863487
63.28125,104.32617,27.597656,72.68555,24.082031,58.39653
63.10547,104.32617,27.597656,72.68555,24.082031,53.846157
62.841797,104.32617,27.597656,72.68555,24.082031,47.887325
62.578125,104.32617,27.597656,72.68555,24.082031,40.195015
62.314453,104.32617,27.597656,72.59766,24.082031,32.06934
61.96289,104.32617,27.597656,72.333984,24.082031,23.83532
61.69922,104.32617,27.597656,72.1582,23.99414,16.251354
61.69922,104.32617,27.597656,72.1582,23.5546875,10.07584
61.69922,104.32617,27.597656,72.1582,23.291016,6.283857
61.69922,104.32617,27.597656,72.1582,23.203125,4.1170096
61.61133,104.23828,27.597656,72.1582,23.203125,3.5752978
61.259766,104.23828,27.597656,72.1582,23.203125,2.6002166
60.8203125,104.23828,27.597656,72.24609,23.203125,1.7334778
60.46875,104.23828,27.597656,72.333984,23.203125,1.3001083
59.853516,104.23828,27.597656,72.333984,23.027344,0.9750812
59.23828,104.32617,27.949219,72.333984,22.41211,0.8667389
58.271484,104.41406,28.21289,72.333984,21.884766,0.8667389
57.041016,104.50195,28.916016,72.333984,21.357422,0.8667389
55.546875,104.94141,29.8828125,72.333984,20.654297,0.8667389
53.70117,105.55664,30.84961,72.333984,19.951172,0.8667389
51.328125,105.99609,31.816406,72.333984,19.160156,0.8667389
48.691406,106.78711,32.783203,72.333984,18.720703,0.8667389
45.878906,107.22656,33.66211,72.333984,18.28125,0.8667389
42.890625,107.578125,34.189453,72.509766,17.578125,0.8667389
39.46289,107.92969,34.453125,72.59766,16.78711,0.8667389
36.035156,108.54492,35.06836,72.86133,16.083984,0.8667389
32.43164,109.16016,35.947266,72.86133,15.644531,0.8667389
29.003906,110.03906,36.73828,72.86133,15.46875,0.8667389
25.22461,110.74219,37.177734,72.86133,15.292969,0.8667389
21.533203,111.18164,37.88086,72.86133,14.941406,0.8667389
18.19336,111.884766,38.3203125,72.86133,14.589844,0.8667389
15.205078,112.32422,38.408203,73.125,14.326172,0.8667389
12.65625,112.67578,38.496094,73.828125,13.974609,0.8667389
10.722656,113.02734,38.847656,74.44336,13.623047,0.8667389
9.316406,113.64258,39.28711,74.9707,13.359375,0.8667389
8.525391,114.08203,39.990234,75.58594,13.183594,0.8667389
7.91015625,114.697266,40.78125,75.76172,13.183594,0.8667389
7.8222656,115.40039,41.748047,75.76172,13.183594,0.8667389
7.91015625,116.36719,43.066406,75.76172,13.183594,0.8667389
7.998047,117.77344,44.6484375,75.67383,13.183594,0.8667389
8.0859375,119.44336,46.49414,75.67383,13.183594,0.8667389
8.0859375,121.46484,48.427734,75.58594,13.183594,0.8667389
7.91015625,123.75,50.625,75.234375,13.271484,0.8667389
7.91015625,126.12305,52.734375,75.146484,13.535156,0.8667389
7.91015625,128.671875,55.01953,75.146484,13.7109375,0.8667389
7.998047,131.57227,57.39258,75.146484,13.798828,0.8667389
7.998047,134.64844,59.941406,75.146484,13.798828,0.8667389
7.998047,137.98828,62.13867,75.146484,13.798828,0.8667389
7.998047,141.41602,64.42383,75.146484,14.0625,0.8667389
7.91015625,145.01953,66.35742,75.234375,14.326172,0.8667389
7.998047,148.53516,67.93945,75.322266,14.589844,0.8667389
8.7890625,152.22656,69.87305,75.322266,14.677734,0.8667389
9.84375,155.74219,71.80664,75.49805,14.765625,0.8667389
10.546875,159.4336,73.56445,75.76172,14.765625,0.8667389
11.25,163.74023,75.05859,76.02539,14.765625,0.8667389
12.041016,166.8164,76.640625,76.728516,14.765625,0.8667389
12.832031,170.15625,77.7832,77.51953,14.765625,0.8667389
13.535156,173.75977,77.87109,77.7832,14.765625,0.8667389
14.150391,176.57227,79.18945,77.69531,14.853516,0.8667389
14.853516,179.38477,80.5957,77.7832,15.292969,0.8667389
15.8203125,182.02148,81.73828,77.7832,15.732422,0.8667389
16.611328,184.57031,83.93555,77.958984,16.171875,0.8667389
17.402344,186.76758,85.166016,78.31055,16.611328,0.8667389
18.19336,188.4375,86.484375,78.75,17.138672,0.8667389
19.072266,189.3164,87.890625,78.83789,17.402344,0.8667389
19.3359375,189.49219,89.47266,78.75,17.578125,0.8667389
19.3359375,189.58008,90.615234,78.39844,17.666016,0.8667389
19.3359375,189.58008,91.93359,77.60742,17.666016,0.8667389
19.423828,189.58008,93.603516,76.552734,17.666016,0.8667389
19.423828,189.58008,95.44922,75.322266,17.666016,0.8667389
19.423828,189.58008,97.38281,73.828125,17.490234,0.8667389
19.423828,189.58008,99.4043,72.1582,17.314453,0.8667389
19.423828,189.58008,101.77734,70.66406,17.138672,0.8667389
19.3359375,189.58008,104.41406,69.16992,17.138672,0.8667389
19.248047,189.58008,106.96289,67.76367,17.138672,0.8667389
18.19336,189.58008,109.86328,66.44531,17.050781,0.8667389
16.259766,189.58008,112.76367,65.03906,16.5234375,0.8667389
14.0625,189.58008,115.83984,63.54492,15.644531,0.8667389
12.128906,189.58008,118.916016,62.490234,14.853516,0.8667389
11.689453,189.58008,122.08008,61.5234375,13.974609,0.8667389
11.953125,189.58008,124.89258,60.996094,13.095703,0.8667389
11.777344,189.58008,127.79297,60.64453,12.216797,0.8667389
11.162109,189.58008,130.60547,60.38086,11.337891,0.8667389
10.283203,189.58008,133.24219,60.29297,10.634766,0.8667389
9.755859,189.58008,135.61523,60.20508,10.019531,0.8667389
9.755859,189.58008,137.90039,60.20508,9.667969,0.8667389
9.755859,189.58008,139.7461,60.29297,9.404297,0.8667389
9.931641,189.58008,141.328125,60.46875,9.052734,0.8667389
10.1953125,189.58008,143.08594,60.64453,8.613281,0.8667389
10.1953125,189.58008,144.75586,61.171875,8.349609,0.8667389
10.1953125,189.58008,146.25,61.875,8.0859375,0.8667389
10.107422,189.58008,148.0957,62.666016,7.55859375,0.8667389
10.019531,189.58008,150.0293,63.54492,7.470703,0.8667389
10.019531,189.58008,151.96289,65.03906,7.734375,0.8667389
10.019531,189.58008,153.7207,66.5332,7.998047,0.8667389
10.107422,189.58008,155.74219,67.67578,8.173828,0.8667389
10.107422,189.58008,157.32422,68.73047,8.0859375,0.8667389
10.019531,189.58008,158.73047,69.43359,7.91015625,0.8667389
10.019531,189.58008,160.66406,70.13672,7.470703,0.8667389
10.107422,189.58008,162.2461,70.66406,7.3828125,0.8667389
9.931641,189.58008,163.21289,71.19141,6.9433594,0.8667389
9.84375,189.58008,163.74023,71.45508,6.591797,0.8667389
9.931641,189.58008,164.70703,71.89453,6.328125,0.8667389
9.84375,189.58008,165.9375,71.89453,6.4160156,0.8667389
9.755859,189.58008,166.640625,71.89453,6.591797,0.8667389
9.755859,189.58008,167.16797,71.71875,6.767578,0.8667389
9.755859,189.58008,167.43164,71.45508,6.767578,0.8667389
9.755859,189.58008,167.60742,71.2793,6.6796875,0.8667389
8.701172,189.58008,167.60742,71.015625,6.6796875,0.9750812
7.6464844,189.58008,167.69531,70.75195,5.80078125,1.6251353
6.2402344,189.58008,167.69531,70.57617,5.44921875,2.1668472
5.44921875,189.58008,167.69531,70.48828,5.7128906,2.383532
5.44921875,189.58008,167.69531,70.48828,5.9765625,2.4918742
5.5371094,189.58008,167.69531,70.48828,6.4160156,2.2751896
5.7128906,189.58008,167.69531,70.48828,6.591797,2.1668472
5.7128906,189.58008,167.69531,70.48828,6.6796875,2.1668472
5.361328,189.58008,167.69531,70.48828,6.767578,2.1668472
5.09765625,189.58008,167.69531,70.48828,6.767578,2.1668472
5.0097656,189.58008,167.69531,70.48828,6.767578,2.1668472
5.0097656,189.58008,167.69531,70.48828,6.767578,2.1668472
5.09765625,189.58008,167.69531,70.48828,6.6796875,2.1668472
5.09765625,189.58008,167.69531,70.48828,6.328125,2.1668472
5.09765625,189.58008,167.69531,70.48828,5.9765625,2.1668472
5.5371094,189.58008,167.69531,70.48828,5.9765625,2.1668472
6.064453,189.58008,167.69531,70.48828,5.9765625,2.1668472
6.6796875,189.58008,167.69531,70.48828,5.9765625,2.0585048
7.20703125,189.58008,167.69531,70.48828,5.9765625,1.7334778
7.55859375,189.58008,167.69531,70.48828,5.9765625,1.6251353
7.6464844,189.58008,167.69531,70.48828,5.9765625,1.5167931
7.734375,189.58008,167.69531,70.48828,5.9765625,1.4084507
8.173828,189.58008,167.69531,70.48828,5.5371094,1.4084507
8.4375,189.58008,167.69531,70.48828,5.44921875,1.4084507
8.964844,189.58008,167.69531,70.48828,5.2734375,1.4084507
9.140625,189.58008,167.69531,70.48828,5.185547,1.4084507
9.404297,189.58008,167.69531,70.48828,5.185547,1.4084507
9.667969,189.58008,167.69531,70.48828,5.44921875,1.4084507
9.667969,189.58008,167.69531,70.48828,5.5371094,1.0834236
9.667969,189.58008,167.69531,70.48828,5.7128906,0.8667389
9.667969,189.58008,167.69531,70.48828,5.80078125,0.8667389
9.667969,189.58008,167.69531,70.48828,5.888672,0.8667389
9.667969,189.58008,167.69531,70.48828,5.888672,0.8667389
9.667969,189.58008,167.69531,70.48828,5.888672,0.8667389
9.667969,189.58008,167.69531,70.48828,5.888672,0.8667389
9.667969,189.58008,167.69531,70.48828,5.888672,0.8667389
9.667969,189.58008,167.69531,70.48828,5.888672,0.8667389
9.667969,189.58008,167.69531,70.48828,5.888672,0.8667389
9.667969,189.58008,167.69531,70.48828,5.888672,0.8667389
9.667969,189.58008,167.69531,70.48828,5.888672,0.8667389
9.667969,189.58008,167.69531,70.48828,5.888672,0.8667389
9.667969,189.58008,167.69531,70.48828,5.888672,0.8667389
9.667969,189.58008,167.69531,70.48828,5.888672,0.8667389
9.667969,189.58008,167.69531,70.48828,5.888672,0.8667389
9.667969,189.58008,167.69531,70.48828,5.888672,0.8667389
9.667969,189.58008,167.69531,70.48828,5.888672,0.8667389
9.667969,189.58008,167.69531,70.48828,5.888672,0.8667389
9.667969,189.58008,167.69531,70.48828,5.888672,0.8667389
9.667969,189.58008,167.69531,70.48828,5.888672,0.8667389
9.667969,189.58008,167.69531,70.48828,5.888672,0.8667389
9.667969,189.58008,167.69531,70.48828,5.888672,0.8667389
9.667969,189.58008,167.69531,70.48828,5.888672,0.8667389
9.667969,189.58008,167.69531,70.48828,5.888672,0.8667389
9.667969,189.58008,167.69531,70.48828,5.888672,0.8667389
9.667969,189.58008,167.69531,70.48828,5.888672,0.8667389
9.667969,189.58008,167.69531,70.48828,5.888672,0.8667389
9.667969,189.58008,167.69531,70.48828,5.888672,0.8667389
9.667969,189.58008,167.69531,70.48828,5.888672,0.8667389
9.667969,189.58008,167.69531,70.48828,5.888672,0.8667389
9.667969,189.58008,167.69531,70.48828,5.888672,0.8667389
9.667969,189.58008,167.69531,70.48828,5.888672,0.8667389
9.667969,189.58008,167.69531,70.48828,5.888672,0.8667389
9.667969,189.58008,167.69531,70.48828,5.888672,0.8667389
9.667969,189.58008,167.69531,70.48828,5.888672,0.8667389
9.667969,189.58008,167.69531,70.48828,5.888672,0.8667389
9.667969,189.58008,167.69531,70.48828,5.888672,0.8667389
9.667969,189.58008,167.69531,70.48828,5.888672,0.8667389
9.667969,189.58008,167.69531,70.48828,5.888672,0.8667389
9.667969,189.58008,167.69531,70.48828,5.888672,0.8667389
9.667969,189.58008,167.69531,70.48828,5.888672,0.8667389
9.667969,189.58008,167.69531,70.48828,5.888672,0.8667389
9.667969,189.58008,167.69531,70.48828,5.888672,0.8667389
9.667969,189.58008,167.69531,70.48828,5.888672,0.8667389
9.667969,189.58008,167.69531,70.48828,5.888672,0.8667389
9.667969,189.58008,167.69531,70.48828,5.888672,0.8667389
9.667969,189.58008,167.69531,70.48828,5.888672,0.8667389
9.667969,189.58008,167.69531,70.48828,5.888672,0.8667389
9.667969,189.58008,167.69531,70.48828,5.888672,0.8667389
9.580078,189.58008,167.69531,70.48828,5.888672,0.8667389
9.580078,189.58008,167.69531,70.3125,6.328125,0.8667389
8.349609,189.58008,167.69531,70.04883,6.50390625,0.8667389
6.6796875,189.58008,167.69531,69.697266,6.2402344,0.8667389
5.09765625,189.58008,167.69531,69.16992,6.064453,0.8667389
3.1640625,189.58008,167.69531,69.16992,5.9765625,0.8667389
1.40625,189.58008,167.69531,69.3457,5.5371094,0.8667389
0.17578125,189.58008,167.69531,69.3457,5.2734375,0.8667389
-0.17578125,189.58008,167.69531,69.3457,5.2734375,0.8667389
-0.439453125,189.58008,167.69531,69.3457,5.5371094,0.8667389
-0.263671875,189.58008,167.69531,69.3457,5.7128906,0.8667389
-0.263671875,189.58008,167.69531,69.3457,5.7128906,0.8667389
-0.3515625,189.58008,167.69531,69.3457,5.7128906,0.8667389
-0.3515625,189.58008,167.69531,69.3457,5.7128906,0.8667389
-0.3515625,189.58008,167.69531,69.3457,5.80078125,0.8667389
-0.3515625,189.58008,167.69531,69.3457,6.2402344,0.8667389
-0.263671875,189.58008,167.69531,69.3457,6.50390625,0.8667389
-0.263671875,189.58008,167.69531,69.3457,6.591797,0.8667389
-0.263671875,189.58008,167.69531,69.3457,6.6796875,0.8667389
-0.263671875,189.58008,167.69531,69.3457,6.767578,0.8667389
-0.263671875,189.58008,167.69531,69.3457,6.85546875,0.8667389
-0.263671875,189.58008,167.69531,69.3457,7.3828125,0.8667389
-0.263671875,189.58008,167.69531,69.3457,7.8222656,0.8667389
-0.263671875,189.58008,167.69531,69.697266,8.261719,0.8667389
0.0,189.58008,167.69531,69.78516,8.525391,0.8667389
0.3515625,189.58008,167.69531,69.78516,8.613281,0.8667389
0.52734375,189.58008,167.69531,69.78516,8.701172,0.8667389
0.7910156,189.58008,167.69531,69.87305,8.701172,0.8667389
0.87890625,189.58008,167.69531,69.87305,8.701172,0.8667389
0.87890625,189.58008,167.69531,69.87305,8.701172,0.8667389
1.1425781,189.58008,167.69531,69.78516,8.525391,0.8667389
1.6699219,189.58008,167.69531,69.697266,8.0859375,0.8667389
2.28515625,189.58008,167.69531,69.697266,7.55859375,0.8667389
3.1640625,189.58008,167.69531,69.521484,7.3828125,0.8667389
3.9550781,189.58008,167.69531,69.08203,7.20703125,0.8667389
4.74609375,189.58008,167.69531,69.08203,7.20703125,0.8667389
5.5371094,189.58008,167.69531,69.521484,7.20703125,0.8667389
6.064453,189.58008,167.69531,69.96094,7.20703125,0.8667389
6.15234375,189.58008,167.69531,70.48828,7.20703125,0.8667389
5.9765625,189.58008,167.69531,70.83984,7.294922,0.8667389
5.9765625,189.58008,167.25586,71.36719,7.3828125,0.8667389
5.9765625,189.140625,166.55273,71.45508,7.3828125,0.8667389
6.15234375,187.734375,163.47656,71.2793,7.6464844,0.8667389
6.591797,185.44922,161.015625,71.98242,8.261719,0.8667389
7.470703,182.46094,157.32422,73.30078,8.349609,0.8667389
8.261719,178.85742,153.10547,75.234375,8.261719,0.8667389
8.613281,174.99023,148.0957,77.16797,8.349609,0.8667389
8.7890625,170.94727,143.17383,80.33203,8.173828,0.8667389
8.701172,166.99219,137.90039,82.70508,7.3828125,0.8667389
8.964844,163.125,132.27539,85.078125,7.3828125,0.8667389
9.667969,159.3457,126.5625,87.62695,7.55859375,0.8667389
10.283203,155.74219,120.67383,90.35156,6.6796875,0.8667389
11.074219,151.61133,114.87305,92.8125,6.50390625,0.8667389
11.074219,148.44727,109.24805,94.921875,6.50390625,0.8667389
10.986328,145.01953,103.53516,97.29492,6.6796875,0.8667389
10.546875,141.328125,98.26172,99.75586,6.767578,0.8667389
10.371094,137.37305,93.07617,102.12891,7.20703125,0.8667389
10.019531,133.1543,88.50586,102.74414,7.6464844,0.8667389
9.755859,129.63867,84.28711,103.53516,8.173828,0.8667389
9.404297,126.47461,80.50781,104.15039,8.525391,0.8667389
9.140625,123.48633,77.08008,104.50195,8.525391,0.8667389
8.7890625,120.67383,73.916016,104.853516,8.4375,0.8667389
8.525391,117.86133,71.015625,105.0293,8.7890625,0.8667389
8.173828,115.04883,68.4668,105.11719,9.404297,0.8667389
7.734375,112.23633,66.44531,105.20508,10.1953125,0.8667389
7.470703,109.51172,64.86328,105.20508,10.986328,0.8667389
7.20703125,106.875,63.45703,105.20508,11.865234,0.8667389
7.1191406,104.58984,62.578125,105.20508,12.744141,1.0834236
7.1191406,102.56836,61.96289,105.20508,13.623047,3.0335863
7.20703125,100.89844,61.347656,105.20508,14.501953,4.767064
7.20703125,99.49219,60.908203,105.20508,15.205078,6.9339113
6.6796875,98.17383,60.38086,105.20508,15.996094,6.283857
6.2402344,97.03125,59.4140625,105.20508,16.699219,5.092091
5.9765625,95.97656,58.535156,105.20508,17.138672,5.417118
5.44921875,94.833984,57.216797,105.20508,17.2265625,6.8255687
4.8339844,94.30664,56.6015625,105.20508,16.96289,10.725894
4.39453125,94.04297,56.25,105.20508,16.96289,15.276273
4.1308594,94.04297,56.16211,105.20508,16.96289,19.609966
3.9550781,94.04297,56.16211,105.20508,16.96289,24.702059
3.9550781,93.95508,56.16211,105.20508,16.96289,29.36078
4.04296875,93.95508,56.16211,105.20508,17.050781,33.694477
3.7792969,93.603516,56.42578,105.20508,17.402344,36.944744
3.7792969,93.33984,57.041016,105.20508,17.578125,39.761646
3.8671875,92.98828,57.48047,105.20508,17.578125,41.820152
3.8671875,92.8125,58.183594,105.20508,17.314453,43.445286
3.9550781,92.8125,58.535156,105.11719,17.2265625,44.637054
4.04296875,92.8125,59.0625,104.765625,17.138672,45.720474
4.04296875,92.8125,60.29297,104.0625,17.138672,46.912243
4.04296875,92.8125,61.61133,103.18359,17.2265625,48.212353
4.39453125,92.90039,63.6328125,101.33789,17.138672,49.512463
4.8339844,93.427734,66.09375,98.96484,17.138672,50.704224
5.09765625,94.04297,68.64258,97.20703,17.138672,52.112675
5.44921875,94.48242,70.83984,95.71289,17.138672,53.196102
5.80078125,94.74609,72.77344,94.39453,17.2265625,53.954494
6.064453,94.921875,74.79492,92.63672,17.2265625,54.929577
6.328125,95.009766,76.9043,90.791016,17.050781,55.687977
6.767578,95.009766,79.10156,88.33008,16.875,56.33803
7.1191406,95.009766,81.12305,85.78125,16.5234375,56.988083
7.470703,95.009766,82.88086,83.23242,16.347656,57.638138
7.91015625,94.921875,84.19922,81.5625,16.171875,58.504875
8.261719,94.48242,84.90234,80.5957,16.5234375,59.69664
8.701172,93.515625,85.166016,78.92578,16.611328,60.780067
8.876953,92.197266,85.3418,76.728516,16.611328,61.538464
8.876953,90.87891,85.42969,75.234375,16.611328,61.971832
8.7890625,89.47266,85.42969,74.44336,16.611328,62.080173
8.701172,88.1543,85.3418,73.916016,16.611328,61.863487
8.613281,86.83594,85.3418,73.56445,16.611328,61.321777
8.525391,85.60547,85.3418,73.47656,16.259766,60.56338
8.525391,84.55078,84.990234,73.65234,16.259766,59.913326
8.613281,83.32031,84.63867,73.65234,16.259766,59.588303
8.613281,82.00195,84.28711,72.86133,16.259766,59.154926
8.613281,80.859375,83.93555,72.421875,16.347656,59.154926
8.613281,80.41992,83.759766,72.509766,16.5234375,57.85482
8.613281,79.80469,83.49609,72.77344,16.259766,58.39653
8.613281,79.27734,83.14453,72.421875,16.347656,58.071507
8.613281,79.01367,83.05664,71.71875,16.259766,57.746475
8.613281,79.01367,83.05664,71.19141,16.259766,57.529797
8.613281,78.66211,82.96875,70.927734,16.347656,57.42145
8.613281,78.39844,82.96875,70.66406,16.347656,57.31311
8.613281,78.31055,82.96875,70.22461,16.083984,56.87974
8.613281,78.22266,82.96875,70.04883,15.46875,55.796318
8.701172,78.48633,82.96875,69.87305,15.292969,53.954494
8.7890625,79.01367,82.96875,69.609375,14.853516,50.92091
8.7890625,79.541016,83.32031,69.43359,14.589844,45.82882
8.7890625,80.41992,84.11133,68.90625,14.677734,39.219933
8.701172,81.03516,84.63867,68.73047,14.677734,31.310944
8.701172,81.29883,84.72656,68.37891,14.677734,23.726978
8.613281,81.73828,84.990234,68.203125,15.205078,17.659805
8.613281,82.177734,85.078125,68.115234,15.205078,15.167931
8.613281,82.265625,85.25391,68.115234,15.029297,14.842903
8.876953,82.44141,85.3418,68.115234,15.029297,14.842903
9.140625,82.96875,85.78125,68.115234,14.941406,14.842903
9.228516,83.759766,86.74805,68.115234,14.765625,14.842903
9.316406,84.55078,87.1875,68.115234,14.501953,14.842903
9.316406,85.51758,87.890625,68.73047,14.4140625,14.842903
9.404297,86.66016,88.41797,69.08203,14.238281,14.734562
9.755859,88.06641,88.68164,69.43359,14.0625,14.734562
10.019531,89.64844,89.208984,69.78516,14.238281,14.734562
10.1953125,91.66992,89.64844,70.48828,14.238281,14.734562
10.371094,93.69141,89.73633,71.45508,14.150391,14.734562
10.371094,96.06445,89.73633,72.94922,14.326172,14.734562
10.283203,98.78906,89.73633,74.79492,13.447266,14.734562
10.634766,101.60156,89.73633,76.28906,13.359375,14.734562
11.162109,104.32617,89.384766,78.134766,13.359375,14.734562
11.865234,106.34766,88.06641,79.80469,12.744141,14.626219
12.832031,108.10547,86.2207,81.47461,12.480469,14.517877
14.150391,109.6875,83.93555,83.4082,12.3046875,14.517877
15.732422,110.91797,80.859375,85.51758,11.689453,14.517877
17.490234,111.708984,77.51953,87.27539,11.25,14.517877
19.160156,112.14844,74.00391,88.85742,10.722656,14.517877
21.4453125,112.14844,70.13672,90.52734,10.019531,14.517877
23.466797,112.14844,65.83008,92.109375,9.667969,14.517877
26.015625,112.06055,61.347656,93.69141,9.4921875,14.517877
28.564453,111.5332,56.689453,95.18555,9.316406,14.517877
30.9375,110.83008,51.94336,96.06445,9.228516,14.517877
33.66211,110.390625,47.63672,96.328125,9.140625,14.517877
36.38672,110.12695,43.9453125,96.416016,9.316406,14.517877
38.935547,110.12695,40.95703,96.15234,9.4921875,14.517877
41.748047,109.86328,38.23242,95.80078,9.667969,14.517877
44.560547,109.59961,35.859375,95.009766,9.667969,14.517877
47.109375,109.51172,34.365234,93.95508,9.84375,14.517877
49.5703125,109.51172,33.48633,92.63672,10.371094,14.517877
52.03125,109.51172,32.783203,91.05469,11.074219,14.517877
54.140625,109.51172,32.08008,89.384766,11.865234,14.517877
55.810547,109.24805,31.464844,87.890625,12.832031,14.517877
57.3046875,108.80859,30.5859375,86.484375,14.0625,14.517877
58.7109375,108.36914,29.61914,85.3418,15.029297,14.517877
59.853516,107.8418,29.267578,84.55078,15.732422,14.517877
60.8203125,107.05078,28.652344,83.583984,16.5234375,14.517877
61.69922,106.259766,28.03711,82.79297,16.96289,14.517877
62.2265625,105.64453,27.7734375,82.08984,17.2265625,14.517877
62.753906,105.38086,27.7734375,81.38672,17.578125,14.517877
63.28125,105.20508,27.7734375,80.50781,18.105469,14.517877
63.720703,104.853516,27.7734375,79.7168,18.36914,14.517877
64.072266,104.58984,27.685547,78.66211,18.544922,14.517877
64.24805,104.50195,27.685547,77.87109,18.896484,14.517877
64.42383,104.23828,27.685547,77.34375,19.072266,14.517877
64.59961,103.71094,27.685547,76.99219,18.896484,14.517877
64.59961,103.271484,27.685547,76.81641,18.896484,14.517877
64.59961,103.18359,27.685547,76.640625,18.896484,14.517877
64.59961,103.18359,27.685547,76.640625,18.896484,14.517877
64.59961,103.18359,27.685547,76.640625,18.896484,14.409534
64.59961,103.271484,27.685547,76.640625,18.896484,14.409534
64.59961,103.271484,27.685547,76.640625,18.808594,14.409534
64.42383,103.271484,27.685547,76.728516,18.457031,16.359697
64.33594,103.18359,27.685547,76.728516,18.28125,19.393284
64.24805,103.18359,27.7734375,76.728516,18.105469,23.40195
64.072266,103.18359,27.7734375,76.728516,18.19336,26.977247
64.072266,103.18359,27.7734375,76.728516,18.19336,32.50271
64.072266,103.271484,27.7734375,76.728516,18.19336,38.786568
64.16016,103.271484,27.7734375,76.728516,18.19336,44.637054
64.16016,103.18359,27.7734375,76.728516,18.19336,49.945827
64.16016,103.18359,27.7734375,76.728516,18.105469,53.846157
64.072266,103.0957,27.7734375,76.728516,18.017578,57.529797
64.072266,103.18359,27.7734375,76.728516,17.578125,60.996746
64.072266,103.18359,27.7734375,76.728516,17.314453,63.705307
64.072266,103.18359,27.7734375,76.728516,17.2265625,65.65547
64.16016,103.18359,27.7734375,76.728516,17.138672,66.413864
64.24805,103.18359,27.7734375,76.728516,17.138672,66.84724
63.896484,103.18359,27.7734375,76.728516,17.138672,67.82232
63.720703,103.271484,27.7734375,76.728516,17.138672,69.014084
63.45703,103.271484,27.7734375,76.640625,17.138672,70.530876
63.01758,103.271484,27.7734375,76.728516,17.050781,72.372696
62.753906,103.271484,27.7734375,76.99219,16.699219,73.78115
62.578125,103.18359,27.7734375,76.99219,16.347656,74.214516
62.578125,103.18359,27.7734375,76.99219,16.259766,73.78115
62.666016,103.18359,27.7734375,76.99219,16.259766,73.131096
62.753906,103.271484,27.7734375,76.99219,16.259766,72.372696
62.841797,103.271484,27.7734375,76.9043,16.259766,71.39761
62.841797,103.271484,27.7734375,76.81641,16.259766,69.66414
62.841797,103.271484,27.7734375,76.81641,16.259766,67.06392
62.753906,103.271484,27.7734375,76.81641,16.259766,63.705307
62.666016,103.271484,27.7734375,76.81641,16.259766,58.72156
62.666016,103.271484,27.7734375,76.81641,16.259766,52.546047
62.666016,103.271484,27.7734375,76.81641,16.259766,44.853737
62.666016,103.271484,27.7734375,76.46484,16.259766,36.186348
62.666016,103.271484,27.685547,76.28906,16.259766,27.193933
62.753906,103.271484,27.597656,76.28906,16.259766,18.309858
62.753906,103.271484,27.421875,76.11328,16.259766,11.267606
62.753906,103.359375,27.421875,76.11328,16.259766,7.1505957
62.753906,103.359375,27.421875,76.11328,16.259766,4.5503793
62.753906,103.359375,27.421875,76.28906,16.259766,3.9003248
62.666016,103.359375,27.421875,76.37695,16.259766,2.8169014
62.666016,103.359375,27.509766,76.37695,16.259766,1.9501624
62.666016,103.359375,27.597656,76.37695,16.259766,1.4084507
62.666016,103.359375,27.861328,76.37695,16.259766,1.0834236
62.666016,103.447266,28.21289,76.37695,16.259766,0.8667389
62.490234,103.447266,28.300781,76.37695,16.259766,0.8667389
62.13867,103.447266,28.300781,76.37695,16.259766,0.8667389
61.78711,103.62305,28.388672,76.37695,16.259766,0.75839657
61.347656,103.97461,28.4765625,76.37695,16.259766,0.75839657
60.8203125,104.32617,28.4765625,76.37695,16.083984,0.75839657
60.38086,104.853516,28.4765625,76.46484,15.644531,0.75839657
59.765625,105.29297,28.4765625,76.81641,15.380859,0.75839657
58.88672,105.9082,28.4765625,76.9043,15.029297,0.75839657
57.91992,106.43555,28.4765625,77.08008,14.677734,0.75839657
56.689453,107.13867,28.4765625,77.69531,14.4140625,0.75839657
55.283203,107.666016,28.4765625,77.7832,14.238281,0.75839657
53.61328,108.36914,28.828125,78.046875,13.886719,0.75839657
51.328125,109.24805,29.1796875,78.57422,13.535156,0.75839657
48.603516,110.03906,29.355469,78.75,13.095703,0.75839657
45.17578,111.18164,29.8828125,78.75,12.216797,0.75839657
41.660156,112.58789,31.02539,78.75,11.162109,0.75839657
37.089844,114.16992,32.51953,78.75,10.8984375,0.75839657
33.134766,115.48828,33.48633,78.83789,11.162109,0.75839657
29.794922,116.54297,33.83789,79.18945,11.513672,0.75839657
26.3671875,117.333984,34.01367,79.98047,11.513672,0.75839657
23.81836,118.38867,34.277344,80.68359,11.25,0.75839657
20.566406,119.70703,34.89258,81.38672,11.25,0.75839657
18.36914,121.11328,35.947266,81.65039,11.25,0.75839657
15.732422,122.69531,37.441406,81.82617,11.337891,0.75839657
14.677734,124.541016,39.375,81.82617,11.6015625,0.75839657
14.238281,126.82617,41.660156,81.73828,11.689453,0.75839657
14.326172,129.11133,44.033203,81.73828,11.777344,0.75839657
15.292969,131.92383,46.49414,81.47461,11.777344,0.75839657
15.205078,134.56055,48.95508,81.21094,11.777344,0.75839657
14.501953,137.90039,51.6796875,81.12305,11.777344,0.75839657
13.7109375,141.5918,54.66797,81.29883,11.777344,0.75839657
12.744141,145.546875,57.56836,81.38672,11.865234,0.75839657
12.832031,149.765625,60.8203125,81.73828,12.3046875,0.75839657
13.359375,154.07227,63.984375,82.08984,12.480469,0.75839657
13.798828,158.64258,67.32422,82.88086,12.65625,0.75839657
13.7109375,164.0918,70.66406,83.759766,12.65625,0.75839657
13.183594,168.66211,73.828125,84.55078,12.832031,0.75839657
12.65625,173.58398,76.81641,85.42969,12.832031,0.75839657
12.392578,178.76953,78.92578,86.13281,12.744141,0.75839657
12.480469,183.25195,81.65039,87.27539,12.568359,0.75839657
12.128906,187.03125,83.05664,89.208984,12.216797,0.75839657
11.865234,188.87695,83.32031,90.791016,12.3046875,0.75839657
12.128906,189.3164,84.02344,91.49414,12.041016,0.75839657
12.128906,189.49219,85.78125,91.40625,12.128906,0.75839657
12.128906,189.66797,87.27539,90.43945,12.128906,0.75839657
12.128906,189.75586,89.56055,89.0332,12.128906,0.75839657
12.3046875,189.75586,92.021484,87.09961,12.128906,0.75839657
12.568359,189.75586,95.18555,84.375,12.041016,0.75839657
12.568359,189.75586,98.78906,81.03516,11.689453,0.75839657
12.480469,189.75586,103.0957,78.31055,11.337891,0.75839657
11.953125,189.75586,108.01758,75.322266,11.25,0.75839657
11.074219,189.75586,112.93945,72.59766,11.162109,0.75839657
10.722656,189.75586,118.03711,70.40039,10.986328,0.75839657
10.458984,189.75586,123.134766,68.81836,10.546875,0.75839657
10.107422,189.75586,128.23242,67.76367,10.107422,0.75839657
10.019531,189.75586,133.0664,67.14844,9.4921875,0.75839657
10.019531,189.75586,137.72461,66.708984,8.876953,0.75839657
9.931641,189.75586,141.85547,66.708984,8.4375,0.75839657
10.019531,189.75586,145.63477,67.32422,7.8222656,0.75839657
10.371094,189.75586,149.0625,68.02734,7.470703,0.75839657
10.546875,189.75586,152.40234,68.90625,7.1191406,0.75839657
10.722656,189.75586,155.47852,70.22461,6.6796875,0.75839657
10.722656,189.75586,157.85156,72.1582,6.50390625,0.75839657
10.722656,189.75586,160.04883,73.21289,6.4160156,0.75839657
10.810547,189.75586,161.71875,74.79492,6.328125,0.75839657
10.722656,189.75586,162.86133,76.11328,5.7128906,0.75839657
10.722656,189.75586,163.65234,76.552734,5.44921875,0.75839657
10.722656,189.75586,164.9707,76.552734,5.2734375,0.75839657
10.722656,189.75586,166.11328,76.20117,5.2734375,0.75839657
10.722656,189.75586,166.72852,75.9375,5.361328,0.75839657
10.722656,189.75586,167.16797,75.322266,5.5371094,0.75839657
10.722656,189.75586,167.43164,74.44336,5.7128906,0.75839657
10.810547,189.75586,167.60742,74.26758,5.7128906,0.75839657
10.810547,189.75586,167.60742,74.17969,5.888672,0.75839657
10.722656,189.75586,167.60742,74.17969,5.888672,0.75839657
10.722656,189.75586,167.60742,74.17969,5.625,0.75839657
10.722656,189.75586,167.60742,74.17969,5.625,0.8667389
10.722656,189.75586,167.60742,74.17969,5.361328,0.8667389
10.722656,189.75586,167.60742,74.17969,5.361328,0.8667389
10.722656,189.75586,167.60742,74.17969,5.361328,0.8667389
10.722656,189.75586,167.60742,74.17969,5.44921875,0.8667389
10.722656,189.75586,167.60742,74.17969,5.625,0.8667389
10.722656,189.75586,167.60742,74.17969,5.7128906,0.8667389
10.722656,189.75586,167.60742,74.17969,5.7128906,0.8667389
10.722656,189.75586,167.60742,74.17969,5.888672,0.8667389
10.722656,189.75586,167.60742,74.17969,5.888672,0.8667389
10.722656,189.75586,167.60742,74.17969,5.888672,0.8667389
10.722656,189.75586,167.60742,74.17969,5.888672,0.8667389
10.722656,189.75586,167.60742,74.17969,5.888672,0.8667389
10.722656,189.75586,167.60742,74.17969,5.888672,0.8667389
10.722656,189.75586,167.60742,74.17969,5.888672,0.8667389
10.722656,189.75586,167.60742,74.17969,5.888672,0.8667389
10.722656,189.75586,167.60742,74.17969,5.888672,0.8667389
10.722656,189.75586,167.60742,74.17969,5.888672,0.8667389
10.722656,189.75586,167.60742,74.17969,5.888672,0.8667389
10.722656,189.75586,167.60742,74.17969,5.888672,0.8667389
10.722656,189.75586,167.60742,74.17969,5.888672,0.8667389
10.458984,189.75586,167.60742,73.56445,5.80078125,0.8667389
8.261719,189.75586,167.60742,71.36719,5.625,0.8667389
6.15234375,189.75586,167.60742,69.78516,4.658203,0.8667389
4.8339844,189.58008,167.60742,68.99414,4.39453125,0.8667389
4.658203,189.66797,167.60742,68.4668,4.3066406,0.8667389
5.185547,189.66797,167.60742,68.203125,4.3066406,0.8667389
5.0097656,189.66797,167.60742,67.93945,4.3066406,0.8667389
4.658203,189.66797,167.60742,67.85156,4.3066406,0.8667389
4.3066406,189.66797,167.60742,67.76367,4.3066406,0.8667389
3.69140625,189.66797,167.60742,67.76367,4.3066406,0.8667389
3.6035156,189.66797,167.60742,67.76367,4.3066406,0.8667389
3.6035156,189.66797,167.60742,67.76367,4.3066406,0.8667389
3.7792969,189.66797,167.60742,67.76367,4.3066406,0.8667389
3.8671875,189.66797,167.60742,67.76367,4.3066406,0.8667389
3.7792969,189.66797,167.60742,67.76367,4.39453125,0.8667389
3.7792969,189.66797,167.60742,67.76367,4.658203,0.8667389
3.7792969,189.66797,167.60742,67.76367,4.658203,0.8667389
3.7792969,189.66797,167.60742,67.76367,4.658203,0.8667389
3.7792969,189.66797,167.60742,67.76367,4.658203,0.8667389
3.7792969,189.66797,167.60742,67.76367,4.658203,0.8667389
3.7792969,189.66797,167.60742,67.76367,4.658203,0.8667389
3.7792969,189.66797,167.60742,67.76367,4.658203,0.8667389
3.7792969,189.66797,167.60742,67.85156,4.8339844,0.8667389
3.7792969,189.66797,167.60742,67.93945,5.2734375,0.8667389
4.1308594,189.66797,167.60742,67.93945,5.5371094,0.8667389
4.39453125,189.66797,167.60742,67.85156,5.625,0.8667389
4.658203,189.66797,167.60742,67.76367,5.7128906,0.8667389
4.8339844,189.66797,167.60742,67.58789,5.888672,0.8667389
5.185547,189.66797,167.60742,67.67578,5.9765625,0.8667389
5.7128906,189.66797,167.60742,67.93945,6.2402344,0.8667389
6.15234375,189.66797,167.60742,67.93945,6.50390625,0.8667389
6.767578,189.66797,167.60742,68.115234,6.591797,0.8667389
7.20703125,189.66797,167.60742,68.73047,6.767578,0.8667389
7.294922,189.66797,167.60742,69.3457,6.767578,0.8667389
7.1191406,189.66797,167.60742,69.87305,6.591797,0.8667389
6.9433594,189.66797,167.60742,70.40039,6.328125,0.8667389
6.9433594,189.49219,167.60742,70.66406,6.2402344,0.8667389
6.9433594,188.70117,167.16797,70.66406,6.2402344,0.8667389
6.9433594,186.67969,166.37695,70.66406,6.2402344,0.8667389
7.03125,184.13086,163.65234,70.66406,6.2402344,0.8667389
6.6796875,180.703125,161.10352,70.57617,6.4160156,0.8667389
6.6796875,176.74805,157.5,71.63086,7.03125,0.8667389
6.85546875,173.23242,153.54492,73.125,6.9433594,0.8667389
6.85546875,170.15625,148.79883,74.9707,6.6796875,0.8667389
6.6796875,167.25586,144.66797,77.34375,6.6796875,0.8667389
6.767578,164.0918,139.83398,79.453125,6.767578,0.8667389
6.591797,160.22461,134.296875,82.08984,7.294922,0.8667389
6.15234375,157.41211,128.84766,84.55078,7.470703,0.8667389
5.7128906,153.984375,122.7832,87.36328,7.8222656,0.8667389
5.44921875,150.9961,117.1582,90.0,8.261719,0.8667389
5.09765625,147.65625,111.5332,92.63672,8.701172,0.8667389
4.74609375,144.75586,105.82031,95.36133,9.140625,0.8667389
4.3066406,141.85547,99.66797,98.61328,9.667969,0.8667389
3.7792969,138.6914,93.603516,101.42578,10.107422,0.8667389
3.33984375,135.703125,88.24219,103.00781,10.283203,0.8667389
2.8125,133.59375,83.49609,103.359375,10.019531,0.8667389
2.4609375,132.1875,80.24414,103.97461,10.1953125,0.8667389
2.109375,130.86914,77.51953,104.58984,10.810547,0.8667389
1.93359375,129.46289,75.146484,104.853516,11.425781,0.8667389
1.8457031,127.70508,73.03711,105.0293,12.128906,0.8667389
1.8457031,125.947266,71.103516,105.11719,13.0078125,0.8667389
1.8457031,124.365234,69.609375,105.20508,13.974609,0.8667389
1.6699219,122.69531,67.93945,105.29297,15.292969,0.8667389
1.23046875,121.20117,66.26953,105.29297,16.435547,0.8667389
0.7910156,119.44336,64.6875,105.29297,17.9296875,0.8667389
0.52734375,117.68555,63.10547,105.29297,19.423828,0.8667389
0.087890625,116.103516,61.69922,105.29297,20.566406,0.8667389
-0.087890625,114.16992,60.29297,105.29297,21.621094,0.8667389
-0.087890625,112.41211,59.0625,105.29297,22.5,0.8667389
-0.087890625,110.83008,57.91992,105.29297,22.939453,0.8667389
0.0,108.7207,56.777344,105.29297,23.291016,0.8667389
0.087890625,106.69922,55.458984,105.29297,23.5546875,1.0834236
0.087890625,104.853516,54.140625,105.29297,23.642578,3.6836405
0.087890625,102.91992,53.0859375,105.29297,23.730469,4.442037
0.0,101.16211,51.94336,105.29297,23.5546875,6.608884
0.17578125,99.58008,50.9765625,105.29297,23.291016,9.317443
0.3515625,98.26172,50.36133,105.29297,23.203125,11.484291
0.6152344,97.11914,49.658203,105.29297,23.203125,13.32611
1.0546875,96.06445,49.13086,105.29297,23.203125,14.951245
1.1425781,95.44922,48.8671875,105.29297,23.203125,17.226435
1.23046875,95.09766,48.8671875,105.29297,23.203125,21.01842
1.23046875,94.921875,48.779297,105.29297,23.203125,26.65222
1.1425781,94.921875,48.779297,105.29297,23.203125,32.17768
0.87890625,94.921875,48.779297,105.29297,23.203125,36.078007
0.703125,94.921875,48.779297,105.29297,23.203125,38.353195
0.52734375,94.921875,48.779297,105.29297,23.203125,39.653305
0.439453125,94.921875,48.8671875,105.29297,23.203125,41.061756
0.263671875,94.921875,48.8671875,105.29297,23.203125,43.011917
0.263671875,94.921875,48.95508,105.29297,23.027344,44.745396
0.263671875,94.921875,49.13086,105.29297,22.58789,46.0455
0.3515625,94.921875,49.39453,105.29297,22.41211,47.34561
0.439453125,94.921875,49.921875,105.29297,22.236328,48.320694
0.439453125,94.921875,50.2734375,105.29297,22.1484375,48.862408
0.439453125,94.921875,50.88867,105.29297,22.1484375,49.187435
0.439453125,94.921875,51.85547,105.20508,22.1484375,49.404118
0.52734375,94.921875,52.822266,104.94141,22.1484375,49.6208
0.6152344,94.921875,54.052734,104.58984,22.1484375,49.6208
0.6152344,95.009766,55.8984375,103.53516,22.1484375,49.945827
0.6152344,95.09766,58.095703,101.865234,22.1484375,50.270855
0.6152344,95.09766,60.55664,100.10742,22.324219,50.48754
0.703125,95.27344,63.28125,97.734375,21.972656,50.812565
0.9667969,95.44922,66.00586,95.44922,21.533203,51.02925
1.23046875,95.53711,68.81836,93.515625,21.357422,51.137596
1.4941406,95.625,71.63086,91.49414,21.357422,51.570965
1.4941406,95.71289,74.26758,89.12109,21.708984,51.895992
1.7578125,95.71289,76.552734,87.01172,21.796875,52.32936
2.109375,95.71289,78.57422,85.078125,21.796875,52.76273
2.28515625,95.625,80.06836,83.4082,21.796875,53.30444
2.5488281,95.18555,81.38672,81.73828,21.796875,53.521126
2.9003906,94.48242,82.70508,79.98047,21.796875,53.737812
2.9003906,94.04297,84.63867,77.69531,21.796875,53.737812
2.63671875,93.515625,86.572266,75.49805,21.796875,53.737812
2.3730469,92.54883,88.06641,74.17969,21.796875,53.846157
2.109375,91.58203,89.384766,72.509766,21.796875,54.496212
1.93359375,90.35156,90.615234,70.75195,21.796875,54.71289
1.93359375,89.47266,91.66992,68.81836,21.796875,54.71289
1.93359375,88.59375,92.90039,67.06055,21.796875,54.71289
2.109375,87.71484,93.69141,66.09375,21.972656,54.71289
2.109375,87.27539,94.21875,65.302734,22.324219,54.71289
2.109375,87.09961,94.57031,64.42383,21.796875,54.71289
2.109375,86.83594,95.009766,63.6328125,21.884766,54.71289
2.0214844,86.74805,95.53711,62.9296875,21.796875,54.387867
2.0214844,86.572266,96.06445,62.578125,21.884766,54.279526
2.1972656,86.396484,96.416016,62.2265625,21.884766,54.17118
2.5488281,86.2207,96.67969,61.61133,21.708984,53.737812
2.5488281,86.2207,96.76758,61.171875,21.533203,52.979416
2.7246094,86.30859,96.85547,60.38086,21.357422,51.78765
2.7246094,86.572266,97.20703,59.589844,21.357422,47.77898
2.9003906,87.36328,97.4707,58.97461,21.00586,42.145176
3.0761719,87.890625,97.29492,58.7109375,21.4453125,34.886242
3.2519531,87.890625,96.416016,59.4140625,21.4453125,26.11051
3.33984375,87.71484,95.18555,59.941406,20.7421875,19.284939
3.0761719,87.62695,94.04297,60.38086,20.830078,15.709643
2.98828125,87.53906,93.603516,60.64453,20.830078,14.951245
2.9003906,87.53906,93.25195,60.908203,20.830078,14.842903
2.8125,87.45117,93.16406,61.259766,20.830078,14.842903
2.5488281,87.53906,93.07617,61.347656,20.830078,14.842903
2.4609375,87.71484,93.07617,61.435547,20.830078,14.842903
2.3730469,88.06641,93.07617,61.78711,20.917969,14.842903
2.1972656,88.41797,93.07617,62.402344,21.269531,14.734562
2.1972656,88.94531,93.07617,63.10547,21.357422,14.626219
2.1972656,89.82422,93.07617,63.984375,21.09375,14.626219
2.28515625,90.791016,93.07617,65.478516,21.09375,14.626219
2.28515625,92.021484,93.16406,66.44531,21.09375,14.626219
2.28515625,93.16406,93.16406,67.41211,21.09375,14.626219
2.28515625,94.57031,93.16406,68.37891,21.09375,14.517877
2.28515625,96.328125,93.16406,69.25781,21.09375,14.517877
2.28515625,98.34961,93.16406,70.48828,21.09375,14.517877
2.28515625,100.89844,93.16406,71.80664,21.09375,14.517877
2.28515625,103.62305,93.16406,73.30078,21.09375,14.517877
2.63671875,105.99609,92.46094,75.05859,21.09375,14.517877
3.4277344,108.28125,91.05469,77.16797,21.00586,14.517877
4.21875,110.12695,89.12109,79.10156,20.654297,14.517877
5.2734375,111.5332,86.66016,81.47461,20.390625,14.517877
6.50390625,112.76367,83.93555,83.84766,19.77539,14.517877
7.734375,113.55469,80.947266,86.30859,18.984375,14.517877
9.140625,114.16992,77.51953,88.59375,18.457031,14.517877
10.458984,114.521484,74.00391,90.703125,17.9296875,14.517877
11.865234,114.78516,70.3125,92.90039,17.050781,14.517877
13.535156,115.04883,66.35742,95.09766,16.171875,14.517877
15.292969,115.04883,62.314453,96.94336,15.292969,14.517877
17.138672,115.13672,58.095703,98.70117,14.326172,14.517877
18.984375,115.13672,53.70117,100.10742,13.359375,14.517877
20.917969,115.13672,49.30664,101.33789,12.65625,14.517877
22.939453,115.13672,45.08789,102.39258,11.953125,14.517877
24.873047,115.22461,41.660156,102.91992,11.25,14.517877
26.982422,115.66406,39.19922,103.271484,10.810547,14.517877
29.003906,116.19141,37.441406,103.271484,10.546875,14.517877
30.84961,116.80664,36.38672,103.0957,10.371094,14.517877
33.134766,117.68555,35.947266,102.56836,10.283203,14.517877
35.41992,118.47656,35.683594,101.51367,10.634766,14.517877
37.529297,119.17969,35.595703,100.37109,11.337891,14.517877
39.814453,119.88281,35.5078125,98.87695,11.865234,14.517877
41.92383,120.322266,35.5078125,96.94336,12.480469,14.517877
43.9453125,120.58594,35.5078125,95.18555,13.7109375,14.517877
45.791016,120.67383,35.5078125,93.515625,15.205078,14.517877
47.54883,120.41016,35.15625,92.021484,16.611328,14.517877
49.13086,119.79492,34.628906,90.615234,18.28125,14.517877
50.71289,119.0918,34.01367,89.208984,19.77539,14.517877
52.29492,117.77344,33.134766,87.71484,21.269531,14.517877
53.70117,116.19141,31.904297,86.396484,22.675781,14.517877
55.01953,114.43359,30.673828,85.166016,23.90625,14.409534
56.16211,112.41211,29.267578,83.583984,25.048828,14.409534
57.041016,110.6543,28.03711,82.353516,26.015625,14.409534
57.65625,108.984375,26.894531,81.21094,26.63086,14.409534
58.271484,107.666016,26.103516,80.15625,26.80664,14.409534
58.79883,106.52344,25.576172,79.18945,26.80664,14.409534
59.0625,105.9082,25.22461,78.57422,26.80664,14.409534
59.32617,105.55664,25.136719,77.958984,26.894531,14.409534
59.589844,104.94141,24.9609375,77.43164,26.894531,14.409534
60.029297,104.677734,24.9609375,77.08008,26.894531,14.409534
60.29297,104.15039,24.9609375,76.640625,26.894531,14.409534
60.38086,103.53516,24.9609375,76.11328,26.894531,14.409534
60.46875,102.83203,24.9609375,75.84961,26.894531,14.409534
60.46875,102.30469,24.9609375,75.67383,26.894531,14.409534
60.46875,101.953125,24.9609375,75.58594,26.80664,14.409534
60.46875,101.77734,24.9609375,75.58594,26.455078,14.409534
60.46875,101.77734,24.9609375,75.58594,26.279297,14.409534
60.46875,101.77734,24.9609375,75.41016,26.191406,14.409534
60.55664,101.77734,24.9609375,75.322266,26.191406,14.409534
60.73242,101.77734,24.9609375,75.322266,26.191406,14.409534
60.64453,101.77734,24.9609375,75.322266,26.191406,14.409534
60.64453,101.77734,24.9609375,75.146484,26.191406,15.384616
60.64453,101.77734,24.9609375,74.79492,26.191406,17.226435
60.64453,101.77734,24.9609375,74.61914,26.103516,19.068256
60.64453,101.77734,24.9609375,74.61914,25.576172,21.9935
60.64453,101.77734,25.3125,74.61914,25.40039,25.568798
60.64453,101.865234,26.015625,74.61914,25.22461,31.09426
60.55664,101.865234,26.894531,74.61914,25.136719,37.919827
60.29297,101.865234,27.861328,74.61914,25.136719,44.637054
60.20508,101.865234,28.828125,74.61914,24.9609375,51.35428
60.029297,101.865234,29.355469,74.61914,24.521484,56.663055
60.029297,101.865234,30.058594,74.61914,24.345703,61.321777
59.941406,101.865234,30.5859375,74.61914,24.2578125,65.2221
60.029297,101.865234,31.113281,74.53125,24.2578125,68.36403
60.029297,101.865234,31.552734,74.44336,24.2578125,70.96425
60.1171875,101.865234,32.08008,74.44336,24.2578125,73.34778
60.1171875,101.865234,32.51953,74.44336,24.2578125,75.40628
60.1171875,101.865234,32.6953125,74.44336,24.2578125,77.03142
60.1171875,101.865234,32.6953125,74.44336,24.2578125,78.22319
59.853516,101.865234,32.783203,74.44336,24.2578125,79.414955
59.589844,101.865234,32.783203,74.44336,24.2578125,80.498375
59.4140625,101.953125,32.783203,74.44336,24.169922,81.040085
59.15039,102.041016,33.134766,74.44336,23.642578,81.040085
59.0625,102.39258,33.66211,74.44336,23.730469,80.71506
58.88672,102.65625,34.189453,74.44336,23.115234,80.065
58.623047,102.91992,34.541016,74.44336,23.642578,79.414955
58.447266,103.271484,34.628906,74.44336,23.203125,78.54821
58.095703,103.62305,34.98047,74.44336,22.8515625,77.68147
57.83203,104.0625,35.5078125,74.44336,22.8515625,76.814735
57.65625,104.41406,35.5078125,74.44336,22.8515625,75.731316
57.56836,104.677734,35.595703,74.44336,22.8515625,74.431206
57.56836,104.94141,35.595703,74.44336,22.8515625,73.23943
57.65625,105.20508,35.595703,74.44336,22.8515625,72.372696
57.65625,105.46875,35.595703,74.44336,22.763672,71.72264
57.48047,105.82031,35.595703,74.44336,22.41211,70.74756
57.39258,105.99609,35.947266,74.44336,22.324219,69.66414
57.128906,106.171875,36.2109375,74.44336,22.1484375,68.255684
56.865234,106.43555,36.38672,74.26758,22.1484375,66.30553
56.865234,106.52344,36.38672,73.828125,22.1484375,63.596962
56.777344,106.61133,36.38672,73.56445,22.1484375,60.455036
56.777344,106.78711,36.38672,73.30078,22.1484375,56.12134
56.865234,106.96289,36.38672,73.21289,22.1484375,51.24594
56.865234,107.31445,36.38672,73.21289,22.1484375,45.612137
56.6015625,107.40234,36.38672,73.21289,22.1484375,39.43662
56.42578,107.578125,36.38672,73.21289,22.1484375,32.61105
56.07422,107.8418,36.38672,73.21289,22.1484375,24.918743
55.810547,107.8418,36.38672,73.21289,22.1484375,16.684725
55.722656,107.92969,36.38672,73.21289,22.1484375,10.4008665
55.722656,107.92969,36.38672,73.21289,22.1484375,6.500541
55.722656,108.01758,36.5625,73.21289,22.1484375,4.225352
55.810547,108.19336,36.65039,73.21289,22.1484375,3.6836405
55.8984375,108.45703,37.177734,73.21289,22.1484375,2.6002166
55.8984375,109.072266,37.88086,73.21289,22.1484375,1.8418202
55.8984375,109.59961,38.3203125,73.21289,22.1484375,1.3001083
55.810547,110.12695,38.935547,73.21289,22.1484375,1.0834236
55.634766,110.6543,39.28711,73.21289,22.1484375,0.8667389
55.1953125,111.00586,39.46289,73.38867,22.1484375,0.8667389
54.66797,111.44531,39.46289,73.38867,21.972656,0.8667389
53.964844,111.97266,39.55078,73.38867,21.621094,0.8667389
52.998047,112.5,39.55078,73.56445,21.18164,0.8667389
51.94336,113.37891,39.902344,73.740234,20.566406,0.8667389
50.625,114.16992,40.253906,73.828125,19.77539,0.8667389
48.779297,114.697266,40.341797,73.828125,18.896484,0.8667389
46.66992,115.40039,40.341797,74.0918,18.105469,0.8667389
44.384766,116.2793,40.95703,74.61914,17.138672,0.8667389
42.01172,117.333984,41.748047,75.05859,16.347656,0.8667389
39.28711,118.30078,42.09961,75.76172,15.8203125,0.8667389
36.29883,119.17969,42.27539,76.552734,15.556641,0.8667389
33.48633,120.05859,42.36328,77.34375,15.292969,0.8667389
30.322266,121.20117,42.802734,77.958984,15.029297,0.8667389
27.158203,122.34375,43.154297,78.48633,14.589844,0.8667389
24.697266,123.39844,43.33008,78.75,14.326172,0.8667389
22.324219,124.541016,43.33008,78.75,14.238281,0.8667389
20.566406,125.947266,43.76953,78.75,14.150391,0.8667389
19.160156,127.5293,44.6484375,78.75,14.150391,0.8667389
18.19336,129.46289,45.527344,78.75,14.150391,0.8667389
17.314453,131.3086,46.58203,78.75,14.326172,0.8667389
16.875,133.41797,47.8125,78.75,14.501953,0.8667389
16.611328,135.79102,49.04297,78.75,14.677734,0.8667389
16.611328,138.16406,50.36133,78.75,14.765625,0.8667389
16.611328,140.88867,52.03125,78.66211,14.677734,0.8667389
16.611328,143.78906,53.876953,78.57422,14.765625,0.8667389
16.347656,146.77734,55.810547,78.57422,14.941406,0.8667389
15.732422,150.11719,57.91992,78.57422,15.292969,0.8667389
15.205078,153.45703,59.765625,78.66211,15.732422,0.8667389
14.765625,156.88477,61.78711,78.92578,16.171875,0.8667389
14.501953,160.92773,63.984375,79.01367,16.5234375,0.8667389
14.326172,164.17969,65.91797,79.80469,16.78711,0.8667389
14.0625,168.13477,67.32422,80.68359,17.2265625,0.8667389
14.150391,171.65039,67.85156,81.29883,17.490234,0.8667389
14.501953,175.078125,68.99414,81.73828,17.666016,0.8667389
14.501953,178.50586,70.3125,82.44141,17.841797,0.8667389
14.589844,181.58203,71.98242,82.70508,17.666016,0.8667389
14.677734,184.21875,74.00391,82.79297,17.666016,0.8667389
14.677734,186.85547,76.552734,83.14453,17.666016,0.8667389
14.677734,188.61328,78.83789,84.02344,17.753906,0.8667389
14.677734,189.3164,80.15625,84.46289,17.666016,0.8667389
14.941406,189.49219,81.91406,84.81445,17.666016,0.8667389
15.292969,189.58008,83.23242,84.81445,17.666016,0.8667389
15.46875,189.75586,84.72656,84.46289,17.666016,0.8667389
15.732422,189.75586,86.92383,84.02344,17.666016,0.8667389
15.996094,189.75586,88.85742,83.32031,17.666016,0.8667389
15.8203125,189.75586,91.05469,82.00195,17.666016,0.8667389
15.380859,189.75586,93.7793,80.5957,17.578125,0.8667389
14.941406,189.75586,97.20703,79.541016,17.314453,0.8667389
14.326172,189.75586,100.546875,78.31055,17.2265625,0.8667389
13.798828,189.75586,104.0625,77.08008,17.138672,0.8667389
13.623047,189.75586,107.666016,76.11328,16.96289,0.8667389
13.447266,189.75586,111.44531,75.322266,16.611328,0.8667389
12.568359,189.75586,114.96094,74.61914,16.171875,0.8667389
12.041016,189.75586,118.740234,74.00391,15.556641,0.8667389
11.6015625,189.75586,122.43164,73.65234,14.941406,0.8667389
11.074219,189.75586,126.21094,73.38867,14.326172,0.8667389
10.8984375,189.75586,129.72656,73.21289,13.798828,0.8667389
10.810547,189.75586,133.1543,73.125,13.359375,0.8667389
10.810547,189.75586,136.49414,73.03711,12.832031,0.8667389
10.8984375,189.75586,139.83398,73.21289,12.392578,0.8667389
10.722656,189.75586,142.99805,73.30078,11.6015625,0.8667389
10.1953125,189.75586,146.07422,73.65234,10.810547,0.8667389
9.580078,189.75586,148.97461,73.828125,10.107422,0.8667389
9.052734,189.75586,151.96289,73.828125,9.667969,0.8667389
8.525391,189.75586,155.12695,73.828125,9.4921875,0.8667389
8.0859375,189.75586,157.67578,74.00391,8.964844,0.8667389
8.173828,189.75586,159.78516,73.65234,8.964844,0.8667389
8.349609,189.75586,161.71875,73.740234,8.4375,0.8667389
8.4375,189.75586,163.03711,74.26758,8.613281,0.8667389
8.7890625,189.75586,164.17969,74.61914,8.261719,0.8667389
8.876953,189.75586,165.49805,74.53125,8.261719,0.8667389
8.701172,189.75586,166.37695,74.53125,8.349609,0.8667389
8.613281,189.75586,166.99219,74.53125,8.525391,0.8667389
8.613281,189.75586,167.25586,74.44336,8.4375,0.8667389
8.701172,189.75586,167.51953,74.17969,7.8222656,0.8667389
8.701172,189.75586,167.60742,74.17969,7.294922,0.8667389
8.701172,189.75586,167.60742,74.0918,6.85546875,0.8667389
8.701172,189.75586,167.60742,73.916016,6.50390625,0.8667389
8.701172,189.75586,167.60742,73.56445,6.15234375,0.8667389
8.701172,189.75586,167.60742,73.56445,5.5371094,0.8667389
8.701172,189.75586,167.60742,73.47656,4.921875,0.8667389
8.701172,189.75586,167.60742,73.56445,4.5703125,0.8667389
8.701172,189.75586,167.60742,73.65234,4.39453125,0.8667389
8.701172,189.75586,167.60742,73.65234,4.21875,0.8667389
8.701172,189.75586,167.60742,73.65234,4.21875,0.8667389
8.701172,189.75586,167.60742,73.65234,4.21875,0.8667389
8.701172,189.75586,167.60742,73.65234,4.1308594,0.8667389
8.701172,189.75586,167.60742,73.740234,4.1308594,0.8667389
8.701172,189.75586,167.60742,73.740234,4.04296875,0.8667389
8.701172,189.75586,167.60742,73.740234,4.04296875,0.8667389
8.701172,189.75586,167.60742,73.740234,4.04296875,0.8667389
8.701172,189.75586,167.60742,73.740234,4.04296875,0.8667389
8.701172,189.75586,167.60742,73.740234,4.04296875,0.8667389
8.701172,189.75586,167.60742,73.740234,4.04296875,0.8667389
8.701172,189.75586,167.60742,73.740234,4.04296875,0.8667389
8.701172,189.75586,167.60742,73.740234,4.04296875,0.8667389
8.701172,189.75586,167.60742,73.740234,4.04296875,0.8667389
8.701172,189.75586,167.60742,73.740234,4.04296875,0.8667389
8.701172,189.75586,167.60742,73.740234,4.04296875,0.8667389
8.701172,189.75586,167.60742,73.740234,4.04296875,0.8667389
8.701172,189.75586,167.60742,73.740234,4.04296875,0.8667389
8.701172,189.75586,167.60742,73.740234,4.04296875,0.8667389
8.701172,189.75586,167.60742,73.740234,4.04296875,0.8667389
8.701172,189.75586,167.60742,73.740234,4.04296875,0.8667389
8.701172,189.75586,167.60742,73.740234,4.04296875,0.8667389
8.701172,189.75586,167.60742,73.740234,4.04296875,0.8667389
8.701172,189.75586,167.60742,73.740234,4.04296875,0.8667389
8.701172,189.75586,167.60742,73.740234,4.04296875,0.8667389
8.701172,189.75586,167.60742,73.740234,4.04296875,0.8667389
8.701172,189.75586,167.60742,73.740234,4.04296875,0.8667389
8.701172,189.75586,167.60742,73.740234,4.04296875,0.8667389
8.701172,189.75586,167.60742,73.740234,4.04296875,0.8667389
8.613281,189.75586,167.60742,73.740234,4.1308594,0.8667389
8.349609,189.75586,167.60742,73.65234,4.21875,0.8667389
5.5371094,189.75586,167.60742,73.38867,4.39453125,0.8667389
2.98828125,189.75586,167.60742,73.21289,4.3066406,0.8667389
1.40625,189.75586,167.60742,73.21289,4.482422,0.8667389
1.0546875,189.75586,167.60742,73.21289,4.658203,0.8667389
1.4941406,189.75586,167.60742,73.21289,5.09765625,0.8667389
1.1425781,189.75586,167.60742,73.21289,5.09765625,0.8667389
0.7910156,189.75586,167.60742,73.21289,4.8339844,0.8667389
0.52734375,189.75586,167.60742,73.21289,4.74609375,0.8667389
0.087890625,189.75586,167.60742,73.21289,4.74609375,0.8667389
-0.17578125,189.75586,167.60742,73.21289,4.74609375,0.8667389
-0.17578125,189.75586,167.60742,73.21289,4.74609375,0.8667389
-0.17578125,189.75586,167.60742,73.21289,4.74609375,0.8667389
-0.17578125,189.75586,167.60742,73.21289,4.74609375,0.8667389
-0.17578125,189.75586,167.60742,73.21289,4.74609375,0.8667389
-0.17578125,189.75586,167.60742,73.21289,4.74609375,0.8667389
-0.17578125,189.75586,167.60742,73.21289,4.74609375,0.8667389
-0.17578125,189.75586,167.60742,73.21289,4.74609375,0.8667389
-0.17578125,189.75586,167.60742,73.21289,4.74609375,0.8667389
-0.17578125,189.75586,167.60742,73.21289,4.74609375,0.8667389
-0.17578125,189.75586,167.60742,73.21289,4.74609375,0.8667389
-0.17578125,189.75586,167.60742,73.21289,4.74609375,0.8667389
-0.17578125,189.75586,167.60742,73.21289,4.74609375,0.8667389
-0.17578125,189.75586,167.60742,73.21289,4.8339844,0.8667389
-0.17578125,189.75586,167.60742,73.21289,5.185547,0.8667389
-0.17578125,189.75586,167.60742,73.21289,5.44921875,0.8667389
-0.17578125,189.75586,167.60742,73.21289,5.625,0.8667389
-0.17578125,189.75586,167.60742,73.21289,5.625,0.8667389
-0.17578125,189.75586,167.60742,73.21289,5.625,0.8667389
-0.17578125,189.75586,167.60742,73.21289,5.625,0.8667389
-0.17578125,189.75586,167.60742,73.21289,5.625,0.8667389
-0.17578125,189.75586,167.60742,73.21289,5.888672,0.8667389
-0.17578125,189.75586,167.60742,73.21289,6.2402344,0.8667389
-0.17578125,189.75586,167.60742,73.21289,6.50390625,0.8667389
-0.17578125,189.75586,167.60742,72.77344,6.85546875,0.8667389
-0.17578125,189.75586,167.60742,72.509766,7.470703,0.8667389
-0.17578125,189.75586,167.60742,72.421875,8.0859375,0.8667389
-0.17578125,189.75586,167.60742,72.24609,8.173828,0.8667389
-0.17578125,189.75586,167.60742,71.89453,7.998047,0.8667389
-0.17578125,189.75586,167.60742,71.71875,7.998047,0.8667389
-0.17578125,189.75586,167.60742,71.71875,7.998047,0.8667389
-0.17578125,189.75586,167.60742,71.89453,7.998047,0.8667389
-0.17578125,189.75586,167.60742,72.1582,7.998047,0.8667389
-0.263671875,189.3164,167.16797,72.59766,7.998047,0.8667389
-0.3515625,188.26172,166.46484,72.86133,8.173828,0.8667389
-0.3515625,186.5918,163.74023,72.77344,8.4375,0.8667389
-0.263671875,184.21875,161.2793,73.03711,8.349609,0.8667389
-0.17578125,181.49414,158.11523,74.00391,7.8222656,0.8667389
0.3515625,178.76953,154.6875,75.146484,7.03125,0.8667389
0.9667969,176.2207,150.38086,76.46484,7.03125,0.8667389
1.6699219,173.671875,146.25,78.92578,7.20703125,0.8667389
2.109375,171.38672,142.20703,80.5957,6.9433594,0.8667389
2.1972656,168.83789,137.63672,82.61719,6.9433594,0.8667389
2.1972656,166.02539,132.45117,85.078125,6.9433594,0.8667389
2.1972656,163.125,127.08984,87.36328,6.9433594,0.8667389
2.109375,160.13672,121.20117,89.73633,6.9433594,0.8667389
2.109375,157.06055,115.22461,92.197266,7.1191406,0.8667389
1.7578125,154.24805,109.6875,94.39453,7.6464844,0.8667389
1.3183594,151.25977,103.79883,97.11914,8.0859375,0.8667389
0.87890625,147.83203,97.91016,100.19531,8.613281,0.8667389
0.6152344,144.49219,92.37305,102.30469,9.316406,0.8667389
0.087890625,141.328125,87.1875,103.62305,10.019531,0.8667389
-0.263671875,138.7793,82.96875,103.79883,10.8984375,0.8667389
-0.439453125,136.75781,79.98047,104.23828,12.041016,0.8667389
-0.439453125,134.91211,77.51953,104.677734,13.095703,0.8667389
-0.3515625,133.41797,75.41016,104.94141,13.886719,0.8667389
-0.17578125,131.484375,73.38867,105.11719,14.765625,0.8667389
0.17578125,129.02344,71.63086,105.20508,15.732422,0.8667389
-0.087890625,126.5625,70.48828,105.20508,16.699219,0.8667389
-0.087890625,124.541016,69.3457,105.20508,17.490234,0.8667389
0.0,122.69531,68.37891,105.29297,18.017578,0.8667389
0.0,120.76172,67.32422,105.29297,18.544922,0.8667389
0.0,118.56445,66.796875,105.29297,19.072266,0.8667389
0.0,116.45508,66.18164,105.29297,19.423828,0.8667389
0.0,114.43359,65.74219,105.29297,19.59961,0.8667389
0.0,112.5,65.03906,105.29297,19.6875,0.8667389
0.0,110.74219,64.072266,105.29297,19.77539,0.8667389
0.0,109.072266,62.9296875,105.29297,19.77539,0.8667389
0.0,107.75391,61.78711,105.29297,19.77539,0.9750812
0.17578125,106.43555,60.8203125,105.29297,19.77539,1.6251353
0.3515625,105.82031,60.29297,105.29297,19.77539,2.8169014
0.52734375,105.55664,60.029297,105.29297,19.77539,4.1170096
0.6152344,105.46875,59.853516,105.29297,19.77539,7.8006496
0.52734375,105.46875,59.677734,105.29297,19.77539,11.484291
0.439453125,105.38086,59.677734,105.29297,19.6875,15.276273
0.6152344,105.0293,59.501953,105.29297,19.423828,19.501625
0.9667969,104.765625,59.501953,105.29297,19.248047,23.618635
1.1425781,104.50195,59.501953,105.29297,18.984375,27.6273
1.58203125,104.32617,59.501953,105.29297,18.544922,30.985916
2.109375,104.15039,59.501953,105.29297,18.28125,33.36945
2.3730469,104.15039,59.501953,105.29297,18.19336,35.536297
2.5488281,104.15039,59.501953,105.29297,18.017578,37.378113
2.9003906,104.0625,59.501953,105.29297,17.578125,38.678223
3.1640625,103.71094,59.501953,105.29297,17.402344,39.43662
3.33984375,103.53516,59.677734,105.11719,17.314453,40.4117
3.515625,103.271484,60.29297,105.0293,17.138672,41.603466
3.6035156,103.18359,60.996094,104.765625,17.138672,42.79523
3.6035156,103.271484,62.13867,104.15039,17.314453,44.42037
3.4277344,103.359375,63.6328125,103.18359,17.490234,45.82882
3.2519531,103.359375,65.12695,101.68945,17.666016,46.587215
3.0761719,102.83203,66.44531,100.10742,17.666016,47.020584
3.0761719,102.39258,68.02734,98.70117,17.666016,47.562298
3.1640625,101.68945,69.3457,97.03125,17.666016,48.104008
3.2519531,100.89844,70.66406,95.18555,17.666016,48.64572
3.2519531,100.37109,72.421875,93.25195,17.666016,49.187435
3.2519531,99.75586,74.44336,90.9668,17.666016,49.404118
3.2519531,99.31641,76.28906,88.85742,17.666016,49.6208
3.4277344,98.70117,78.22266,86.83594,17.490234,49.945827
3.6035156,97.822266,79.98047,84.81445,17.314453,50.48754
4.04296875,96.76758,81.29883,82.79297,17.2265625,51.24594
4.21875,95.44922,82.5293,81.03516,17.138672,52.437706
4.658203,93.7793,83.05664,80.15625,17.050781,53.412785
5.09765625,91.93359,83.4082,79.18945,16.699219,54.17118
5.361328,90.08789,84.02344,77.60742,16.435547,55.146263
5.7128906,88.59375,85.078125,76.02539,16.259766,56.446373
6.064453,87.1875,86.484375,74.35547,16.171875,57.638138
6.328125,85.78125,87.62695,72.68555,16.171875,58.72156
6.50390625,84.63867,88.59375,71.54297,16.171875,59.80498
6.591797,83.671875,88.94531,70.66406,16.171875,61.6468
6.6796875,83.14453,89.0332,69.78516,16.171875,61.321777
6.767578,82.5293,88.94531,68.90625,16.171875,62.18852
6.767578,82.177734,88.94531,68.291016,16.171875,62.838573
6.85546875,81.73828,88.94531,67.76367,16.347656,63.163597
6.9433594,81.03516,89.12109,67.23633,16.171875,63.488625
6.767578,80.41992,89.56055,66.62109,16.171875,63.380283
6.50390625,79.89258,89.82422,66.18164,16.171875,63.163597
6.50390625,79.62891,89.82422,66.00586,16.171875,63.055252
6.4160156,79.453125,89.73633,65.478516,16.259766,62.296856
6.4160156,79.27734,89.73633,65.03906,16.171875,60.88841
6.4160156,79.27734,89.73633,64.59961,16.259766,57.096428
6.4160156,79.453125,89.73633,63.984375,16.5234375,51.895992
6.50390625,79.453125,89.56055,63.896484,16.611328,43.336945
6.6796875,79.365234,88.76953,63.720703,16.5234375,35.31961
6.6796875,79.453125,87.71484,63.45703,16.699219,26.218853
6.50390625,79.62891,86.2207,63.808594,15.996094,19.176598
6.328125,79.7168,86.2207,63.808594,16.347656,15.817985
5.888672,80.24414,87.01172,63.36914,16.435547,14.951245
5.5371094,80.68359,87.01172,63.54492,16.611328,14.951245
5.44921875,81.29883,86.66016,63.6328125,17.050781,14.951245
5.44921875,82.08984,86.484375,63.6328125,17.050781,14.951245
5.44921875,82.88086,87.01172,63.720703,17.314453,14.951245
5.44921875,83.583984,87.62695,63.6328125,17.2265625,14.951245
5.44921875,84.72656,88.50586,63.720703,16.96289,14.951245
5.44921875,85.86914,89.56055,64.33594,16.435547,14.951245
5.361328,87.01172,90.26367,65.12695,15.996094,14.951245
5.361328,88.33008,90.615234,66.796875,16.347656,14.951245
5.2734375,89.82422,90.791016,67.67578,15.908203,14.951245
5.5371094,91.31836,90.703125,68.291016,16.083984,14.951245
5.9765625,92.90039,90.52734,69.43359,15.908203,14.951245
6.328125,94.74609,90.52734,71.36719,15.732422,14.951245
6.591797,96.328125,89.82422,73.47656,15.644531,14.951245
7.03125,97.822266,88.59375,75.9375,15.1171875,14.951245
7.3828125,99.58008,87.27539,79.01367,15.029297,14.951245
7.8222656,101.33789,85.78125,81.47461,15.205078,14.951245
8.349609,102.83203,83.671875,83.93555,15.380859,14.951245
8.964844,103.88672,80.947266,86.74805,15.556641,14.951245
9.755859,104.853516,78.046875,89.296875,15.8203125,14.951245
10.546875,105.82031,75.322266,91.40625,15.644531,14.951245
11.513672,106.78711,72.1582,93.427734,15.380859,14.951245
12.832031,107.666016,68.81836,95.36133,15.205078,14.842903
14.501953,108.45703,65.390625,97.20703,15.380859,14.842903
16.171875,109.072266,61.5234375,99.228516,15.46875,14.842903
18.017578,109.24805,57.56836,101.42578,15.292969,14.842903
20.390625,109.24805,53.34961,103.00781,14.941406,14.842903
22.939453,109.77539,50.009766,103.18359,14.501953,14.842903
25.488281,110.74219,47.4609375,103.88672,14.326172,14.734562
28.388672,111.884766,45.527344,104.32617,13.7109375,14.517877
31.464844,113.115234,43.9453125,104.41406,13.447266,14.517877
34.453125,114.25781,42.714844,104.41406,13.271484,14.517877
37.70508,115.13672,41.8359375,104.41406,13.271484,14.517877
40.60547,115.927734,40.95703,104.15039,13.535156,14.517877
43.2421875,116.54297,40.341797,104.15039,13.798828,14.517877
45.26367,117.333984,39.990234,103.97461,14.238281,14.517877
47.197266,117.94922,39.7265625,103.79883,14.765625,14.517877
48.427734,118.38867,39.46289,103.18359,15.205078,14.517877
49.39453,118.65234,39.375,102.39258,15.644531,14.517877
50.88867,118.828125,39.28711,101.25,16.259766,14.517877
52.29492,118.916016,39.28711,99.75586,16.78711,14.517877
53.61328,118.916016,39.28711,98.08594,17.314453,14.517877
55.10742,118.65234,39.28711,96.240234,17.9296875,14.517877
56.51367,117.94922,38.759766,94.6582,18.19336,14.517877
57.48047,116.36719,37.089844,93.603516,18.6328125,14.517877
58.183594,114.25781,34.89258,92.90039,19.160156,14.517877
58.7109375,111.62109,32.08008,92.197266,19.3359375,14.517877
59.4140625,108.896484,29.267578,91.40625,19.59961,14.517877
60.029297,106.43555,27.158203,90.43945,19.59961,14.517877
60.55664,104.58984,26.015625,89.208984,19.6875,14.409534
60.908203,103.0957,25.576172,87.978516,19.77539,14.409534
61.435547,101.68945,25.3125,86.92383,19.77539,14.409534
61.69922,100.37109,25.136719,85.78125,19.77539,14.409534
61.69922,99.228516,24.9609375,84.72656,19.77539,14.409534
61.61133,98.08594,24.609375,83.93555,19.77539,14.409534
61.435547,97.29492,24.433594,83.4082,19.77539,14.409534
61.435547,96.5918,24.345703,82.79297,19.77539,14.409534
61.435547,96.06445,24.345703,82.265625,19.6875,14.409534
61.435547,95.97656,24.345703,82.00195,19.423828,14.409534
61.5234375,95.80078,24.345703,81.73828,19.3359375,14.409534
61.5234375,95.71289,24.345703,81.65039,19.248047,14.409534
61.5234375,95.71289,24.345703,81.65039,19.248047,14.409534
61.435547,95.71289,24.345703,81.65039,19.248047,14.409534
61.435547,95.71289,24.345703,81.65039,19.248047,14.409534
61.435547,95.71289,24.345703,81.65039,19.248047,14.842903
61.435547,95.625,24.345703,81.65039,19.248047,17.551462
61.435547,95.625,24.345703,81.65039,19.248047,21.56013
61.5234375,95.625,24.345703,81.65039,19.248047,25.785482
61.435547,95.625,24.345703,81.65039,19.248047,32.827736
61.347656,95.625,24.345703,81.65039,19.072266,41.170097
61.259766,95.625,24.345703,81.65039,18.6328125,49.729145
61.083984,95.625,24.345703,81.65039,18.36914,58.504875
61.083984,95.625,24.345703,81.65039,18.19336,66.088844
61.083984,95.625,24.345703,82.00195,18.105469,72.372696
61.083984,95.625,24.345703,82.00195,18.105469,76.48971
61.171875,95.625,24.345703,82.00195,18.105469,79.08992
61.259766,95.625,24.345703,82.00195,18.105469,80.71506
61.259766,95.625,24.345703,82.00195,18.105469,82.01517
61.259766,95.71289,24.345703,82.00195,18.105469,83.09859
61.171875,95.71289,24.345703,82.00195,18.105469,83.74864
61.083984,95.71289,24.345703,82.177734,18.105469,84.07368
60.996094,95.71289,24.345703,82.61719,18.105469,84.182014
60.996094,95.71289,24.345703,82.70508,18.105469,83.640305
60.996094,95.71289,24.345703,82.88086,18.105469,82.23186
60.996094,95.71289,24.345703,82.88086,18.105469,80.065
60.64453,95.71289,24.345703,82.88086,18.017578,76.814735
60.55664,95.71289,24.345703,82.88086,17.578125,71.289276
60.38086,95.71289,24.2578125,82.88086,17.402344,64.89707
60.1171875,95.71289,24.2578125,82.88086,17.2265625,58.504875
59.941406,95.71289,24.2578125,82.88086,17.138672,50.812565
59.941406,95.71289,24.2578125,82.79297,17.138672,42.145176
59.941406,95.71289,24.2578125,82.79297,17.138672,33.152763
59.941406,95.71289,24.2578125,82.79297,17.138672,23.83532
60.029297,95.71289,24.2578125,82.79297,17.138672,15.492958
60.1171875,95.71289,24.2578125,82.79297,17.138672,9.750813
60.20508,95.71289,24.2578125,82.79297,17.138672,6.1755147
60.20508,95.71289,24.2578125,82.79297,17.050781,4.1170096
60.1171875,95.71289,24.2578125,82.79297,16.699219,3.6836405
60.029297,95.80078,24.2578125,82.79297,16.435547,2.6002166
59.941406,95.88867,24.2578125,82.88086,16.259766,1.7334778
59.941406,95.97656,24.2578125,83.05664,16.259766,1.3001083
59.941406,96.240234,24.2578125,83.14453,16.259766,1.0834236
59.501953,96.5918,24.2578125,83.32031,16.171875,0.8667389
58.88672,97.11914,24.2578125,83.759766,15.644531,0.8667389
58.095703,97.822266,24.2578125,83.759766,15.380859,0.8667389
57.3046875,98.52539,24.2578125,83.759766,15.1171875,0.8667389
56.25,99.49219,24.2578125,83.759766,14.677734,0.8667389
54.66797,100.37109,24.2578125,83.759766,14.150391,0.8667389
52.470703,101.33789,24.521484,83.759766,13.535156,0.8667389
50.097656,102.65625,25.136719,83.759766,12.919922,0.8667389
47.63672,104.23828,25.839844,83.93555,12.568359,0.8667389
44.73633,105.64453,26.80664,84.46289,12.216797,0.8667389
41.484375,106.96289,27.597656,84.990234,11.689453,0.8667389
37.70508,108.10547,28.03711,85.60547,11.425781,0.8667389
34.01367,108.896484,28.125,86.04492,11.25,0.8667389
30.322266,109.77539,28.125,86.484375,11.162109,0.8667389
26.63086,110.6543,28.125,87.01172,11.162109,0.8667389
22.8515625,111.44531,28.125,87.71484,11.074219,0.8667389
19.248047,112.32422,28.125,88.59375,11.074219,0.8667389
16.259766,113.291016,28.125,89.384766,11.074219,0.8667389
13.798828,114.16992,28.125,90.0,11.074219,0.8667389
12.041016,115.13672,28.125,90.703125,11.074219,0.8667389
10.810547,116.2793,28.125,91.40625,11.074219,0.8667389
10.107422,117.68555,28.388672,91.93359,11.074219,0.8667389
9.931641,119.26758,29.091797,92.54883,11.074219,0.8667389
9.404297,121.20117,29.970703,92.72461,11.074219,0.8667389
9.052734,123.39844,31.464844,92.72461,11.074219,0.8667389
8.525391,126.03516,33.046875,92.90039,11.074219,0.8667389
7.734375,128.84766,34.98047,93.515625,11.162109,0.8667389
6.6796875,131.83594,36.82617,94.04297,11.689453,0.8667389
5.44921875,134.91211,38.671875,94.74609,12.3046875,0.8667389
4.3066406,138.25195,40.51758,95.625,12.919922,0.8667389
3.9550781,141.76758,42.45117,96.5918,13.271484,0.8667389
4.74609375,145.19531,44.384766,97.4707,13.271484,0.8667389
5.80078125,148.71094,46.0546875,98.26172,13.095703,0.8667389
6.591797,152.7539,47.63672,98.61328,13.0078125,0.8667389
7.03125,156.00586,49.39453,99.052734,13.0078125,0.8667389
7.20703125,159.87305,51.064453,99.84375,12.568359,0.8667389
8.349609,163.56445,51.6796875,100.72266,12.3046875,0.8667389
8.4375,166.99219,52.558594,101.42578,12.480469,0.8667389
7.6464844,170.15625,53.70117,103.00781,12.216797,0.8667389
7.91015625,172.5293,55.01953,103.18359,11.953125,0.8667389
7.998047,174.72656,57.216797,103.271484,12.3046875,0.8667389
8.349609,176.66016,59.32617,103.18359,12.480469,0.8667389
8.876953,178.68164,61.96289,102.74414,12.65625,0.8667389
9.4921875,180.61523,64.51172,102.12891,12.65625,0.8667389
9.404297,182.63672,66.884766,101.51367,12.744141,0.8667389
9.140625,184.6582,69.78516,100.634766,12.832031,0.8667389
8.613281,186.67969,72.94922,99.140625,13.0078125,0.8667389
7.8222656,188.52539,76.46484,97.99805,13.359375,0.8667389
7.6464844,189.3164,78.66211,97.29492,13.535156,0.8667389
7.55859375,189.49219,81.5625,96.67969,13.7109375,0.8667389
7.55859375,189.58008,84.990234,95.80078,13.623047,0.8667389
7.734375,189.75586,87.36328,94.833984,13.271484,0.8667389
7.91015625,189.75586,90.26367,93.33984,13.183594,0.8667389
7.91015625,189.75586,92.72461,91.75781,13.183594,0.8667389
7.8222656,189.75586,95.36133,90.17578,13.183594,0.8667389
7.91015625,189.75586,98.08594,88.24219,13.359375,0.8667389
7.998047,189.75586,101.16211,86.396484,13.183594,0.8667389
7.998047,189.75586,104.32617,84.55078,13.095703,0.8667389
7.998047,189.75586,107.8418,82.61719,12.65625,0.8667389
7.998047,189.75586,111.26953,81.12305,12.216797,0.8667389
8.0859375,189.75586,114.609375,80.06836,11.689453,0.8667389
8.173828,189.75586,117.94922,79.365234,11.162109,0.8667389
8.525391,189.75586,121.46484,78.66211,10.722656,0.8667389
9.404297,189.75586,124.80469,77.958984,10.458984,0.8667389
10.1953125,189.75586,128.14453,77.51953,10.283203,0.8667389
10.986328,189.75586,131.39648,77.08008,10.283203,0.8667389
11.337891,189.75586,134.56055,76.46484,10.810547,0.8667389
11.425781,189.75586,137.54883,75.49805,11.25,0.8667389
11.337891,189.75586,140.27344,74.70703,11.777344,0.8667389
10.986328,189.75586,142.82227,74.00391,12.216797,0.8667389
10.458984,189.75586,145.3711,73.56445,12.3046875,0.8667389
9.84375,189.75586,148.0957,73.30078,11.777344,0.8667389
9.580078,189.75586,150.9082,73.03711,10.810547,0.8667389
9.140625,189.75586,154.33594,73.03711,10.107422,0.8667389
8.701172,189.75586,157.41211,73.47656,9.931641,0.8667389
8.4375,189.75586,160.22461,72.94922,9.052734,0.8667389
8.349609,189.75586,162.50977,73.56445,7.8222656,0.8667389
8.0859375,189.75586,163.56445,74.17969,7.998047,0.8667389
8.173828,189.75586,164.61914,74.88281,7.734375,0.8667389
8.0859375,189.75586,165.9375,75.41016,7.294922,0.8667389
8.0859375,189.75586,166.640625,75.76172,6.767578,0.8667389
8.0859375,189.75586,167.08008,75.9375,6.328125,0.8667389
8.173828,189.75586,167.34375,76.02539,5.80078125,0.8667389
8.0859375,189.75586,167.51953,75.9375,5.361328,0.8667389
7.6464844,189.75586,167.51953,75.84961,4.8339844,0.8667389
7.294922,189.75586,167.51953,75.84961,4.5703125,0.8667389
6.767578,189.75586,167.51953,75.76172,4.3066406,0.8667389
6.4160156,189.75586,167.51953,75.58594,4.21875,0.8667389
6.064453,189.75586,167.51953,75.58594,4.1308594,0.8667389
5.888672,189.75586,167.51953,75.49805,3.8671875,0.8667389
5.888672,189.75586,167.51953,75.322266,3.33984375,0.8667389
5.888672,189.75586,167.51953,74.79492,2.63671875,0.8667389
5.888672,189.75586,167.51953,74.0918,1.93359375,0.8667389
5.9765625,189.75586,167.51953,73.740234,1.40625,0.8667389
5.625,189.75586,167.51953,73.65234,0.87890625,0.8667389
5.44921875,189.75586,167.51953,73.56445,1.0546875,0.8667389
5.09765625,189.75586,167.51953,73.56445,1.4941406,0.8667389
4.921875,189.75586,167.51953,73.56445,1.58203125,0.8667389
4.921875,189.75586,167.51953,73.56445,1.58203125,0.8667389
5.0097656,189.75586,167.51953,73.56445,1.58203125,0.8667389
5.0097656,189.75586,167.51953,73.56445,1.58203125,0.8667389
5.0097656,189.75586,167.51953,73.56445,1.58203125,0.8667389
5.0097656,189.75586,167.51953,73.56445,1.58203125,0.8667389
5.0097656,189.75586,167.51953,73.56445,1.58203125,0.8667389
5.0097656,189.75586,167.51953,73.56445,1.58203125,0.8667389
5.0097656,189.75586,167.51953,73.56445,1.58203125,0.8667389
5.0097656,189.75586,167.51953,73.56445,1.58203125,0.8667389
5.0097656,189.75586,167.51953,73.56445,1.58203125,0.8667389
5.0097656,189.75586,167.51953,73.56445,1.58203125,0.8667389
5.0097656,189.75586,167.51953,73.56445,1.58203125,0.8667389
5.0097656,189.75586,167.51953,73.56445,1.58203125,0.8667389
5.0097656,189.75586,167.51953,73.56445,1.58203125,0.8667389
5.0097656,189.75586,167.51953,73.56445,1.58203125,0.8667389
5.0097656,189.75586,167.51953,73.56445,1.58203125,0.8667389
5.0097656,189.75586,167.51953,73.56445,1.58203125,0.8667389
5.0097656,189.75586,167.51953,73.56445,1.58203125,0.8667389
5.0097656,189.75586,167.51953,73.56445,1.58203125,0.8667389
5.0097656,189.75586,167.51953,73.56445,1.58203125,0.8667389
5.0097656,189.75586,167.51953,73.56445,1.58203125,0.8667389
5.0097656,189.75586,167.51953,73.56445,1.58203125,0.8667389
5.0097656,189.75586,167.51953,73.56445,1.58203125,0.8667389
5.0097656,189.75586,167.51953,73.56445,1.58203125,0.8667389
5.0097656,189.75586,167.51953,73.56445,1.58203125,0.8667389
5.0097656,189.75586,167.51953,73.56445,1.58203125,0.8667389
5.0097656,189.75586,167.51953,73.56445,1.4941406,0.8667389
5.0097656,189.75586,167.51953,73.56445,1.6699219,0.8667389
4.8339844,189.75586,167.51953,73.56445,2.109375,0.8667389
4.482422,189.75586,167.51953,73.56445,2.4609375,0.8667389
4.3066406,189.75586,167.51953,73.56445,2.63671875,0.8667389
4.21875,189.75586,167.51953,73.56445,2.7246094,0.8667389
4.1308594,189.75586,167.51953,73.56445,2.8125,0.8667389
4.1308594,189.75586,167.51953,73.56445,2.8125,0.8667389
4.1308594,189.75586,167.51953,73.56445,2.8125,0.8667389
4.21875,189.75586,167.51953,73.56445,2.8125,0.8667389
4.1308594,189.75586,167.51953,73.56445,2.8125,0.8667389
4.1308594,189.75586,167.51953,73.56445,2.8125,0.8667389
4.1308594,189.75586,167.51953,73.56445,2.8125,0.8667389
4.1308594,189.75586,167.51953,73.56445,2.9003906,0.8667389
4.1308594,189.75586,167.51953,73.56445,3.2519531,0.8667389
4.1308594,189.75586,167.51953,73.56445,3.515625,0.8667389
4.1308594,189.75586,167.51953,73.56445,3.6035156,0.8667389
4.1308594,189.75586,167.51953,73.56445,3.69140625,0.8667389
4.1308594,189.75586,167.51953,73.56445,3.8671875,0.8667389
4.1308594,189.75586,167.51953,73.56445,3.8671875,0.8667389
4.1308594,189.75586,167.51953,73.56445,3.8671875,0.8667389
4.1308594,189.75586,167.51953,73.56445,3.8671875,0.8667389
4.1308594,189.75586,167.51953,73.56445,3.8671875,0.8667389
4.1308594,189.75586,167.51953,73.56445,3.8671875,0.8667389
4.1308594,189.75586,167.51953,73.56445,3.8671875,0.8667389
4.1308594,189.75586,167.51953,73.56445,3.9550781,0.8667389
4.1308594,189.75586,167.51953,73.56445,4.39453125,0.8667389
4.1308594,189.75586,167.51953,73.56445,4.5703125,0.8667389
4.1308594,189.75586,167.51953,73.56445,4.658203,0.8667389
4.1308594,189.75586,167.51953,73.56445,4.74609375,0.8667389
4.21875,189.75586,167.51953,73.56445,4.74609375,0.8667389
4.39453125,189.75586,167.51953,73.56445,4.8339844,0.8667389
4.5703125,189.75586,167.51953,73.56445,5.2734375,0.8667389
4.8339844,189.75586,167.51953,73.56445,5.5371094,0.8667389
5.2734375,189.75586,167.51953,73.56445,5.625,0.8667389
5.44921875,189.75586,167.51953,73.56445,5.9765625,0.8667389
5.80078125,189.75586,167.51953,73.56445,6.591797,0.8667389
5.9765625,189.75586,167.51953,73.47656,7.1191406,0.8667389
5.80078125,189.75586,167.51953,73.03711,7.470703,0.8667389
5.5371094,189.75586,167.51953,72.86133,7.6464844,0.8667389
5.185547,189.75586,167.51953,72.86133,7.734375,0.8667389
5.09765625,189.75586,167.51953,73.03711,7.8222656,0.8667389
5.361328,189.75586,167.51953,73.21289,7.8222656,0.8667389
5.888672,189.75586,167.51953,73.56445,7.8222656,0.8667389
6.4160156,189.75586,167.51953,73.65234,7.8222656,0.8667389
6.9433594,189.58008,167.51953,73.828125,7.8222656,0.8667389
7.20703125,188.78906,167.25586,73.740234,8.0859375,0.8667389
7.294922,187.5586,166.9043,73.38867,8.261719,0.8667389
7.294922,185.71289,165.84961,72.94922,8.701172,0.8667389
7.734375,183.25195,163.74023,72.07031,9.228516,0.8667389
8.261719,180.61523,161.98242,71.89453,9.755859,0.8667389
9.140625,177.80273,160.40039,72.24609,10.634766,0.8667389
9.931641,175.078125,157.85156,72.94922,10.8984375,0.8667389
10.019531,172.88086,155.21484,73.916016,11.513672,0.8667389
10.019531,170.5957,151.875,75.41016,12.3046875,0.8667389
9.755859,167.95898,148.27148,77.25586,12.65625,0.8667389
9.404297,165.14648,144.66797,78.83789,14.0625,0.8667389
9.404297,161.89453,140.625,80.771484,14.501953,0.8667389
9.316406,158.203125,135.79102,82.79297,15.908203,0.8667389
9.316406,154.51172,130.86914,85.078125,16.96289,0.8667389
9.316406,150.46875,125.50781,87.27539,17.841797,0.8667389
9.404297,146.07422,119.9707,89.56055,18.6328125,0.8667389
9.4921875,142.91016,114.87305,91.8457,19.248047,0.8667389
9.580078,139.13086,109.77539,94.21875,20.0390625,0.8667389
9.404297,135.17578,104.0625,96.76758,21.09375,0.8667389
9.4921875,131.92383,98.78906,100.19531,22.1484375,0.8667389
9.404297,128.23242,93.16406,102.56836,23.115234,0.8667389
9.404297,124.7168,87.802734,103.71094,23.642578,0.8667389
9.404297,121.46484,82.88086,103.79883,24.345703,0.8667389
9.316406,118.65234,78.39844,104.32617,24.873047,0.8667389
9.316406,116.36719,74.35547,104.94141,25.22461,0.8667389
9.228516,113.99414,70.75195,105.46875,25.40039,0.8667389
9.228516,111.97266,67.58789,105.73242,25.576172,0.8667389
8.964844,110.302734,64.6875,105.64453,25.927734,0.8667389
8.613281,108.63281,61.96289,105.64453,26.3671875,0.8667389
8.261719,107.13867,59.941406,105.73242,26.80664,0.8667389
7.8222656,105.73242,58.271484,105.73242,27.246094,0.8667389
7.3828125,104.58984,57.128906,105.73242,27.597656,0.8667389
7.1191406,103.359375,56.42578,105.73242,28.125,0.8667389
6.767578,102.2168,55.634766,106.083984,28.4765625,0.8667389
6.328125,101.07422,55.01953,105.9082,28.564453,0.8667389
5.888672,99.93164,54.66797,105.9082,29.003906,0.8667389
5.44921875,98.96484,54.140625,105.99609,29.355469,0.8667389
5.09765625,97.822266,53.26172,105.99609,29.355469,0.9750812
4.8339844,96.76758,52.3828125,105.99609,28.828125,2.383532
4.8339844,95.71289,51.503906,105.99609,28.4765625,5.092091
4.8339844,94.833984,50.71289,105.99609,28.300781,9.100759
4.74609375,94.21875,49.833984,105.99609,28.03711,13.542795
4.5703125,93.95508,49.39453,105.82031,27.597656,18.093174
4.482422,93.95508,49.30664,105.9082,27.333984,22.643555
4.21875,93.95508,49.30664,106.083984,27.333984,27.6273
4.04296875,93.95508,49.30664,105.99609,27.158203,31.852654
3.9550781,93.86719,49.39453,105.99609,27.158203,34.34453
3.9550781,93.86719,49.746094,105.99609,27.158203,35.86132
4.04296875,93.86719,49.833984,106.083984,27.158203,37.16143
4.1308594,93.7793,50.185547,105.82031,27.158203,38.46154
4.1308594,93.7793,50.9765625,105.9082,27.158203,39.43662
4.1308594,93.7793,51.328125,106.083984,27.158203,40.086674
4.1308594,93.515625,51.85547,105.82031,27.0703125,40.95341
4.1308594,93.16406,52.20703,105.99609,26.63086,41.928493
4.04296875,92.98828,52.910156,105.82031,26.3671875,42.903576
4.04296875,92.8125,53.34961,105.82031,26.191406,43.87866
4.1308594,92.46094,53.964844,105.82031,26.191406,44.637054
4.1308594,92.28516,54.84375,105.82031,26.191406,45.39545
3.8671875,91.58203,55.1953125,105.82031,26.191406,46.153847
3.69140625,91.05469,55.8984375,104.94141,26.191406,47.020584
3.4277344,90.87891,57.216797,103.53516,26.279297,47.77898
3.1640625,90.87891,58.97461,102.56836,26.191406,48.429035
3.0761719,90.87891,60.996094,101.33789,26.191406,49.295773
2.98828125,90.791016,63.10547,99.84375,26.191406,49.945827
2.98828125,90.791016,65.6543,97.734375,26.191406,50.48754
3.0761719,90.791016,68.02734,95.27344,26.191406,51.24594
3.2519531,90.791016,70.48828,92.98828,26.191406,52.112675
3.4277344,90.791016,72.86133,91.31836,26.191406,52.87107
3.515625,90.791016,74.61914,89.82422,26.191406,53.412785
3.515625,90.52734,76.02539,89.0332,26.191406,54.062836
3.69140625,89.82422,77.34375,87.62695,26.191406,54.387867
3.9550781,89.208984,78.57422,85.51758,26.191406,54.496212
4.1308594,88.41797,79.62891,84.02344,26.191406,54.60455
4.3066406,87.62695,80.15625,83.32031,26.191406,54.60455
4.39453125,86.66016,80.859375,82.5293,26.191406,54.279526
4.482422,85.60547,81.73828,81.73828,26.191406,54.17118
4.39453125,84.46289,82.265625,80.947266,26.191406,54.17118
4.39453125,83.49609,82.96875,79.89258,26.191406,54.279526
4.21875,83.05664,83.93555,79.01367,26.191406,54.496212
4.21875,82.88086,84.90234,78.046875,26.191406,54.60455
4.21875,82.44141,85.78125,77.08008,26.191406,54.821236
4.3066406,82.08984,86.13281,76.640625,26.103516,56.446373
4.3066406,81.65039,86.13281,75.58594,26.103516,56.55471
4.21875,81.12305,86.13281,75.58594,26.103516,56.663055
4.1308594,81.03516,86.2207,75.146484,26.103516,56.87974
4.04296875,81.03516,86.484375,74.53125,26.103516,56.87974
3.8671875,80.771484,86.66016,74.0918,26.103516,56.87974
3.69140625,80.50781,86.66016,73.740234,26.3671875,56.87974
4.04296875,80.33203,86.66016,73.47656,26.455078,56.446373
4.21875,80.33203,86.74805,72.68555,26.103516,55.57963
4.3066406,80.5957,86.92383,72.07031,25.576172,54.60455
4.74609375,81.03516,87.09961,71.54297,25.40039,52.76273
4.921875,81.29883,87.890625,70.927734,25.22461,50.162514
5.0097656,81.82617,88.59375,70.40039,25.136719,46.8039
5.0097656,82.44141,89.47266,69.697266,24.785156,42.145176
4.921875,83.23242,90.615234,69.08203,24.433594,35.644638
4.658203,83.759766,91.49414,68.37891,24.345703,27.735645
4.482422,84.11133,91.75781,67.76367,24.609375,20.043337
4.482422,84.19922,92.021484,67.76367,24.521484,15.709643
4.39453125,84.28711,92.37305,67.76367,24.433594,14.734562
4.1308594,84.46289,92.54883,67.76367,24.2578125,14.626219
3.7792969,84.72656,92.63672,67.76367,24.2578125,14.626219
3.6035156,84.90234,92.72461,67.76367,24.2578125,14.626219
3.6035156,85.166016,92.72461,67.67578,24.2578125,14.626219
3.7792969,85.42969,92.72461,67.67578,24.082031,14.626219
3.8671875,85.60547,93.25195,67.67578,23.642578,14.626219
3.8671875,86.04492,93.427734,67.67578,23.466797,14.626219
3.8671875,86.396484,93.33984,67.67578,23.291016,14.626219
3.8671875,86.92383,93.33984,67.85156,23.115234,14.626219
3.8671875,87.45117,93.603516,68.115234,23.115234,14.626219
3.8671875,87.62695,93.603516,68.4668,23.027344,14.626219
3.8671875,87.890625,93.603516,69.08203,22.939453,14.626219
3.8671875,88.50586,93.69141,69.87305,22.939453,14.626219
3.9550781,89.12109,93.69141,70.83984,22.675781,14.626219
3.9550781,89.56055,93.69141,72.333984,22.324219,14.517877
3.9550781,89.91211,92.8125,74.17969,22.060547,14.517877
4.04296875,90.52734,91.40625,76.552734,22.1484375,14.517877
4.21875,91.40625,89.82422,78.83789,22.060547,14.517877
4.5703125,92.63672,88.1543,80.5957,21.972656,14.517877
5.0097656,94.04297,86.04492,82.08984,21.533203,14.517877
5.185547,95.27344,84.19922,84.63867,20.917969,14.517877
5.5371094,96.67969,81.47461,87.36328,20.654297,14.517877
6.064453,97.822266,78.48633,89.91211,19.6875,14.517877
6.85546875,98.78906,75.49805,92.72461,18.544922,14.517877
7.3828125,99.75586,72.24609,95.97656,18.19336,14.517877
8.0859375,100.458984,68.73047,98.26172,17.138672,14.517877
9.228516,100.98633,64.95117,100.634766,16.171875,14.517877
10.283203,101.25,60.908203,102.65625,15.205078,14.517877
11.6015625,101.953125,57.128906,103.79883,14.326172,14.517877
13.0078125,103.00781,53.876953,104.32617,13.447266,14.517877
14.501953,104.15039,50.88867,104.765625,12.480469,14.517877
16.347656,105.29297,48.339844,105.46875,11.513672,14.517877
18.544922,106.43555,46.31836,105.55664,10.810547,14.517877
20.566406,107.578125,44.73633,105.73242,10.283203,14.517877
22.763672,108.45703,43.154297,105.82031,9.667969,14.517877
25.136719,109.072266,41.8359375,105.82031,8.964844,14.517877
27.333984,109.42383,40.341797,105.99609,8.876953,14.517877
29.53125,109.59961,38.935547,105.99609,9.140625,14.517877
31.9921875,109.59961,37.6171875,105.99609,9.580078,14.517877
34.189453,109.59961,36.2109375,105.9082,10.458984,14.517877
36.38672,109.59961,35.15625,105.64453,11.513672,14.517877
38.759766,109.59961,34.189453,105.11719,12.65625,14.517877
40.95703,109.59961,33.48633,104.32617,13.974609,14.517877
42.890625,109.59961,33.046875,103.53516,15.1171875,14.517877
44.91211,109.24805,32.34375,102.83203,16.259766,14.517877
47.021484,108.45703,31.464844,102.041016,17.753906,14.517877
49.21875,107.31445,30.322266,101.16211,18.984375,14.517877
51.328125,105.64453,28.828125,100.2832,20.126953,14.517877
53.17383,104.15039,27.509766,99.49219,21.00586,14.517877
55.01953,102.65625,26.455078,98.78906,21.796875,14.517877
56.6015625,101.33789,25.751953,97.99805,22.763672,14.409534
58.447266,100.2832,25.3125,97.11914,23.466797,14.409534
60.029297,99.58008,25.136719,96.240234,24.169922,14.409534
61.347656,98.78906,24.9609375,95.44922,24.873047,14.409534
62.753906,98.34961,24.9609375,94.74609,25.6640625,14.409534
64.072266,97.734375,24.9609375,94.13086,26.103516,14.409534
65.03906,97.38281,24.9609375,93.7793,26.3671875,14.409534
65.74219,97.11914,24.9609375,93.515625,26.542969,14.409534
66.18164,96.94336,24.873047,93.427734,26.894531,14.409534
66.44531,96.94336,24.521484,93.33984,27.246094,14.409534
66.884766,96.94336,24.2578125,93.33984,27.509766,14.409534
67.06055,96.94336,24.2578125,93.33984,27.597656,14.409534
67.23633,96.94336,24.2578125,93.33984,27.685547,14.409534
67.32422,96.94336,24.2578125,93.33984,27.421875,14.409534
67.32422,96.85547,24.2578125,93.33984,27.246094,14.409534
67.32422,96.85547,24.2578125,93.33984,27.158203,14.409534
67.23633,96.85547,24.2578125,93.33984,27.158203,14.409534
67.06055,96.85547,24.2578125,93.33984,26.982422,14.409534
67.06055,96.85547,24.2578125,93.33984,26.63086,14.409534
67.06055,96.85547,24.2578125,93.427734,26.3671875,14.409534
67.06055,96.85547,24.2578125,93.603516,26.279297,14.409534
67.23633,96.85547,24.2578125,93.603516,26.191406,14.409534
67.23633,96.85547,24.2578125,93.603516,26.191406,14.409534
67.23633,96.85547,24.2578125,93.603516,26.191406,14.409534
67.06055,96.85547,24.433594,93.603516,26.191406,14.409534
67.06055,96.85547,24.609375,93.603516,26.191406,14.409534
67.06055,96.85547,24.697266,93.427734,26.191406,14.409534
67.06055,96.85547,24.697266,93.25195,26.015625,14.409534
67.14844,96.85547,24.697266,93.25195,25.576172,15.601299
67.14844,96.85547,24.697266,93.25195,25.40039,18.309858
67.14844,96.85547,24.697266,93.25195,25.22461,22.210184
66.97266,96.85547,24.697266,93.25195,25.136719,26.002165
66.884766,96.85547,24.697266,93.25195,25.136719,31.09426
66.708984,96.85547,24.697266,93.25195,25.136719,36.078007
66.62109,96.94336,25.048828,93.25195,25.048828,41.603466
66.5332,97.03125,25.40039,93.25195,24.609375,47.23727
66.44531,97.03125,25.839844,93.25195,24.433594,53.412785
66.26953,97.03125,26.191406,93.25195,24.2578125,59.588303
66.26953,97.03125,26.894531,93.25195,24.169922,65.76382
66.26953,97.03125,27.246094,93.25195,24.082031,72.58938
66.26953,97.03125,27.333984,93.25195,24.082031,78.439865
66.26953,97.03125,27.421875,93.25195,24.082031,82.55688
66.26953,97.03125,27.421875,93.25195,24.082031,84.94041
66.26953,97.03125,27.421875,93.25195,24.082031,86.24052
66.26953,97.03125,27.421875,93.25195,24.082031,86.89057
66.18164,97.11914,27.421875,93.25195,23.90625,86.89057
65.83008,97.11914,27.421875,93.25195,23.5546875,86.89057
65.6543,97.20703,27.421875,93.25195,23.291016,86.24052
65.478516,97.4707,27.861328,93.16406,23.203125,84.72373
65.03906,97.822266,28.125,93.16406,23.203125,82.44854
64.86328,98.08594,28.300781,93.16406,23.203125,78.656555
64.59961,98.52539,28.300781,93.16406,23.203125,73.56446
64.42383,98.96484,28.300781,93.16406,23.027344,66.19718
64.16016,99.66797,28.4765625,93.16406,22.675781,57.204765
63.808594,100.19531,28.564453,93.16406,22.41211,48.429035
63.54492,100.546875,28.564453,93.16406,22.324219,38.894905
63.10547,100.81055,28.564453,93.16406,22.1484375,29.36078
62.841797,100.98633,28.564453,93.16406,22.1484375,20.260021
62.753906,100.98633,28.564453,93.16406,22.1484375,13.001082
62.666016,101.07422,28.652344,93.25195,22.1484375,8.342362
62.2265625,101.25,28.740234,93.427734,22.1484375,5.417118
61.875,101.33789,28.828125,93.427734,22.060547,4.0086675
61.5234375,101.42578,28.828125,93.427734,21.621094,3.3586133
60.55664,101.60156,28.828125,93.427734,21.357422,2.2751896
59.501953,102.041016,28.828125,93.427734,21.18164,1.6251353
58.359375,102.30469,28.828125,93.427734,20.917969,1.191766
56.865234,102.56836,28.828125,93.427734,20.478516,0.9750812
54.93164,103.0957,28.828125,93.427734,20.126953,0.8667389
52.822266,103.53516,29.003906,93.427734,19.6875,0.8667389
50.36133,103.79883,29.355469,93.427734,19.3359375,0.8667389
47.63672,104.32617,29.8828125,93.33984,18.984375,0.8667389
44.73633,104.677734,30.234375,92.90039,18.720703,0.8667389
41.660156,105.11719,30.84961,92.46094,18.36914,0.8667389
38.408203,105.46875,31.201172,92.197266,18.017578,0.8667389
35.06836,105.55664,31.201172,92.021484,17.578125,0.8667389
31.728516,105.73242,31.201172,92.109375,17.402344,0.8667389
28.564453,105.9082,31.201172,92.197266,16.96289,0.8667389
25.22461,105.9082,31.201172,92.28516,16.699219,0.8667389
21.884766,106.259766,31.201172,92.72461,16.435547,0.8667389
18.6328125,106.78711,31.464844,92.8125,16.259766,0.8667389
15.205078,107.40234,32.08008,92.90039,16.259766,0.8667389
12.128906,108.36914,32.871094,92.90039,16.347656,0.8667389
9.755859,109.42383,33.83789,92.90039,16.611328,0.8667389
7.6464844,110.56641,34.89258,92.90039,16.78711,0.8667389
5.9765625,112.23633,36.123047,92.90039,16.96289,0.8667389
4.5703125,114.16992,37.6171875,92.63672,17.314453,0.8667389
2.9003906,116.63086,39.63867,91.93359,17.578125,0.8667389
1.40625,119.26758,41.8359375,90.87891,17.9296875,0.8667389
-0.439453125,122.16797,44.384766,89.73633,18.36914,0.8667389
-2.28515625,125.50781,47.285156,88.50586,18.544922,0.8667389
-3.1640625,128.84766,50.2734375,87.36328,18.896484,0.8667389
-3.33984375,132.45117,53.17383,86.484375,19.3359375,0.8667389
-3.515625,135.9668,55.810547,85.86914,19.511719,0.8667389
-2.7246094,139.30664,58.0078125,85.51758,19.6875,0.8667389
-2.28515625,142.4707,59.501953,85.25391,19.77539,0.8667389
-2.1972656,145.89844,61.171875,85.166016,19.59961,0.8667389
-2.3730469,149.23828,62.578125,85.166016,19.3359375,0.8667389
-1.8457031,152.7539,64.072266,85.166016,19.248047,0.8667389
-1.1425781,156.18164,65.83008,85.078125,19.248047,0.8667389
-0.6152344,160.40039,67.76367,85.166016,19.248047,0.8667389
-0.087890625,163.91602,69.78516,85.3418,19.248047,0.8667389
0.263671875,167.51953,71.71875,85.3418,19.248047,0.8667389
0.703125,171.73828,72.77344,85.42969,19.3359375,0.8667389
1.93359375,175.3418,74.88281,85.51758,19.59961,0.8667389
2.63671875,179.296875,77.43164,86.04492,19.77539,0.8667389
2.63671875,182.98828,79.89258,86.66016,19.77539,0.8667389
2.63671875,186.328125,82.88086,87.890625,19.77539,0.8667389
3.33984375,188.4375,84.72656,89.56055,19.77539,0.8667389
3.9550781,189.22852,84.990234,90.791016,19.77539,0.8667389
4.1308594,189.49219,85.86914,92.021484,19.77539,0.8667389
4.482422,189.58008,86.04492,92.46094,19.77539,0.8667389
4.5703125,189.75586,86.396484,92.72461,19.77539,0.8667389
4.658203,189.75586,87.09961,92.197266,19.77539,0.8667389
4.921875,189.75586,88.1543,91.31836,19.77539,0.8667389
5.361328,189.75586,90.08789,90.08789,19.59961,0.8667389
5.80078125,189.75586,92.197266,88.59375,19.3359375,0.8667389
6.85546875,189.75586,94.74609,86.92383,19.248047,0.8667389
8.173828,189.75586,97.646484,85.166016,18.984375,0.8667389
8.7890625,189.75586,100.81055,83.4082,18.6328125,0.8667389
8.964844,189.75586,104.15039,81.38672,18.19336,0.8667389
8.876953,189.75586,107.8418,79.62891,17.490234,0.8667389
8.964844,189.75586,111.35742,78.134766,16.875,0.8667389
9.228516,189.75586,115.04883,76.81641,16.347656,0.8667389
9.404297,189.75586,118.828125,75.84961,15.205078,0.8667389
9.580078,189.75586,122.60742,75.146484,14.150391,0.8667389
9.667969,189.75586,126.38672,74.53125,13.183594,0.8667389
9.84375,189.75586,129.99023,73.916016,12.392578,0.8667389
10.283203,189.75586,133.59375,73.56445,11.865234,0.8667389
10.458984,189.75586,136.8457,73.30078,11.337891,0.8667389
10.810547,189.75586,139.921875,73.125,10.810547,0.8667389
10.986328,189.75586,142.734375,72.94922,10.371094,0.8667389
11.074219,189.75586,145.3711,73.125,9.755859,0.8667389
10.986328,189.75586,148.00781,73.21289,9.4921875,0.8667389
10.8984375,189.75586,150.55664,73.30078,8.964844,0.8667389
10.8984375,189.75586,153.36914,73.65234,7.998047,0.8667389
10.8984375,189.75586,156.18164,73.916016,7.294922,0.8667389
10.810547,189.75586,158.55469,74.0918,6.328125,0.8667389
10.458984,189.75586,160.83984,73.740234,4.921875,0.8667389
10.371094,189.75586,162.86133,74.17969,3.6035156,0.8667389
9.931641,189.75586,164.0918,74.9707,3.1640625,0.8667389
10.107422,189.75586,165.32227,75.67383,2.7246094,0.8667389
10.810547,189.75586,166.28906,75.84961,2.5488281,0.8667389
11.689453,189.75586,166.8164,76.02539,2.28515625,0.8667389
12.128906,189.75586,167.25586,76.02539,1.7578125,0.8667389
12.128906,189.75586,167.43164,76.02539,1.58203125,0.8667389
11.953125,189.75586,167.51953,75.67383,1.1425781,0.8667389
11.513672,189.75586,167.51953,75.58594,0.52734375,0.8667389
11.162109,189.75586,167.51953,75.234375,-0.087890625,0.8667389
10.986328,189.75586,167.51953,74.88281,-0.703125,0.8667389
10.810547,189.75586,167.51953,74.61914,-0.703125,0.8667389
10.810547,189.75586,167.51953,74.44336,-0.703125,0.8667389
10.810547,189.75586,167.51953,74.17969,-0.52734375,0.8667389
10.810547,189.75586,167.51953,73.740234,-0.263671875,0.8667389
10.986328,189.75586,167.51953,73.65234,-0.263671875,0.8667389
11.25,189.75586,167.51953,73.56445,-0.263671875,0.8667389
11.513672,189.75586,167.51953,73.56445,-0.263671875,0.8667389
11.689453,189.75586,167.51953,73.56445,-0.263671875,0.8667389
11.777344,189.75586,167.51953,73.56445,-0.263671875,0.8667389
11.777344,189.75586,167.51953,73.56445,-0.263671875,0.8667389
11.777344,189.75586,167.51953,73.56445,-0.263671875,0.8667389
11.777344,189.75586,167.51953,73.56445,-0.263671875,0.8667389
11.777344,189.75586,167.51953,73.56445,-0.263671875,0.8667389
11.777344,189.75586,167.51953,73.56445,-0.263671875,0.8667389
11.777344,189.75586,167.51953,73.56445,-0.263671875,0.8667389
11.777344,189.75586,167.51953,73.56445,-0.263671875,0.8667389
11.777344,189.75586,167.51953,73.56445,-0.263671875,0.8667389
11.777344,189.75586,167.51953,73.56445,-0.263671875,0.8667389
11.777344,189.75586,167.51953,73.56445,-0.263671875,0.8667389
11.777344,189.75586,167.51953,73.56445,-0.263671875,0.8667389
11.777344,189.75586,167.51953,73.56445,-0.263671875,0.8667389
11.777344,189.75586,167.51953,73.56445,-0.263671875,0.8667389
11.777344,189.75586,167.51953,73.56445,-0.263671875,0.8667389
11.777344,189.75586,167.51953,73.56445,-0.263671875,0.8667389
11.777344,189.75586,167.51953,73.56445,-0.263671875,0.8667389
11.777344,189.75586,167.51953,73.56445,-0.263671875,0.8667389
11.777344,189.75586,167.51953,73.56445,-0.263671875,0.8667389
11.777344,189.75586,167.51953,73.56445,-0.263671875,0.8667389
11.777344,189.75586,167.51953,73.56445,-0.263671875,0.8667389
11.777344,189.75586,167.51953,73.56445,-0.263671875,0.8667389
11.777344,189.75586,167.51953,73.56445,-0.263671875,0.8667389
11.777344,189.75586,167.51953,73.56445,-0.263671875,0.8667389
11.777344,189.75586,167.51953,73.56445,0.3515625,0.8667389
8.964844,189.75586,167.51953,73.56445,2.63671875,0.8667389
6.328125,189.75586,167.51953,73.47656,3.4277344,0.8667389
4.482422,189.75586,167.51953,73.47656,3.6035156,0.8667389
4.04296875,189.75586,167.51953,73.47656,4.04296875,0.8667389
4.39453125,189.75586,167.51953,73.47656,4.3066406,0.8667389
4.1308594,189.75586,167.51953,73.47656,4.5703125,0.8667389
3.7792969,189.75586,167.51953,73.47656,4.5703125,0.8667389
3.33984375,189.75586,167.51953,73.47656,4.74609375,0.8667389
2.8125,189.75586,167.51953,73.47656,4.74609375,0.8667389
2.5488281,189.75586,167.51953,73.47656,4.74609375,0.8667389
2.63671875,189.75586,167.51953,73.47656,4.74609375,0.8667389
2.8125,189.75586,167.51953,73.47656,4.74609375,0.8667389
2.8125,189.75586,167.51953,73.47656,4.74609375,0.8667389
2.8125,189.75586,167.51953,73.47656,4.74609375,0.8667389
2.9003906,189.75586,167.51953,73.47656,4.8339844,0.8667389
3.2519531,189.75586,167.51953,73.47656,5.2734375,0.8667389
3.515625,189.75586,167.51953,73.47656,5.5371094,0.8667389
3.69140625,189.75586,167.51953,73.47656,5.888672,0.8667389
3.8671875,189.75586,167.51953,73.47656,6.328125,0.8667389
3.8671875,189.75586,167.51953,73.47656,6.6796875,0.8667389
3.7792969,189.75586,167.51953,73.47656,7.294922,0.8667389
3.7792969,189.75586,167.51953,73.47656,7.470703,0.8667389
3.7792969,189.75586,167.51953,73.47656,7.6464844,0.8667389
3.7792969,189.75586,167.51953,73.47656,7.8222656,0.8667389
3.7792969,189.75586,167.51953,73.47656,7.8222656,0.8667389
3.7792969,189.75586,167.51953,73.47656,7.734375,0.8667389
3.7792969,189.75586,167.51953,73.47656,7.3828125,0.8667389
3.7792969,189.75586,167.51953,73.47656,7.3828125,0.8667389
3.7792969,189.75586,167.51953,73.47656,7.55859375,0.8667389
3.7792969,189.75586,167.51953,73.47656,7.734375,0.8667389
3.7792969,189.75586,167.51953,73.47656,8.0859375,0.8667389
4.1308594,189.75586,167.51953,73.47656,8.613281,0.8667389
4.658203,189.75586,167.51953,73.47656,9.140625,0.8667389
5.185547,189.75586,167.51953,73.47656,9.580078,0.8667389
5.7128906,189.75586,167.51953,73.47656,10.107422,0.8667389
6.2402344,189.75586,167.51953,73.47656,10.546875,0.8667389
6.591797,189.75586,167.51953,73.47656,11.074219,0.8667389
7.1191406,189.75586,167.51953,73.47656,11.6015625,0.8667389
7.3828125,189.58008,167.51953,73.47656,12.3046875,0.8667389
7.8222656,188.78906,167.51953,72.86133,13.095703,0.8667389
8.173828,187.4707,167.51953,72.07031,13.974609,0.8667389
7.91015625,185.625,167.16797,71.54297,14.765625,0.8667389
7.3828125,183.07617,166.37695,71.015625,15.380859,0.8667389
6.85546875,179.64844,163.47656,71.015625,15.644531,0.8667389
6.328125,175.78125,160.83984,70.57617,15.732422,0.8667389
6.15234375,171.82617,157.76367,71.63086,15.996094,0.8667389
5.888672,168.22266,154.42383,73.125,15.996094,0.8667389
5.5371094,164.88281,150.55664,74.9707,16.083984,0.8667389
5.185547,161.80664,146.42578,77.43164,16.435547,0.8667389
5.09765625,158.3789,142.11914,80.68359,16.347656,0.8667389
5.09765625,155.390625,137.63672,82.96875,16.875,0.8667389
5.185547,152.66602,132.53906,85.86914,17.2265625,0.8667389
5.185547,149.32617,127.00195,88.94531,17.666016,0.8667389
5.185547,146.07422,121.46484,91.40625,18.105469,0.8667389
5.2734375,142.64648,115.22461,94.833984,18.6328125,0.8667389
5.185547,139.04297,109.24805,99.052734,19.160156,0.8667389
5.2734375,135.17578,103.0957,101.68945,19.511719,0.8667389
5.2734375,131.83594,96.85547,103.00781,19.511719,0.8667389
5.2734375,129.72656,91.75781,103.271484,19.6875,0.8667389
4.8339844,128.05664,86.74805,104.15039,20.0390625,0.8667389
4.5703125,126.73828,82.353516,104.765625,20.566406,0.8667389
4.39453125,125.41992,78.75,105.20508,21.269531,0.8667389
4.21875,124.18945,75.67383,105.55664,22.1484375,0.8667389
4.21875,123.134766,73.03711,105.46875,22.939453,0.8667389
4.21875,121.728516,70.66406,105.64453,23.81836,0.8667389
4.21875,120.41016,68.291016,105.73242,24.609375,0.8667389
4.3066406,118.916016,66.26953,105.82031,25.22461,0.8667389
4.3066406,117.24609,64.59961,105.82031,25.927734,0.8667389
4.658203,115.40039,62.666016,105.82031,26.542969,0.8667389
5.0097656,113.90625,61.259766,105.82031,26.982422,0.8667389
5.2734375,112.14844,59.677734,105.82031,27.421875,0.8667389
5.7128906,110.302734,58.359375,105.82031,28.21289,0.8667389
5.9765625,108.45703,57.041016,105.82031,28.916016,0.8667389
5.9765625,106.61133,55.98633,105.82031,29.267578,0.8667389
5.9765625,105.0293,55.01953,105.82031,29.44336,0.8667389
5.888672,103.71094,54.316406,105.82031,29.61914,0.8667389
6.2402344,102.39258,53.7890625,105.82031,29.794922,0.8667389
6.2402344,101.16211,53.52539,105.82031,29.794922,0.8667389
6.50390625,100.10742,53.34961,105.82031,29.707031,0.8667389
6.6796875,98.96484,52.910156,105.82031,29.355469,0.9750812
6.6796875,97.91016,52.20703,105.82031,29.267578,2.4918742
6.6796875,97.38281,51.591797,105.82031,29.091797,5.2004333
6.50390625,97.20703,51.152344,105.82031,28.4765625,10.07584
6.4160156,97.11914,50.9765625,105.82031,28.125,16.359697
5.9765625,97.11914,50.88867,105.82031,27.685547,22.968582
5.44921875,97.11914,50.88867,105.82031,27.421875,29.469124
5.09765625,97.11914,50.88867,105.82031,27.333984,35.31961
4.8339844,97.11914,51.064453,105.82031,27.158203,39.54496
4.21875,97.11914,51.064453,105.82031,27.158203,41.820152
3.8671875,97.11914,51.328125,105.82031,27.158203,43.445286
4.04296875,97.11914,52.03125,105.82031,27.158203,44.637054
4.1308594,97.11914,52.910156,105.82031,27.158203,45.612137
4.482422,97.11914,53.7890625,105.82031,27.158203,46.695557
4.8339844,97.11914,54.316406,105.82031,27.158203,47.562298
5.0097656,97.11914,54.93164,105.82031,27.158203,48.320694
5.0097656,97.11914,55.283203,105.82031,27.158203,48.862408
4.8339844,97.11914,55.8984375,105.82031,27.158203,49.512463
4.482422,97.11914,56.33789,105.82031,27.158203,50.05417
4.04296875,96.50391,56.51367,105.82031,27.158203,50.270855
3.69140625,95.27344,56.51367,105.82031,27.158203,50.48754
3.33984375,93.515625,56.51367,105.82031,27.0703125,50.704224
2.98828125,91.49414,56.6015625,105.73242,26.63086,50.704224
2.8125,89.56055,56.689453,105.29297,26.3671875,50.704224
3.0761719,87.890625,56.689453,104.853516,26.191406,50.812565
3.2519531,86.74805,56.777344,103.88672,26.015625,51.24594
3.515625,85.78125,57.39258,102.65625,25.576172,51.46262
3.6035156,85.25391,58.535156,101.25,25.40039,51.895992
3.6035156,84.990234,60.1171875,99.75586,25.22461,52.32936
3.69140625,84.990234,62.13867,97.91016,25.22461,52.76273
4.04296875,84.990234,64.51172,96.15234,25.136719,53.521126
4.1308594,84.990234,67.14844,94.30664,25.136719,54.279526
4.1308594,84.990234,69.87305,92.197266,25.136719,55.03792
4.21875,84.990234,72.333984,90.35156,25.136719,55.904655
4.39453125,84.990234,74.9707,88.41797,25.488281,56.013
4.39453125,84.990234,77.51953,86.396484,25.40039,55.904655
4.21875,84.990234,80.06836,84.375,25.136719,56.013
4.21875,84.990234,82.177734,82.44141,25.136719,56.33803
4.21875,84.990234,84.02344,80.50781,25.136719,56.771397
4.21875,84.90234,85.60547,78.57422,24.9609375,57.204765
4.482422,84.19922,86.572266,77.16797,24.609375,57.746475
4.8339844,83.671875,87.01172,75.9375,24.345703,58.829903
5.09765625,83.32031,87.09961,75.05859,24.2578125,57.638138
5.361328,83.05664,87.1875,74.0918,24.2578125,57.529797
5.5371094,82.5293,87.1875,73.30078,24.2578125,58.613216
5.80078125,82.44141,87.1875,72.86133,24.2578125,58.39653
6.15234375,82.00195,87.09961,72.59766,24.2578125,58.288193
6.328125,81.82617,87.09961,71.98242,24.2578125,58.288193
6.50390625,81.47461,86.92383,71.45508,24.2578125,58.179848
6.591797,81.12305,86.83594,71.103516,24.2578125,58.071507
6.591797,80.771484,86.74805,70.927734,24.2578125,57.42145
6.591797,80.41992,86.572266,70.75195,24.2578125,55.796318
6.591797,80.24414,86.396484,70.57617,24.2578125,52.22102
6.4160156,80.24414,86.13281,70.13672,24.2578125,46.587215
6.4160156,80.15625,85.95703,69.697266,24.433594,39.219933
6.328125,80.06836,85.42969,69.25781,24.433594,30.769232
6.328125,80.06836,85.51758,67.93945,24.521484,22.860237
6.15234375,79.98047,85.69336,68.02734,25.22461,17.226435
6.15234375,79.98047,85.60547,68.02734,24.521484,15.059588
6.064453,79.98047,84.990234,67.93945,24.873047,14.626219
5.9765625,79.98047,84.63867,67.93945,25.3125,14.517877
5.80078125,79.98047,84.46289,68.02734,25.488281,14.517877
5.5371094,80.33203,84.28711,68.291016,25.6640625,14.517877
5.44921875,80.50781,84.375,68.4668,25.488281,14.517877
5.361328,80.859375,84.63867,68.55469,25.22461,14.517877
5.2734375,81.29883,84.990234,68.64258,25.136719,14.517877
5.2734375,81.91406,85.51758,68.81836,25.136719,14.517877
5.361328,82.70508,86.13281,69.08203,25.048828,14.517877
5.44921875,83.49609,86.66016,69.521484,24.697266,14.517877
5.5371094,84.46289,87.1875,70.22461,24.521484,14.517877
5.5371094,85.69336,87.45117,71.103516,24.345703,14.517877
5.625,87.01172,87.62695,72.86133,23.99414,14.517877
5.625,88.68164,87.62695,74.70703,23.5546875,14.517877
5.625,90.43945,87.62695,75.84961,23.378906,14.517877
5.625,92.46094,87.53906,76.9043,23.115234,14.517877
5.9765625,94.6582,87.1875,78.92578,22.675781,14.517877
6.328125,96.85547,86.572266,80.859375,22.41211,14.517877
6.9433594,99.052734,85.78125,82.88086,22.1484375,14.517877
7.734375,101.16211,84.81445,84.990234,21.4453125,14.517877
8.525391,103.00781,83.32031,87.802734,21.00586,14.517877
9.404297,104.58984,81.21094,90.43945,20.390625,14.517877
10.458984,105.99609,79.01367,92.54883,19.77539,14.517877
11.6015625,107.05078,76.11328,94.833984,19.160156,14.517877
12.832031,107.666016,73.125,97.4707,18.19336,14.409534
14.150391,107.92969,69.3457,100.37109,17.138672,14.409534
15.556641,108.28125,65.91797,102.39258,16.347656,14.409534
16.875,109.24805,62.753906,103.271484,15.8203125,14.409534
18.457031,110.478516,60.46875,103.62305,15.1171875,14.409534
20.390625,111.884766,58.623047,104.32617,14.238281,14.409534
22.060547,113.291016,57.216797,104.853516,13.359375,14.409534
23.99414,114.3457,55.8984375,105.11719,12.744141,14.409534
26.015625,115.04883,54.404297,105.29297,12.128906,14.409534
27.949219,115.75195,52.998047,105.38086,11.777344,14.409534
29.970703,116.19141,51.591797,105.38086,11.513672,14.409534
31.9921875,116.2793,49.746094,105.38086,11.513672,14.409534
33.83789,116.2793,47.54883,105.46875,11.777344,14.409534
35.5078125,116.103516,45.26367,105.46875,11.953125,14.409534
37.353516,115.48828,42.45117,105.46875,12.480469,14.409534
39.19922,114.697266,39.28711,105.38086,13.0078125,14.409534
41.220703,113.55469,35.771484,105.29297,13.271484,14.409534
43.50586,112.5,32.60742,105.0293,13.535156,14.409534
45.791016,112.06055,30.5859375,103.271484,13.798828,14.409534
48.07617,112.06055,29.61914,101.42578,14.238281,14.409534
50.71289,112.23633,29.44336,99.052734,14.589844,14.409534
53.17383,112.23633,29.44336,96.85547,15.1171875,14.409534
55.458984,112.14844,29.44336,95.09766,15.380859,14.409534
57.39258,111.97266,29.44336,93.515625,15.8203125,14.301191
58.79883,111.62109,29.44336,92.28516,16.435547,14.301191
60.38086,111.00586,29.1796875,91.14258,17.490234,14.301191
62.05078,110.302734,28.740234,90.0,18.6328125,14.301191
63.45703,109.33594,28.388672,88.85742,19.951172,14.301191
64.6875,108.36914,28.21289,87.978516,21.18164,14.301191
66.00586,107.05078,27.7734375,87.27539,22.41211,14.301191
67.23633,105.73242,27.158203,86.30859,23.730469,14.301191
68.203125,104.50195,26.63086,85.51758,24.9609375,14.301191
68.99414,103.271484,26.191406,84.72656,26.103516,14.301191
69.609375,102.2168,25.927734,84.02344,27.158203,14.301191
70.04883,101.07422,25.40039,83.4082,28.125,14.301191
70.3125,99.93164,25.048828,83.05664,28.916016,14.301191
70.3125,98.87695,24.609375,82.79297,29.53125,14.301191
70.22461,98.26172,24.345703,82.70508,29.794922,14.301191
70.04883,97.99805,24.345703,82.70508,29.794922,14.301191
69.87305,97.734375,24.345703,82.44141,29.794922,14.301191
69.78516,97.734375,24.2578125,82.08984,29.707031,14.301191
69.697266,97.734375,24.169922,81.82617,29.355469,14.301191
69.609375,97.734375,24.082031,81.47461,29.1796875,14.301191
69.16992,97.734375,24.082031,80.947266,29.1796875,14.301191
68.90625,97.734375,23.99414,80.771484,29.1796875,14.301191
68.73047,97.734375,23.99414,80.5957,28.828125,14.301191
68.37891,97.734375,23.99414,80.50781,28.4765625,14.301191
67.93945,97.734375,23.90625,80.41992,28.300781,14.301191
67.76367,97.734375,23.90625,80.41992,28.21289,14.301191
67.58789,97.734375,23.90625,80.41992,28.21289,14.842903
67.58789,97.734375,23.90625,80.41992,28.21289,17.551462
67.58789,97.734375,23.90625,80.41992,28.03711,22.210184
67.67578,97.734375,23.90625,80.41992,27.685547,26.760563
67.58789,97.734375,23.90625,80.41992,27.421875,32.394367
67.5,97.734375,23.90625,80.41992,27.0703125,39.00325
67.41211,97.734375,23.90625,80.41992,26.63086,46.0455
67.32422,97.734375,23.90625,80.41992,26.3671875,52.654385
67.14844,97.734375,23.90625,80.41992,26.191406,59.046585
67.06055,97.734375,23.90625,80.50781,26.103516,64.030334
66.97266,97.734375,23.90625,80.5957,25.927734,68.68906
66.97266,97.734375,23.90625,80.5957,25.576172,71.830986
67.14844,97.734375,23.90625,80.5957,25.40039,73.99783
67.23633,97.734375,23.90625,80.5957,25.22461,75.29794
67.32422,97.734375,23.90625,80.5957,25.136719,75.83965
67.32422,97.734375,23.90625,80.5957,25.048828,76.056335
67.32422,97.734375,23.90625,80.5957,24.609375,76.16468
67.23633,97.734375,23.90625,80.5957,24.345703,76.056335
67.06055,97.734375,23.90625,80.5957,23.99414,76.48971
67.06055,97.734375,23.90625,80.5957,23.5546875,77.03142
67.06055,97.734375,23.90625,80.5957,23.378906,77.139755
67.14844,97.734375,23.90625,80.5957,23.203125,76.70639
67.41211,97.734375,23.90625,80.5957,22.939453,76.16468
67.58789,97.734375,23.90625,80.5957,22.5,75.1896
67.67578,97.734375,23.90625,80.5957,22.324219,73.131096
67.67578,97.822266,23.90625,80.5957,22.060547,69.98917
67.67578,97.822266,23.90625,80.5957,21.533203,64.89707
67.67578,97.822266,23.90625,80.5957,21.269531,57.85482
67.67578,97.822266,23.90625,80.50781,21.18164,50.270855
67.67578,97.822266,23.90625,80.33203,21.09375,41.27844
67.67578,97.822266,23.90625,79.89258,21.09375,31.852654
67.67578,97.91016,23.90625,79.541016,21.00586,22.643555
67.67578,98.08594,23.90625,79.365234,20.390625,14.734562
67.67578,98.34961,23.90625,79.18945,19.863281,9.534128
67.67578,98.61328,23.90625,79.10156,19.3359375,6.0671725
67.5,99.052734,23.90625,79.01367,18.808594,4.0086675
67.06055,99.31641,23.90625,79.18945,18.457031,3.5752978
66.26953,99.84375,23.99414,79.27734,18.28125,2.6002166
65.74219,100.634766,24.433594,79.27734,18.19336,1.7334778
64.86328,101.42578,24.609375,79.27734,18.19336,1.3001083
63.6328125,102.39258,25.136719,79.365234,18.19336,0.9750812
62.314453,103.447266,25.839844,79.80469,18.19336,0.8667389
60.996094,104.41406,26.103516,79.80469,18.19336,0.8667389
59.4140625,105.55664,26.80664,79.80469,18.19336,0.8667389
57.128906,106.875,27.597656,80.06836,18.105469,0.75839657
54.58008,108.28125,28.125,80.771484,17.490234,0.75839657
51.503906,109.77539,28.740234,81.5625,16.875,0.75839657
47.63672,111.44531,29.8828125,82.265625,15.996094,0.75839657
43.2421875,113.291016,31.376953,82.70508,15.644531,0.75839657
38.671875,115.13672,33.222656,82.79297,15.556641,0.75839657
34.89258,116.98242,35.06836,82.96875,15.996094,0.75839657
30.673828,118.828125,36.73828,83.23242,16.611328,0.75839657
27.0703125,120.41016,38.05664,84.02344,17.490234,0.75839657
23.466797,121.81641,39.28711,84.55078,18.6328125,0.75839657
19.77539,122.69531,39.7265625,84.990234,20.126953,0.75839657
16.435547,123.22266,39.814453,85.86914,21.269531,0.75839657
13.271484,123.66211,39.63867,87.09961,22.324219,0.75839657
11.513672,123.92578,39.11133,88.24219,23.291016,0.75839657
10.1953125,124.541016,38.496094,89.73633,23.81836,0.75839657
9.755859,125.50781,38.23242,90.791016,24.345703,0.75839657
9.140625,126.82617,38.3203125,91.49414,24.9609375,0.75839657
8.0859375,128.75977,39.19922,91.93359,25.136719,0.75839657
7.20703125,131.39648,40.86914,91.93359,24.9609375,0.75839657
5.7128906,134.47266,43.154297,92.021484,24.9609375,0.75839657
5.185547,137.63672,45.791016,92.021484,24.785156,0.75839657
5.185547,141.06445,48.339844,92.54883,24.345703,0.75839657
5.2734375,144.4043,50.44922,93.515625,23.5546875,0.75839657
5.7128906,147.65625,52.11914,94.48242,22.939453,0.75839657
5.888672,151.171875,53.7890625,95.44922,22.5,0.75839657
5.7128906,155.12695,55.810547,96.416016,21.621094,0.75839657
5.5371094,158.99414,57.39258,97.38281,20.830078,0.75839657
5.361328,162.77344,58.88672,98.34961,20.126953,0.75839657
4.921875,166.99219,59.501953,99.66797,19.59961,0.75839657
4.658203,170.5957,59.853516,101.25,19.248047,0.75839657
4.3066406,173.84766,60.55664,103.0957,19.248047,0.75839657
3.7792969,176.484375,61.435547,103.79883,19.160156,0.75839657
3.6035156,179.0332,63.36914,104.0625,19.248047,0.75839657
3.2519531,181.75781,66.44531,104.50195,19.6875,0.75839657
2.98828125,184.13086,68.64258,104.853516,20.126953,0.75839657
2.98828125,186.06445,70.3125,105.0293,20.214844,0.75839657
2.8125,187.4707,71.89453,105.11719,20.0390625,0.75839657
3.2519531,188.61328,73.56445,105.20508,20.126953,0.75839657
2.98828125,189.3164,74.53125,105.29297,20.0390625,0.75839657
2.98828125,189.58008,75.58594,105.20508,20.302734,0.75839657
2.98828125,189.58008,76.46484,104.94141,20.566406,0.75839657
2.98828125,189.58008,77.60742,104.765625,20.654297,0.75839657
3.33984375,189.58008,78.83789,104.15039,20.7421875,0.75839657
3.33984375,189.58008,80.41992,102.91992,21.18164,0.75839657
3.6035156,189.58008,82.353516,101.42578,21.4453125,0.75839657
3.9550781,189.58008,84.72656,99.31641,21.621094,0.75839657
4.658203,189.58008,87.45117,97.4707,21.621094,0.75839657
5.7128906,189.58008,90.26367,95.53711,21.621094,0.75839657
7.03125,189.58008,93.427734,93.427734,21.533203,0.75839657
8.701172,189.58008,96.76758,91.05469,21.269531,0.75839657
10.371094,189.58008,100.458984,89.0332,21.18164,0.75839657
11.25,189.58008,104.23828,86.83594,21.269531,0.75839657
11.513672,189.58008,108.01758,84.81445,21.09375,0.75839657
11.513672,189.58008,111.796875,82.70508,20.917969,0.75839657
11.513672,189.58008,115.40039,80.68359,20.302734,0.75839657
11.25,189.58008,119.17969,78.83789,19.59961,0.75839657
11.162109,189.58008,122.958984,77.25586,18.984375,0.75839657
11.162109,189.58008,126.91406,75.84961,18.457031,0.75839657
11.162109,189.58008,130.86914,74.79492,17.666016,0.75839657
11.074219,189.58008,134.47266,74.00391,17.050781,0.75839657
11.074219,189.75586,137.98828,73.125,16.435547,0.75839657
11.074219,189.75586,141.24023,72.68555,15.908203,0.75839657
10.634766,189.75586,144.22852,72.421875,15.380859,0.75839657
10.371094,189.75586,146.86523,71.89453,14.677734,0.75839657
10.019531,189.75586,149.32617,71.45508,13.798828,0.75839657
9.755859,189.75586,151.69922,71.015625,12.919922,0.75839657
9.667969,189.75586,154.16016,70.48828,11.513672,0.75839657
9.667969,189.75586,156.44531,70.22461,10.458984,0.75839657
9.667969,189.75586,158.3789,70.13672,9.580078,0.75839657
9.140625,189.75586,160.13672,70.3125,8.7890625,0.75839657
8.525391,189.75586,161.54297,70.3125,8.173828,0.75839657
7.91015625,189.75586,162.94922,70.40039,7.91015625,0.75839657
7.55859375,189.75586,164.0039,70.66406,7.91015625,0.75839657
6.50390625,189.75586,164.35547,71.015625,8.261719,0.75839657
6.064453,189.75586,165.58594,71.45508,8.261719,0.75839657
6.064453,189.75586,166.46484,71.71875,8.613281,0.75839657
6.064453,189.75586,166.99219,71.71875,9.140625,0.75839657
6.064453,189.75586,167.34375,71.80664,9.404297,0.75839657
6.15234375,189.75586,167.51953,71.80664,9.580078,0.75839657
6.2402344,189.75586,167.51953,71.45508,9.755859,0.75839657
6.2402344,189.75586,167.51953,71.36719,9.755859,0.75839657
6.15234375,189.75586,167.51953,71.71875,9.755859,0.75839657
6.50390625,189.75586,167.51953,71.71875,9.755859,0.75839657
6.591797,189.75586,167.51953,71.80664,9.755859,0.75839657
6.85546875,189.75586,167.51953,71.80664,9.4921875,0.75839657
7.294922,189.75586,167.51953,71.80664,9.316406,0.75839657
7.55859375,189.75586,167.51953,71.80664,9.228516,0.75839657
7.734375,189.75586,167.51953,71.80664,9.140625,0.75839657
7.8222656,189.75586,167.51953,71.80664,9.140625,0.75839657
7.8222656,189.75586,167.51953,71.80664,9.140625,0.75839657
7.734375,189.75586,167.51953,71.45508,9.052734,0.75839657
7.734375,189.75586,167.51953,71.36719,8.613281,0.75839657
7.734375,189.75586,167.51953,71.2793,8.4375,0.75839657
7.734375,189.75586,167.51953,71.2793,8.261719,0.75839657
7.734375,189.75586,167.51953,71.2793,8.173828,0.75839657
7.734375,189.75586,167.51953,71.2793,8.173828,0.75839657
7.734375,189.75586,167.51953,71.2793,8.173828,0.75839657
7.734375,189.75586,167.51953,71.2793,8.173828,0.75839657
7.734375,189.75586,167.51953,71.2793,8.173828,0.75839657
7.734375,189.75586,167.51953,71.2793,8.173828,0.75839657
7.734375,189.75586,167.51953,71.2793,8.173828,0.75839657
7.734375,189.75586,167.51953,71.2793,8.173828,0.75839657
7.734375,189.75586,167.51953,71.2793,8.173828,0.75839657
7.734375,189.75586,167.51953,71.2793,8.173828,0.75839657
7.734375,189.75586,167.51953,71.2793,8.173828,0.75839657
7.734375,189.75586,167.51953,71.2793,8.173828,0.75839657
7.734375,189.75586,167.51953,71.2793,8.173828,0.75839657
7.734375,189.75586,167.51953,71.2793,8.173828,0.75839657
7.734375,189.75586,167.51953,71.2793,8.173828,0.75839657
7.734375,189.75586,167.51953,71.2793,8.173828,0.75839657
7.734375,189.75586,167.51953,71.2793,8.173828,0.75839657
7.734375,189.75586,167.51953,71.2793,8.173828,0.75839657
7.734375,189.75586,167.51953,71.2793,8.173828,0.75839657
7.734375,189.75586,167.51953,71.2793,8.173828,0.75839657
7.734375,189.75586,167.51953,71.2793,8.173828,0.75839657
7.734375,189.75586,167.51953,71.2793,8.173828,0.75839657
7.734375,189.75586,167.51953,71.2793,8.173828,0.75839657
7.734375,189.75586,167.51953,71.2793,8.173828,0.75839657
7.734375,189.75586,167.51953,71.2793,8.173828,0.75839657
7.734375,189.75586,167.51953,71.2793,8.173828,0.75839657
7.734375,189.75586,167.51953,71.2793,8.173828,0.75839657
7.734375,189.75586,167.51953,71.2793,8.173828,0.75839657
7.734375,189.75586,167.51953,71.2793,8.173828,0.75839657
7.734375,189.75586,167.51953,71.2793,8.173828,0.75839657
7.734375,189.75586,167.51953,71.2793,7.998047,0.75839657
5.888672,189.75586,167.51953,71.2793,7.1191406,0.75839657
4.39453125,189.75586,167.51953,71.2793,6.328125,0.75839657
2.63671875,189.75586,167.51953,71.2793,6.328125,0.75839657
2.5488281,189.75586,167.51953,71.2793,6.328125,0.75839657
2.63671875,189.75586,167.51953,71.2793,6.767578,0.75839657
3.33984375,189.75586,167.51953,71.2793,6.328125,0.75839657
3.2519531,189.75586,167.51953,71.2793,6.2402344,0.75839657
2.8125,189.75586,167.51953,71.2793,6.328125,0.75839657
2.5488281,189.75586,167.51953,71.2793,6.2402344,0.75839657
2.3730469,189.75586,167.51953,71.2793,6.2402344,0.75839657
2.28515625,189.75586,167.51953,71.2793,6.2402344,0.75839657
2.109375,189.75586,167.51953,71.2793,6.2402344,0.75839657
2.109375,189.75586,167.51953,71.2793,6.2402344,0.75839657
2.109375,189.75586,167.51953,71.2793,6.2402344,0.75839657
2.109375,189.75586,167.51953,71.2793,6.2402344,0.75839657
2.109375,189.75586,167.51953,71.2793,6.2402344,0.75839657
2.109375,189.75586,167.51953,71.2793,6.2402344,0.75839657
2.109375,189.75586,167.51953,71.2793,6.2402344,0.75839657
2.109375,189.75586,167.51953,71.2793,6.2402344,0.75839657
2.109375,189.75586,167.51953,71.2793,6.2402344,0.75839657
2.109375,189.75586,167.51953,71.2793,6.50390625,0.75839657
2.109375,189.75586,167.51953,71.2793,6.6796875,0.75839657
2.109375,189.75586,167.51953,71.2793,6.6796875,0.75839657
2.109375,189.75586,167.51953,71.2793,6.6796875,0.75839657
2.109375,189.75586,167.51953,71.2793,6.6796875,0.75839657
2.109375,189.75586,167.51953,71.2793,6.6796875,0.75839657
2.109375,189.75586,167.51953,71.2793,6.6796875,0.75839657
2.109375,189.75586,167.51953,71.2793,6.6796875,0.75839657
2.109375,189.75586,167.51953,71.2793,6.6796875,0.75839657
2.109375,189.75586,167.51953,71.2793,6.6796875,0.75839657
2.1972656,189.75586,167.51953,71.2793,6.50390625,0.75839657
2.1972656,189.75586,167.51953,71.2793,6.85546875,0.75839657
2.1972656,189.75586,167.51953,71.2793,7.470703,0.75839657
2.1972656,189.75586,167.51953,71.2793,8.261719,0.75839657
2.1972656,189.75586,167.51953,71.2793,8.876953,0.75839657
2.1972656,189.75586,167.51953,71.2793,9.228516,0.75839657
2.28515625,189.75586,167.51953,71.2793,9.4921875,0.75839657
2.7246094,189.75586,167.51953,71.2793,9.667969,0.75839657
3.1640625,189.75586,167.51953,71.2793,9.667969,0.75839657
3.69140625,189.75586,167.51953,71.2793,9.667969,0.75839657
4.1308594,189.75586,167.51953,71.2793,9.667969,0.75839657
4.658203,189.75586,167.51953,71.45508,9.667969,0.75839657
5.185547,189.75586,167.51953,71.54297,9.667969,0.75839657
5.361328,189.58008,167.16797,71.63086,9.667969,0.75839657
5.80078125,188.87695,166.640625,71.89453,9.931641,0.75839657
6.2402344,187.4707,164.0039,71.98242,10.546875,0.75839657
6.767578,185.36133,161.63086,72.77344,10.722656,0.75839657
7.20703125,182.90039,158.64258,73.828125,10.8984375,0.75839657
7.998047,179.91211,154.86328,75.234375,11.425781,0.75839657
8.349609,177.01172,150.82031,76.728516,11.425781,0.75839657
8.525391,173.84766,146.60156,79.10156,11.162109,0.75839657
8.525391,170.94727,142.03125,81.91406,11.689453,0.75839657
8.349609,168.22266,137.37305,83.84766,11.162109,0.75839657
8.349609,165.41016,132.01172,85.86914,11.074219,0.75839657
8.4375,162.2461,126.65039,88.24219,11.074219,0.75839657
8.613281,159.3457,121.28906,90.703125,11.074219,0.75839657
8.701172,156.26953,115.927734,93.427734,11.074219,0.75839657
8.701172,153.01758,110.390625,96.328125,11.425781,0.75839657
8.701172,149.67773,104.677734,99.228516,11.865234,0.75839657
8.701172,146.25,99.140625,101.77734,12.216797,0.75839657
8.701172,142.91016,93.86719,103.271484,12.480469,0.75839657
8.613281,140.44922,89.384766,103.53516,12.568359,0.75839657
8.613281,138.95508,85.95703,104.0625,12.919922,0.75839657
8.613281,137.54883,83.32031,104.50195,13.359375,0.75839657
8.613281,135.52734,80.947266,104.853516,13.798828,0.75839657
8.349609,133.68164,79.18945,105.0293,14.501953,0.75839657
7.8222656,132.36328,77.34375,105.11719,15.1171875,0.75839657
7.3828125,130.95703,75.58594,105.20508,15.996094,0.75839657
6.85546875,129.375,74.00391,105.20508,16.699219,0.75839657
6.50390625,127.353516,72.07031,105.20508,17.2265625,0.75839657
6.15234375,125.15625,70.3125,105.20508,17.9296875,0.75839657
5.9765625,122.958984,68.37891,105.20508,18.457031,0.75839657
5.888672,120.67383,66.44531,105.20508,19.072266,0.75839657
5.625,118.125,64.33594,105.20508,19.3359375,0.75839657
5.44921875,115.927734,62.753906,105.20508,19.77539,0.75839657
5.44921875,113.64258,61.347656,105.20508,20.214844,0.75839657
5.2734375,111.62109,60.20508,105.20508,20.478516,0.75839657
5.185547,109.51172,58.97461,105.20508,20.566406,0.75839657
4.921875,107.8418,58.0078125,105.20508,20.654297,0.75839657
4.658203,106.083984,56.953125,105.20508,20.654297,0.75839657
4.482422,104.765625,55.8984375,105.20508,20.830078,0.75839657
4.1308594,103.447266,55.1953125,105.20508,21.269531,0.75839657
3.7792969,102.30469,54.4921875,105.20508,21.533203,0.75839657
3.515625,101.16211,53.964844,105.20508,21.621094,0.9750812
3.1640625,100.10742,53.61328,105.20508,21.972656,1.9501624
2.8125,99.49219,53.4375,105.20508,22.324219,3.1419284
2.5488281,99.228516,53.4375,105.20508,22.58789,4.767064
2.28515625,99.052734,53.4375,105.20508,22.675781,8.559047
2.109375,98.70117,53.4375,105.20508,22.763672,12.351029
1.7578125,98.26172,53.4375,105.20508,22.763672,16.901407
1.58203125,98.08594,53.4375,105.20508,22.763672,21.56013
1.40625,97.91016,53.4375,105.20508,22.763672,26.11051
1.1425781,97.91016,53.4375,105.20508,22.763672,30.227518
1.1425781,97.91016,53.4375,105.20508,22.763672,34.34453
1.1425781,97.822266,53.61328,105.20508,22.675781,38.353195
1.23046875,97.822266,53.70117,105.20508,22.324219,41.170097
1.40625,97.822266,53.70117,105.20508,22.236328,42.68689
1.6699219,97.822266,53.70117,105.20508,22.1484375,43.336945
2.109375,97.822266,53.70117,105.20508,22.1484375,43.87866
2.28515625,97.822266,53.70117,105.20508,22.060547,43.987
2.4609375,97.822266,53.70117,105.20508,21.708984,44.09534
2.7246094,97.822266,53.70117,105.20508,21.357422,44.52871
2.7246094,97.734375,54.140625,105.20508,21.18164,44.637054
2.63671875,97.55859,54.93164,105.11719,21.09375,44.745396
2.5488281,97.4707,56.07422,104.58984,21.09375,45.178764
2.5488281,97.4707,58.095703,103.447266,21.09375,45.39545
2.63671875,97.734375,60.55664,101.68945,21.09375,45.50379
3.0761719,98.17383,63.28125,99.052734,21.09375,45.937164
3.1640625,98.78906,66.708984,95.97656,21.09375,46.37053
3.4277344,99.4043,70.22461,93.427734,21.09375,46.587215
3.69140625,99.93164,73.740234,91.75781,21.09375,46.587215
4.04296875,100.458984,77.25586,89.47266,21.09375,46.8039
4.3066406,100.89844,80.859375,86.396484,21.09375,47.453957
4.482422,101.16211,84.11133,83.671875,21.09375,48.104008
4.5703125,101.16211,86.74805,81.47461,21.09375,48.429035
4.74609375,101.16211,88.59375,79.7168,21.09375,48.53738
5.0097656,101.16211,90.26367,78.046875,21.09375,48.97075
5.2734375,100.89844,91.40625,76.37695,21.09375,49.512463
5.361328,100.01953,92.46094,74.44336,20.654297,50.3792
5.625,98.87695,93.603516,72.421875,20.390625,51.137596
5.625,97.822266,94.6582,70.57617,20.302734,52.00433
5.625,96.67969,95.09766,68.73047,20.126953,52.76273
5.625,95.27344,95.18555,66.796875,20.126953,53.412785
5.5371094,93.95508,95.27344,65.478516,20.126953,54.062836
5.5371094,92.37305,95.27344,64.6875,20.126953,54.387867
5.5371094,91.14258,95.27344,63.896484,20.126953,54.496212
5.5371094,89.91211,95.27344,63.10547,19.951172,54.60455
5.5371094,88.76953,95.18555,62.314453,19.6875,55.03792
5.625,87.890625,95.009766,61.875,19.423828,55.146263
5.5371094,87.45117,95.009766,61.347656,19.248047,55.362946
5.5371094,86.83594,94.921875,60.996094,19.248047,55.57963
5.5371094,85.78125,94.921875,60.8203125,19.072266,55.57963
5.625,85.3418,94.921875,60.55664,19.160156,55.57963
5.625,85.078125,94.921875,60.20508,19.160156,55.57963
5.7128906,84.375,94.921875,59.765625,19.160156,55.47129
5.7128906,83.84766,94.921875,59.23828,19.160156,55.146263
5.7128906,83.23242,94.74609,59.0625,19.160156,54.387867
5.7128906,82.79297,94.57031,58.88672,19.160156,53.08776
6.15234375,82.44141,94.57031,58.79883,18.984375,50.812565
6.4160156,81.91406,94.57031,58.79883,18.6328125,47.12893
6.50390625,81.5625,94.21875,58.79883,18.808594,42.361866
6.50390625,81.38672,93.95508,58.79883,18.544922,35.644638
6.6796875,81.12305,93.7793,58.79883,18.19336,28.169016
7.03125,81.29883,93.25195,58.79883,17.841797,20.585049
7.20703125,81.29883,92.8125,58.79883,17.841797,16.03467
7.20703125,81.29883,92.54883,58.79883,17.9296875,14.842903
7.20703125,81.21094,92.37305,58.97461,18.017578,14.626219
7.20703125,81.21094,92.28516,58.97461,18.017578,14.626219
7.20703125,81.29883,92.28516,58.97461,18.017578,14.626219
7.20703125,81.82617,92.28516,59.4140625,17.9296875,14.626219
7.20703125,82.177734,92.021484,59.677734,17.9296875,14.626219
7.20703125,82.44141,92.021484,59.677734,17.9296875,14.626219
7.20703125,82.96875,92.021484,59.941406,17.9296875,14.626219
7.20703125,83.23242,91.58203,60.64453,17.841797,14.626219
7.20703125,83.759766,90.87891,61.347656,17.753906,14.626219
7.20703125,84.375,91.31836,61.61133,17.841797,14.626219
7.20703125,85.078125,91.23047,62.753906,17.841797,14.626219
7.20703125,85.69336,90.703125,64.42383,17.753906,14.626219
7.20703125,86.484375,90.703125,65.21484,17.841797,14.626219
7.3828125,87.27539,90.703125,66.796875,17.753906,14.626219
7.3828125,88.50586,90.791016,68.02734,17.578125,14.626219
7.3828125,89.91211,90.791016,70.3125,16.699219,14.626219
7.8222656,91.93359,90.791016,71.98242,16.435547,14.626219
8.0859375,93.95508,90.52734,73.740234,16.347656,14.626219
8.349609,95.97656,89.56055,75.84961,16.347656,14.626219
9.052734,97.99805,88.50586,77.51953,16.259766,14.626219
9.667969,100.19531,87.27539,79.453125,16.259766,14.626219
10.458984,102.2168,85.60547,81.47461,16.259766,14.626219
11.425781,103.71094,83.32031,83.84766,16.259766,14.626219
12.392578,104.765625,80.33203,86.30859,16.259766,14.517877
13.447266,105.38086,76.9043,88.94531,16.259766,14.517877
14.853516,105.46875,73.125,91.75781,16.259766,14.517877
16.083984,105.46875,68.73047,94.6582,16.083984,14.517877
17.490234,105.46875,64.16016,97.55859,15.644531,14.517877
19.248047,105.46875,59.4140625,100.19531,15.292969,14.517877
21.00586,105.46875,54.140625,102.30469,14.765625,14.517877
22.8515625,105.55664,49.5703125,103.271484,14.589844,14.517877
24.873047,105.82031,45.615234,103.79883,14.326172,14.517877
27.0703125,106.259766,42.626953,104.15039,13.623047,14.517877
29.1796875,106.78711,40.341797,104.58984,13.271484,14.517877
31.376953,107.490234,38.408203,104.853516,12.744141,14.517877
33.75,108.01758,36.47461,105.0293,12.392578,14.517877
36.123047,108.63281,34.716797,105.0293,11.865234,14.517877
38.496094,109.24805,33.134766,104.94141,11.6015625,14.517877
41.04492,109.95117,31.904297,104.853516,11.162109,14.517877
43.33008,110.83008,31.02539,104.677734,10.722656,14.517877
45.791016,111.796875,30.673828,104.32617,10.546875,14.517877
47.90039,112.93945,30.673828,103.18359,10.458984,14.517877
49.746094,113.99414,30.5859375,102.12891,10.722656,14.517877
51.416016,114.87305,30.5859375,100.634766,10.986328,14.517877
52.646484,115.66406,30.673828,99.140625,11.425781,14.517877
54.140625,116.19141,30.84961,97.55859,12.128906,14.517877
55.634766,116.54297,30.84961,95.71289,12.919922,14.517877
57.3046875,116.54297,30.84961,93.86719,13.798828,14.517877
58.623047,116.36719,30.84961,92.021484,14.501953,14.517877
60.20508,115.75195,30.761719,90.17578,14.941406,14.517877
61.435547,114.78516,30.410156,88.76953,15.292969,14.409534
62.314453,113.55469,29.707031,87.53906,15.46875,14.409534
63.36914,112.06055,29.1796875,86.2207,15.908203,14.409534
64.77539,110.83008,28.828125,84.90234,16.259766,14.409534
65.83008,109.6875,28.652344,83.49609,16.611328,14.409534
66.884766,108.45703,28.564453,82.177734,17.050781,14.409534
68.115234,107.31445,28.125,81.29883,17.578125,14.409534
69.16992,106.171875,27.509766,80.50781,18.017578,14.409534
69.87305,105.0293,26.982422,79.80469,18.544922,14.409534
70.48828,104.15039,26.542969,79.18945,19.072266,14.409534
71.103516,103.53516,26.279297,78.39844,19.3359375,14.409534
71.63086,103.18359,26.103516,78.134766,19.511719,14.409534
71.89453,103.00781,26.103516,77.87109,19.59961,14.409534
72.24609,103.00781,26.015625,77.51953,19.6875,14.409534
72.59766,103.00781,26.015625,76.99219,19.863281,14.409534
73.03711,103.00781,26.015625,76.81641,20.0390625,14.409534
73.125,103.00781,26.015625,76.640625,19.951172,14.409534
73.30078,103.00781,26.015625,76.640625,19.951172,14.409534
73.38867,103.00781,26.015625,76.640625,19.951172,14.409534
73.47656,103.00781,26.015625,76.640625,19.951172,14.409534
73.47656,103.00781,26.015625,76.640625,19.951172,14.409534
73.30078,103.00781,26.015625,76.728516,19.951172,14.409534
73.125,103.0957,26.015625,76.728516,19.951172,14.734562
72.94922,103.0957,26.015625,76.728516,19.951172,16.793066
72.86133,103.18359,26.015625,76.728516,19.951172,20.585049
72.77344,103.18359,26.015625,76.728516,19.951172,24.918743
72.77344,103.271484,26.015625,76.728516,19.951172,31.527626
72.77344,103.271484,26.015625,76.99219,19.951172,39.219933
72.59766,103.271484,26.015625,77.08008,19.951172,46.8039
72.24609,103.271484,26.015625,77.08008,19.951172,54.17118
71.89453,103.271484,26.015625,77.34375,19.77539,60.34669
71.54297,103.271484,26.015625,77.7832,19.511719,65.330444
71.103516,103.271484,26.015625,77.87109,19.3359375,69.66414
70.83984,103.271484,26.015625,77.87109,19.160156,73.131096
70.75195,103.271484,26.015625,77.87109,19.160156,76.056335
70.75195,103.271484,26.015625,77.87109,19.160156,77.68147
70.83984,103.359375,26.015625,77.87109,19.160156,78.7649
70.927734,103.62305,26.015625,77.87109,19.072266,79.30661
71.015625,103.97461,26.015625,77.87109,18.6328125,79.30661
71.103516,104.23828,26.015625,77.87109,18.36914,78.7649
71.19141,104.677734,26.015625,77.87109,18.19336,78.33153
71.36719,104.94141,26.015625,77.87109,18.105469,78.0065
71.54297,105.11719,26.015625,77.87109,18.105469,77.573135
71.54297,105.29297,26.015625,77.87109,17.9296875,77.03142
71.54297,105.29297,26.015625,77.87109,17.578125,76.598045
71.63086,105.29297,26.015625,77.87109,17.402344,76.273026
71.98242,105.29297,26.015625,77.87109,17.2265625,76.273026
72.1582,105.29297,26.015625,77.87109,17.138672,76.056335
72.333984,105.29297,26.015625,77.87109,16.96289,75.40628
72.421875,105.29297,26.015625,77.87109,16.611328,74.64789
72.509766,105.29297,26.015625,77.69531,16.347656,73.56446
72.421875,105.29297,26.015625,77.25586,16.259766,71.93932
72.1582,105.29297,26.015625,77.16797,16.083984,69.230774
72.07031,105.29297,26.015625,77.16797,15.644531,65.54713
72.07031,105.29297,26.015625,77.16797,15.380859,60.455036
72.07031,105.29297,26.015625,77.16797,15.205078,54.387867
72.1582,105.46875,26.015625,77.16797,15.205078,47.34561
72.07031,105.82031,26.015625,77.16797,15.205078,38.786568
71.80664,106.259766,26.015625,77.16797,15.205078,30.010834
71.36719,107.05078,26.279297,77.16797,15.380859,20.801733
70.83984,107.666016,26.455078,77.16797,15.644531,13.1094265
70.3125,108.45703,26.982422,77.16797,15.732422,8.342362
69.697266,109.072266,27.7734375,77.16797,15.732422,5.3087754
69.3457,109.77539,28.564453,77.16797,15.732422,3.9003248
69.08203,110.56641,29.61914,77.16797,15.732422,3.2502706
69.08203,111.09375,30.498047,77.16797,15.732422,2.2751896
69.08203,111.62109,31.02539,77.16797,15.732422,1.6251353
69.16992,111.97266,31.201172,77.16797,15.732422,1.191766
68.90625,112.32422,31.816406,77.16797,15.732422,0.9750812
68.37891,112.85156,32.16797,77.16797,15.644531,0.8667389
67.58789,113.115234,32.25586,77.16797,15.380859,0.8667389
66.44531,113.37891,32.34375,77.16797,15.205078,0.8667389
64.77539,113.55469,32.34375,77.16797,15.205078,0.75839657
63.10547,113.73047,32.34375,77.16797,15.205078,0.75839657
61.171875,113.81836,32.34375,77.16797,15.380859,0.75839657
58.88672,113.90625,32.34375,77.16797,15.556641,0.75839657
56.16211,113.90625,32.34375,77.16797,15.556641,0.75839657
52.822266,113.90625,32.34375,77.16797,14.941406,0.75839657
48.95508,114.3457,32.783203,76.99219,14.150391,0.75839657
45.0,115.40039,34.01367,76.37695,13.183594,0.75839657
40.60547,116.71875,35.595703,75.67383,13.0078125,0.75839657
37.089844,118.03711,36.65039,74.88281,13.447266,0.75839657
33.3984375,119.17969,36.9140625,74.35547,14.326172,0.75839657
30.058594,120.234375,37.001953,74.26758,15.46875,0.75839657
26.455078,121.37695,37.177734,74.17969,16.435547,0.75839657
22.675781,122.51953,37.265625,74.26758,16.96289,0.75839657
19.511719,123.57422,37.353516,74.53125,17.402344,0.75839657
16.083984,124.62891,37.353516,74.44336,18.017578,0.75839657
14.501953,125.68359,37.353516,74.44336,18.36914,0.75839657
13.535156,126.82617,37.353516,75.05859,18.720703,0.75839657
13.359375,128.05664,37.353516,75.76172,19.248047,0.75839657
13.7109375,129.46289,37.70508,76.552734,19.511719,0.75839657
13.623047,131.2207,39.0234375,77.34375,19.59961,0.75839657
13.447266,133.41797,40.86914,77.69531,19.59961,0.75839657
12.832031,135.8789,43.2421875,77.69531,19.3359375,0.75839657
11.865234,138.6914,45.791016,77.69531,19.248047,0.75839657
11.689453,141.67969,48.603516,77.69531,19.160156,0.75839657
11.865234,145.01953,51.503906,77.69531,19.160156,0.75839657
12.216797,148.62305,54.66797,77.958984,19.248047,0.75839657
12.65625,152.578125,57.83203,78.83789,19.77539,0.75839657
13.183594,156.6211,60.46875,80.15625,20.214844,0.75839657
13.359375,160.83984,62.490234,81.82617,20.654297,0.75839657
13.447266,164.44336,64.072266,83.583984,21.18164,0.75839657
13.271484,167.51953,65.12695,85.51758,21.4453125,0.75839657
13.183594,170.6836,64.86328,87.802734,21.796875,0.75839657
13.798828,173.4961,65.390625,88.24219,22.41211,0.75839657
13.535156,176.2207,65.83008,90.791016,22.763672,0.75839657
13.359375,178.76953,66.884766,91.93359,22.236328,0.75839657
13.359375,180.43945,68.291016,92.90039,22.1484375,0.75839657
13.0078125,182.109375,70.40039,93.603516,22.1484375,0.75839657
12.919922,183.7793,71.54297,94.30664,22.1484375,0.75839657
12.919922,185.53711,73.125,94.6582,22.060547,0.75839657
12.832031,186.94336,74.70703,94.74609,21.796875,0.75839657
13.359375,188.17383,76.46484,94.833984,21.4453125,0.75839657
13.359375,189.140625,77.7832,94.921875,21.269531,0.75839657
13.359375,189.49219,78.22266,95.009766,21.18164,0.75839657
13.359375,189.58008,79.365234,95.27344,21.09375,0.75839657
13.359375,189.75586,81.21094,95.27344,21.09375,0.75839657
13.359375,189.75586,83.4082,95.27344,21.09375,0.75839657
13.271484,189.75586,84.90234,94.921875,21.09375,0.75839657
13.183594,189.75586,87.01172,94.30664,21.09375,0.75839657
13.0078125,189.75586,89.0332,93.427734,21.09375,0.75839657
13.0078125,189.75586,91.58203,92.37305,21.09375,0.75839657
13.0078125,189.75586,94.48242,91.05469,21.00586,0.75839657
12.919922,189.75586,97.20703,89.64844,20.566406,0.75839657
12.832031,189.75586,100.01953,88.1543,20.214844,0.75839657
12.832031,189.75586,103.00781,86.572266,19.6875,0.75839657
12.919922,189.75586,106.34766,84.990234,19.248047,0.75839657
12.919922,189.75586,109.59961,83.4082,18.720703,0.75839657
12.919922,189.75586,112.93945,81.91406,18.28125,0.75839657
12.919922,189.75586,116.2793,80.50781,17.753906,0.75839657
12.919922,189.75586,119.70703,79.10156,17.314453,0.75839657
12.919922,189.75586,122.958984,77.7832,16.699219,0.75839657
13.095703,189.75586,126.47461,76.552734,15.8203125,0.75839657
13.359375,189.75586,129.81445,75.49805,14.941406,0.75839657
13.535156,189.75586,133.24219,74.26758,14.238281,0.75839657
13.7109375,189.75586,136.31836,73.38867,13.623047,0.75839657
13.7109375,189.75586,139.39453,72.86133,13.0078125,0.75839657
13.623047,189.75586,142.20703,72.421875,12.65625,0.75839657
13.0078125,189.75586,144.93164,72.333984,12.392578,0.75839657
12.128906,189.75586,147.74414,72.509766,12.216797,0.75839657
11.074219,189.75586,150.64453,73.125,12.128906,0.75839657
10.1953125,189.75586,153.7207,73.828125,12.128906,0.75839657
9.140625,189.75586,156.35742,74.00391,12.392578,0.75839657
9.052734,189.75586,157.93945,74.17969,12.392578,0.75839657
9.140625,189.75586,159.3457,74.53125,11.777344,0.75839657
9.228516,189.75586,160.3125,74.88281,11.425781,0.75839657
9.404297,189.75586,161.63086,75.234375,10.8984375,0.75839657
8.964844,189.75586,162.68555,75.67383,10.722656,0.75839657
8.525391,189.75586,163.47656,75.9375,10.722656,0.75839657
8.173828,189.75586,164.44336,76.02539,11.162109,0.75839657
7.998047,189.75586,165.76172,76.02539,11.865234,0.75839657
7.91015625,189.75586,166.55273,76.02539,12.216797,0.75839657
7.91015625,189.75586,167.08008,76.02539,12.480469,0.75839657
7.6464844,189.75586,167.34375,76.02539,12.3046875,0.75839657
7.470703,189.75586,167.51953,75.84961,11.162109,0.75839657
7.294922,189.75586,167.51953,75.84961,10.371094,0.75839657
7.20703125,189.75586,167.51953,75.49805,9.931641,0.75839657
7.1191406,189.75586,167.51953,75.49805,9.580078,0.75839657
7.1191406,189.75586,167.51953,75.146484,9.404297,0.75839657
7.1191406,189.75586,167.51953,74.88281,9.404297,0.75839657
7.1191406,189.75586,167.51953,74.61914,9.4921875,0.75839657
7.20703125,189.75586,167.51953,74.26758,9.052734,0.75839657
7.20703125,189.75586,167.51953,73.65234,8.4375,0.75839657
7.1191406,189.75586,167.51953,73.125,7.3828125,0.75839657
6.9433594,189.75586,167.51953,72.94922,6.50390625,0.75839657
6.85546875,189.75586,167.51953,72.77344,5.888672,0.75839657
6.591797,189.75586,167.51953,72.77344,5.625,0.75839657
6.4160156,189.75586,167.51953,72.77344,5.361328,0.75839657
6.2402344,189.75586,167.51953,72.77344,5.185547,0.75839657
6.15234375,189.75586,167.51953,72.77344,5.09765625,0.75839657
6.15234375,189.75586,167.51953,72.77344,5.0097656,0.75839657
6.15234375,189.75586,167.51953,72.77344,5.0097656,0.75839657
6.15234375,189.75586,167.51953,72.77344,5.0097656,0.75839657
6.15234375,189.75586,167.51953,72.77344,5.0097656,0.75839657
6.15234375,189.75586,167.51953,72.77344,5.0097656,0.75839657
6.15234375,189.75586,167.51953,72.77344,5.0097656,0.75839657
6.15234375,189.75586,167.51953,72.77344,5.0097656,0.75839657
6.15234375,189.75586,167.51953,72.77344,5.0097656,0.75839657
6.15234375,189.75586,167.51953,72.77344,5.0097656,0.75839657
6.15234375,189.75586,167.51953,72.77344,5.0097656,0.75839657
6.15234375,189.75586,167.51953,72.77344,5.0097656,0.75839657
6.15234375,189.75586,167.51953,72.77344,5.0097656,0.75839657
6.15234375,189.75586,167.51953,72.77344,5.0097656,0.75839657
6.15234375,189.75586,167.51953,72.77344,5.0097656,0.75839657
6.15234375,189.75586,167.51953,72.77344,5.0097656,0.75839657
6.15234375,189.75586,167.51953,72.77344,5.0097656,0.75839657
6.15234375,189.75586,167.51953,72.77344,5.0097656,0.75839657
6.15234375,189.75586,167.51953,72.77344,5.0097656,0.75839657
6.15234375,189.75586,167.51953,72.77344,5.0097656,0.75839657
6.15234375,189.75586,167.51953,72.77344,5.0097656,0.75839657
6.15234375,189.75586,167.51953,72.77344,5.0097656,0.75839657
6.15234375,189.75586,167.51953,72.77344,5.0097656,0.75839657
6.15234375,189.75586,167.51953,72.77344,5.0097656,0.75839657
6.15234375,189.75586,167.51953,72.77344,5.0097656,0.75839657
6.15234375,189.75586,167.51953,72.77344,4.921875,0.75839657
5.7128906,189.75586,167.51953,72.77344,4.8339844,0.75839657
4.3066406,189.75586,167.51953,72.77344,4.921875,0.75839657
2.8125,189.75586,167.51953,72.77344,4.1308594,0.75839657
2.1972656,189.75586,167.51953,72.77344,3.9550781,0.75839657
2.1972656,189.75586,167.51953,72.77344,3.515625,0.75839657
2.7246094,189.75586,167.51953,72.77344,3.33984375,0.75839657
2.98828125,189.75586,167.51953,72.77344,3.2519531,0.75839657
2.8125,189.75586,167.51953,72.77344,3.1640625,0.75839657
2.4609375,189.75586,167.51953,72.77344,3.1640625,0.75839657
2.28515625,189.75586,167.51953,72.77344,3.1640625,0.75839657
2.109375,189.75586,167.51953,72.77344,3.1640625,0.75839657
2.109375,189.75586,167.51953,72.77344,3.2519531,0.75839657
2.109375,189.75586,167.51953,72.77344,3.515625,0.75839657
2.109375,189.75586,167.51953,72.77344,3.69140625,0.75839657
2.109375,189.75586,167.51953,72.77344,3.69140625,0.75839657
2.109375,189.75586,167.51953,72.77344,3.8671875,0.75839657
2.109375,189.75586,167.51953,72.77344,3.7792969,0.75839657
2.109375,189.75586,167.51953,72.77344,3.8671875,0.75839657
2.109375,189.75586,167.51953,72.77344,3.8671875,0.75839657
2.109375,189.75586,167.51953,72.77344,3.8671875,0.75839657
2.109375,189.75586,167.51953,72.77344,3.9550781,0.75839657
2.109375,189.75586,167.51953,72.77344,4.39453125,0.75839657
2.109375,189.75586,167.51953,72.77344,4.5703125,0.75839657
2.1972656,189.75586,167.51953,72.77344,4.658203,0.75839657
2.28515625,189.75586,167.51953,72.77344,4.74609375,0.75839657
2.28515625,189.75586,167.51953,72.77344,4.74609375,0.75839657
2.28515625,189.75586,167.51953,72.77344,4.8339844,0.75839657
2.1972656,189.75586,167.51953,72.77344,5.2734375,0.75839657
2.1972656,189.75586,167.51953,72.77344,5.5371094,0.75839657
2.1972656,189.75586,167.51953,72.77344,5.625,0.75839657
2.1972656,189.75586,167.51953,72.77344,5.625,0.75839657
1.7578125,189.75586,167.51953,72.77344,5.361328,0.75839657
1.4941406,189.75586,167.51953,72.68555,5.185547,0.75839657
1.3183594,189.75586,167.51953,72.24609,5.185547,0.75839657
1.23046875,189.75586,167.51953,71.98242,5.185547,0.75839657
1.3183594,189.75586,167.51953,71.80664,5.09765625,0.75839657
2.109375,189.75586,167.51953,71.54297,4.5703125,0.75839657
2.98828125,189.75586,167.51953,71.103516,3.69140625,0.75839657
3.9550781,189.75586,167.51953,70.83984,3.0761719,0.75839657
4.921875,189.75586,167.51953,70.75195,2.5488281,0.75839657
5.5371094,189.75586,167.51953,70.66406,2.0214844,0.75839657
5.9765625,189.75586,167.51953,70.75195,1.58203125,0.75839657
6.15234375,189.75586,167.51953,70.83984,1.23046875,0.75839657
6.15234375,189.58008,167.51953,71.103516,1.23046875,0.75839657
6.2402344,188.70117,167.51953,71.54297,1.23046875,0.75839657
6.50390625,187.29492,167.16797,71.80664,1.3183594,0.75839657
6.591797,185.00977,166.20117,71.89453,1.58203125,0.75839657
6.767578,182.28516,163.30078,71.71875,1.6699219,0.75839657
6.767578,178.76953,160.92773,72.509766,1.58203125,0.75839657
6.85546875,175.2539,157.32422,73.740234,1.58203125,0.75839657
6.767578,172.08984,153.36914,75.146484,1.58203125,0.75839657
6.591797,169.01367,149.23828,76.640625,1.6699219,0.75839657
6.591797,166.55273,145.2832,79.01367,1.3183594,0.75839657
6.85546875,164.79492,141.15234,81.21094,1.3183594,0.75839657
7.20703125,162.2461,136.49414,82.96875,1.58203125,0.75839657
7.470703,159.96094,132.01172,84.90234,1.6699219,0.75839657
7.8222656,157.85156,127.08984,87.1875,2.0214844,0.75839657
7.91015625,155.5664,121.9043,89.73633,2.4609375,0.75839657
7.91015625,152.92969,116.36719,92.109375,2.7246094,0.75839657
7.8222656,150.46875,111.35742,94.48242,3.1640625,0.75839657
7.8222656,147.65625,105.73242,97.11914,3.6035156,0.75839657
7.8222656,144.93164,100.19531,99.228516,4.1308594,0.75839657
7.8222656,142.38281,94.57031,101.42578,4.21875,0.75839657
7.8222656,139.83398,89.12109,103.18359,4.04296875,0.75839657
8.173828,137.90039,84.375,104.15039,4.04296875,0.75839657
8.349609,136.31836,80.15625,104.853516,3.6035156,0.75839657
8.613281,134.91211,76.640625,105.20508,3.33984375,0.75839657
8.7890625,133.59375,73.65234,105.55664,3.2519531,0.75839657
8.7890625,132.09961,70.83984,105.73242,3.2519531,0.75839657
8.701172,130.51758,68.73047,105.82031,3.1640625,0.75839657
8.613281,129.11133,67.23633,105.9082,2.7246094,0.75839657
8.613281,127.5293,66.09375,105.9082,2.4609375,0.75839657
8.613281,126.03516,65.302734,105.9082,2.3730469,0.75839657
8.613281,124.453125,64.77539,105.9082,2.63671875,0.75839657
8.525391,122.69531,64.24805,105.9082,2.98828125,0.75839657
8.4375,120.58594,63.6328125,105.9082,3.33984375,0.75839657
8.349609,118.56445,62.666016,105.9082,3.515625,0.75839657
8.261719,116.103516,61.5234375,105.9082,3.8671875,0.75839657
8.261719,113.99414,60.46875,105.9082,4.3066406,0.75839657
8.349609,111.708984,59.0625,105.9082,4.482422,0.75839657
8.349609,109.59961,57.83203,105.9082,4.658203,0.75839657
8.173828,107.75391,56.6015625,105.9082,4.658203,0.9750812
7.8222656,106.171875,55.722656,105.9082,4.921875,2.383532
7.6464844,105.20508,55.1953125,105.9082,5.361328,3.5752978
7.3828125,104.15039,54.84375,105.9082,5.80078125,4.8754063
7.03125,103.62305,54.84375,105.9082,6.2402344,6.608884
6.85546875,103.271484,54.84375,105.9082,6.4160156,9.209101
6.6796875,103.18359,54.84375,105.9082,6.85546875,12.567714
6.2402344,103.0957,54.84375,105.9082,7.1191406,16.684725
5.80078125,103.0957,54.84375,105.9082,7.03125,22.426868
5.44921875,103.0957,55.1953125,105.9082,7.6464844,29.144096
4.921875,103.0957,55.458984,105.9082,8.261719,35.102924
4.39453125,103.0957,55.458984,105.9082,9.052734,39.54496
3.9550781,103.0957,55.458984,105.9082,9.755859,42.903576
3.69140625,103.0957,55.8984375,105.9082,10.1953125,45.720474
3.6035156,103.18359,56.25,105.9082,10.458984,47.77898
3.6035156,103.0957,57.041016,105.82031,10.634766,49.295773
3.69140625,103.0957,58.095703,105.9082,10.722656,50.3792
3.8671875,102.83203,58.447266,105.9082,10.722656,51.24594
3.8671875,102.39258,58.535156,105.9082,10.722656,51.570965
3.8671875,102.2168,58.88672,105.9082,10.722656,51.570965
3.7792969,102.12891,59.23828,105.9082,10.722656,51.570965
4.04296875,101.68945,59.4140625,105.55664,10.8984375,51.679306
4.482422,101.07422,60.029297,105.20508,11.25,52.22102
4.921875,100.10742,60.8203125,104.50195,11.513672,52.437706
5.361328,99.49219,61.96289,103.53516,11.689453,52.87107
5.888672,99.140625,63.36914,102.30469,11.777344,53.08776
6.4160156,98.96484,64.77539,101.77734,11.777344,52.654385
7.1191406,98.96484,66.44531,100.634766,11.777344,52.00433
7.734375,98.96484,68.291016,98.4375,11.953125,51.35428
8.0859375,98.96484,70.3125,95.625,12.3046875,50.595886
8.525391,98.96484,72.333984,93.603516,12.65625,49.945827
8.964844,98.96484,73.916016,92.63672,13.183594,49.6208
9.316406,98.96484,75.322266,91.40625,13.447266,49.512463
9.580078,98.96484,75.9375,89.91211,13.623047,49.729145
9.580078,98.96484,76.81641,88.24219,13.7109375,49.837486
9.580078,98.70117,78.046875,86.83594,14.0625,50.162514
9.580078,98.4375,79.62891,85.86914,14.4140625,50.48754
9.4921875,98.17383,81.5625,84.11133,14.589844,50.3792
9.404297,97.99805,83.23242,82.353516,14.765625,50.270855
9.404297,97.55859,84.55078,80.947266,14.765625,50.48754
9.404297,96.85547,85.51758,79.7168,15.205078,50.812565
9.140625,95.71289,86.2207,78.83789,15.46875,51.570965
8.7890625,94.6582,86.92383,77.958984,15.644531,52.32936
8.4375,93.7793,87.27539,77.958984,15.732422,52.979416
7.91015625,93.16406,87.45117,78.22266,15.8203125,53.521126
7.55859375,92.63672,87.53906,78.046875,15.8203125,54.062836
7.294922,92.28516,87.890625,76.46484,15.8203125,54.387867
7.03125,92.109375,88.41797,75.58594,15.8203125,55.146263
6.767578,91.49414,88.94531,75.322266,15.8203125,54.062836
6.50390625,90.615234,89.296875,75.234375,15.8203125,54.062836
6.2402344,89.64844,89.47266,74.35547,15.8203125,54.062836
6.2402344,88.41797,89.47266,72.509766,15.8203125,54.062836
6.2402344,87.62695,89.64844,71.015625,15.8203125,54.929577
6.4160156,86.74805,90.17578,70.83984,15.644531,54.062836
6.591797,85.51758,90.17578,70.04883,15.380859,53.521126
6.767578,84.63867,90.08789,70.22461,15.46875,52.546047
6.9433594,83.84766,89.91211,69.96094,14.677734,51.570965
7.20703125,83.14453,89.82422,69.697266,13.886719,50.48754
7.470703,82.353516,89.64844,69.3457,13.535156,49.6208
7.8222656,81.82617,89.82422,69.08203,13.359375,48.754063
8.173828,81.5625,90.35156,68.64258,13.447266,47.887325
8.4375,81.5625,90.703125,68.02734,13.0078125,46.37053
8.613281,81.5625,91.14258,67.32422,12.65625,45.070423
8.964844,81.91406,91.93359,66.5332,11.865234,41.061756
9.140625,82.70508,92.63672,65.478516,11.865234,34.561214
9.404297,83.14453,93.16406,64.51172,12.3046875,26.65222
9.580078,83.93555,93.603516,63.6328125,11.777344,19.284939
9.667969,84.990234,94.6582,63.01758,11.865234,15.492958
9.667969,86.04492,95.80078,62.402344,11.777344,14.734562
9.667969,86.92383,96.85547,61.78711,11.777344,14.626219
9.667969,87.890625,97.646484,61.083984,12.128906,14.626219
9.667969,88.68164,98.61328,61.259766,13.183594,14.626219
9.667969,89.82422,98.87695,61.61133,14.4140625,14.626219
9.667969,90.87891,99.052734,62.2265625,15.205078,14.626219
9.667969,92.021484,99.49219,62.753906,15.556641,14.626219
9.755859,93.16406,100.01953,63.720703,15.996094,14.626219
9.84375,94.48242,100.81055,63.984375,16.083984,14.626219
9.84375,95.88867,101.25,65.478516,16.171875,14.626219
10.1953125,97.20703,101.25,66.97266,16.347656,14.626219
10.283203,98.78906,101.25,69.16992,16.875,14.626219
10.722656,100.72266,101.68945,70.83984,16.699219,14.626219
11.25,103.18359,101.865234,72.24609,16.435547,14.626219
11.953125,105.9082,101.865234,73.30078,16.259766,14.626219
12.65625,109.072266,101.865234,73.828125,16.171875,14.626219
13.535156,112.14844,101.77734,74.9707,15.8203125,14.626219
14.501953,115.3125,101.33789,77.34375,15.46875,14.626219
15.556641,118.21289,100.2832,79.10156,15.380859,14.626219
16.875,120.41016,98.61328,81.29883,15.46875,14.626219
18.19336,122.16797,96.06445,83.671875,15.908203,14.626219
19.59961,123.134766,92.98828,86.396484,16.259766,14.626219
21.18164,123.66211,89.47266,89.384766,16.259766,14.626219
22.763672,123.83789,85.42969,92.46094,15.908203,14.626219
24.433594,123.75,80.947266,95.80078,15.556641,14.626219
26.015625,123.31055,76.11328,99.228516,15.1171875,14.626219
27.685547,122.87109,71.19141,101.60156,14.589844,14.626219
29.61914,122.7832,66.884766,102.65625,13.798828,14.626219
31.552734,122.958984,63.10547,103.447266,13.183594,14.626219
33.83789,123.31055,59.853516,103.97461,12.744141,14.626219
36.123047,123.66211,56.689453,104.15039,12.392578,14.517877
38.408203,124.10156,54.140625,103.97461,11.865234,14.517877
40.78125,124.541016,52.20703,103.447266,11.513672,14.517877
43.2421875,124.80469,50.44922,102.48047,11.425781,14.517877
45.0,124.98047,48.779297,101.953125,11.337891,14.517877
46.66992,124.7168,46.845703,101.60156,11.513672,14.517877
47.90039,124.01367,44.296875,101.42578,11.6015625,14.517877
49.746094,123.39844,41.92383,101.33789,11.689453,14.517877
51.6796875,122.60742,39.990234,101.07422,11.777344,14.517877
53.34961,121.9043,38.583984,100.458984,11.865234,14.517877
55.371094,121.11328,37.529297,99.58008,12.3046875,14.517877
57.128906,120.146484,36.9140625,98.52539,12.65625,14.517877
58.359375,118.828125,36.123047,97.55859,13.095703,14.517877
59.32617,117.1582,35.06836,96.5918,13.359375,14.517877
59.941406,115.3125,33.66211,95.625,13.535156,14.517877
60.908203,113.37891,32.08008,94.57031,13.623047,14.517877
61.61133,111.35742,30.410156,93.603516,13.7109375,14.517877
62.490234,109.42383,28.916016,92.63672,13.798828,14.517877
63.19336,107.666016,27.949219,91.58203,13.798828,14.517877
63.984375,106.171875,27.0703125,90.615234,13.798828,14.409534
64.59961,105.0293,26.63086,89.73633,13.798828,14.409534
64.95117,104.15039,26.3671875,89.296875,13.798828,14.409534
65.302734,103.62305,26.191406,88.94531,13.798828,14.409534
65.56641,103.271484,26.015625,88.68164,13.7109375,14.409534
66.00586,103.18359,26.015625,88.59375,13.447266,14.409534
66.18164,103.0957,26.015625,88.41797,13.271484,14.409534
66.18164,103.0957,26.015625,88.50586,13.183594,14.409534
66.35742,102.91992,26.015625,88.59375,13.095703,14.409534
66.5332,102.56836,26.015625,88.59375,13.095703,14.409534
66.5332,102.30469,26.015625,88.59375,13.095703,14.409534
66.62109,102.041016,26.015625,88.59375,13.095703,14.409534
66.62109,101.953125,26.015625,88.59375,13.095703,14.409534
66.708984,101.865234,26.015625,88.59375,13.095703,14.409534
66.62109,101.865234,26.015625,88.59375,12.65625,14.734562
66.44531,101.68945,26.015625,89.208984,12.392578,17.443121
66.09375,101.42578,26.015625,89.91211,12.041016,22.210184
65.91797,101.25,26.015625,90.52734,11.6015625,28.277355
65.6543,101.16211,26.015625,91.05469,11.337891,36.511375
65.478516,101.07422,26.015625,91.58203,11.25,45.612137
65.478516,101.07422,26.015625,91.75781,11.25,54.279526
65.390625,100.89844,26.015625,91.8457,11.25,60.996746
65.390625,100.634766,26.015625,92.37305,11.25,66.413864
65.390625,100.458984,26.015625,92.72461,11.25,70.96425
65.390625,100.37109,26.015625,92.90039,10.986328,74.64789
65.390625,100.37109,26.015625,92.90039,10.546875,77.573135
65.390625,100.37109,25.927734,92.90039,10.371094,79.414955
65.390625,100.37109,25.751953,92.90039,10.1953125,80.71506
65.390625,100.37109,25.751953,92.90039,10.107422,81.69014
65.302734,100.37109,25.751953,92.90039,10.019531,82.44854
64.95117,100.37109,25.751953,92.90039,10.019531,82.66522
64.6875,100.37109,25.751953,92.90039,10.019531,82.66522
64.51172,100.37109,25.6640625,92.90039,10.019531,82.66522
64.072266,100.37109,25.6640625,93.07617,10.019531,82.66522
63.808594,100.37109,25.6640625,93.515625,9.931641,82.55688
63.6328125,100.37109,25.6640625,93.7793,9.4921875,82.01517
63.6328125,100.37109,25.6640625,93.7793,9.316406,81.14843
63.6328125,100.37109,25.6640625,93.7793,9.228516,79.739975
63.720703,100.37109,25.6640625,93.7793,9.140625,77.573135
63.808594,100.37109,25.6640625,93.7793,9.140625,74.86457
63.808594,100.37109,25.6640625,93.7793,9.140625,71.39761
63.808594,100.37109,25.6640625,93.7793,9.140625,67.172264
63.54492,100.37109,25.6640625,93.7793,9.140625,62.405197
63.36914,100.458984,25.6640625,93.7793,9.140625,56.771397
63.10547,100.634766,25.6640625,93.7793,9.052734,49.6208
62.9296875,100.81055,25.6640625,93.7793,8.701172,41.27844
62.841797,101.07422,25.6640625,93.69141,8.4375,32.17768
62.578125,101.42578,25.6640625,93.603516,8.261719,22.751896
62.402344,101.68945,25.6640625,93.25195,8.261719,14.734562
62.2265625,101.953125,25.6640625,93.07617,8.173828,9.209101
61.96289,102.12891,25.6640625,93.07617,8.0859375,5.95883
61.96289,102.39258,25.6640625,93.07617,8.0859375,4.0086675
61.96289,102.65625,25.6640625,93.07617,8.0859375,3.4669557
61.96289,102.91992,25.6640625,93.07617,8.0859375,2.4918742
62.05078,103.18359,25.6640625,93.07617,8.0859375,1.7334778
62.13867,103.271484,25.6640625,93.07617,8.0859375,1.191766
62.05078,103.359375,25.6640625,93.07617,8.0859375,0.9750812
61.78711,103.359375,25.6640625,93.07617,7.998047,0.8667389
61.5234375,103.359375,25.6640625,93.07617,7.55859375,0.8667389
61.259766,103.53516,25.6640625,93.07617,7.3828125,0.8667389
60.908203,103.53516,25.6640625,93.07617,7.20703125,0.8667389
60.73242,103.71094,25.927734,93.16406,7.20703125,0.8667389
60.029297,104.15039,26.279297,93.33984,7.20703125,0.8667389
59.0625,104.41406,26.3671875,93.33984,7.03125,0.8667389
57.65625,104.58984,26.3671875,93.33984,7.1191406,0.8667389
55.634766,105.20508,26.3671875,93.33984,7.03125,0.8667389
53.17383,105.64453,26.80664,93.33984,7.1191406,0.8667389
50.53711,106.43555,27.597656,93.33984,7.03125,0.8667389
47.197266,107.13867,28.564453,93.33984,7.1191406,0.8667389
43.9453125,107.490234,29.003906,93.33984,7.3828125,0.8667389
40.4296875,107.8418,29.1796875,93.33984,7.8222656,0.8667389
36.47461,108.28125,29.355469,93.33984,8.261719,0.8667389
32.51953,108.7207,29.8828125,93.515625,8.525391,0.8667389
28.388672,109.51172,30.673828,93.7793,8.701172,0.75839657
24.2578125,110.302734,31.640625,93.86719,8.701172,0.75839657
19.951172,111.09375,32.871094,93.86719,8.876953,0.75839657
15.8203125,112.06055,34.277344,93.515625,9.4921875,0.75839657
11.777344,112.93945,35.595703,93.07617,10.107422,0.75839657
8.261719,113.81836,36.65039,92.98828,10.546875,0.75839657
5.7128906,114.697266,37.529297,92.98828,11.25,0.75839657
3.33984375,115.40039,37.96875,92.90039,12.041016,0.75839657
1.4941406,115.927734,37.96875,92.90039,12.919922,0.75839657
0.263671875,116.63086,37.96875,92.90039,13.974609,0.75839657
-0.7910156,117.421875,37.96875,92.90039,15.1171875,0.75839657
-2.0214844,118.03711,37.96875,92.90039,16.171875,0.75839657
-3.0761719,119.00391,37.96875,93.16406,16.96289,0.75839657
-4.04296875,119.88281,38.3203125,93.16406,17.666016,0.75839657
-4.74609375,121.02539,39.0234375,93.16406,18.105469,0.75839657
-4.74609375,122.43164,39.28711,93.16406,18.457031,0.75839657
-4.658203,124.01367,39.990234,93.16406,18.457031,0.75839657
-4.21875,125.947266,40.69336,93.33984,18.28125,0.75839657
-3.8671875,128.14453,41.748047,93.86719,18.19336,0.75839657
-3.4277344,130.86914,43.41797,94.48242,18.36914,0.75839657
-2.28515625,133.94531,45.3515625,94.6582,18.105469,0.75839657
-1.58203125,137.63672,47.63672,94.833984,18.105469,0.75839657
-0.6152344,141.67969,50.44922,94.833984,17.578125,0.75839657
0.52734375,146.16211,53.70117,95.009766,16.96289,0.75839657
0.703125,150.46875,56.689453,95.71289,16.699219,0.75839657
0.703125,155.03906,59.501953,96.67969,16.347656,0.75839657
0.6152344,159.4336,61.78711,97.38281,16.259766,0.75839657
0.52734375,163.65234,63.984375,97.734375,16.259766,0.75839657
1.0546875,167.8711,64.77539,98.17383,16.259766,0.75839657
2.3730469,171.65039,66.62109,98.26172,16.259766,0.75839657
2.9003906,175.42969,68.37891,98.87695,16.171875,0.75839657
3.515625,178.68164,70.13672,99.052734,15.556641,0.75839657
4.5703125,181.05469,72.1582,99.140625,15.380859,0.75839657
4.921875,183.33984,74.26758,99.66797,15.205078,0.75839657
5.185547,185.44922,75.84961,99.66797,15.205078,0.75839657
5.2734375,187.38281,77.43164,99.84375,15.380859,0.75839657
5.888672,188.70117,78.57422,100.01953,15.8203125,0.75839657
5.80078125,189.3164,79.10156,100.81055,16.259766,0.75839657
6.064453,189.58008,79.453125,101.68945,16.5234375,0.75839657
6.15234375,189.75586,79.7168,102.30469,16.611328,0.75839657
6.2402344,189.75586,80.41992,102.48047,16.699219,0.75839657
6.328125,189.75586,81.29883,102.12891,16.78711,0.75839657
6.328125,189.75586,82.177734,101.77734,16.699219,0.75839657
6.4160156,189.75586,83.671875,101.16211,16.435547,0.75839657
6.591797,189.75586,85.69336,99.75586,16.259766,0.75839657
6.9433594,189.75586,87.978516,97.99805,16.259766,0.75839657
7.20703125,189.75586,90.52734,96.240234,16.259766,0.75839657
7.6464844,189.75586,93.515625,93.86719,16.259766,0.75839657
8.4375,189.75586,96.67969,91.14258,16.259766,0.75839657
9.140625,189.75586,100.10742,88.33008,16.259766,0.75839657
9.84375,189.75586,103.71094,85.25391,16.259766,0.75839657
10.1953125,189.75586,107.578125,82.70508,16.259766,0.75839657
10.371094,189.75586,111.35742,80.41992,16.259766,0.75839657
10.634766,189.75586,115.13672,78.046875,16.259766,0.75839657
10.722656,189.75586,118.916016,76.02539,16.171875,0.75839657
10.722656,189.75586,123.046875,74.44336,15.644531,0.75839657
10.722656,189.75586,127.265625,72.94922,15.380859,0.75839657
10.722656,189.75586,131.2207,71.71875,15.205078,0.75839657
10.634766,189.75586,135.17578,70.57617,15.029297,0.75839657
10.546875,189.75586,138.6914,69.521484,14.589844,0.75839657
10.458984,189.75586,142.11914,68.99414,13.974609,0.75839657
9.931641,189.75586,145.2832,68.55469,13.095703,0.75839657
9.228516,189.75586,148.359375,68.291016,12.128906,0.75839657
8.7890625,189.75586,151.52344,68.203125,11.25,0.75839657
7.8222656,189.75586,155.03906,68.4668,10.810547,0.75839657
7.20703125,189.75586,158.11523,68.90625,10.1953125,0.75839657
7.1191406,189.75586,160.83984,68.99414,10.019531,0.75839657
7.20703125,189.66797,162.86133,69.609375,10.546875,0.75839657
7.55859375,188.96484,164.0918,70.22461,10.810547,0.75839657
7.294922,189.49219,165.32227,70.48828,11.337891,0.75839657
7.1191406,190.01953,166.37695,70.57617,11.777344,0.75839657
6.767578,190.01953,166.9043,70.40039,11.777344,0.75839657
6.2402344,190.01953,167.25586,70.3125,12.216797,0.75839657
5.5371094,190.01953,167.51953,70.3125,11.25,0.75839657
4.921875,190.01953,167.60742,70.3125,10.546875,0.75839657
4.3066406,190.01953,167.60742,70.3125,9.755859,0.75839657
3.8671875,190.01953,167.60742,70.3125,9.316406,0.75839657
3.8671875,190.01953,167.60742,70.3125,9.316406,0.75839657
3.9550781,190.01953,167.60742,70.3125,9.404297,0.75839657
3.9550781,190.01953,167.60742,70.3125,9.667969,0.75839657
3.9550781,190.01953,167.60742,70.3125,9.580078,0.75839657
3.9550781,190.01953,167.60742,70.3125,9.316406,0.75839657
3.9550781,190.01953,167.60742,70.3125,8.964844,0.75839657
3.9550781,190.01953,167.60742,70.3125,8.613281,0.75839657
3.9550781,190.01953,167.60742,70.3125,8.349609,0.75839657
3.9550781,190.01953,167.60742,70.3125,8.261719,0.75839657
3.9550781,190.01953,167.60742,70.3125,8.173828,0.75839657
3.9550781,190.01953,167.60742,70.3125,8.173828,0.75839657
3.9550781,190.01953,167.60742,70.3125,8.173828,0.75839657
3.9550781,190.01953,167.60742,70.3125,8.173828,0.75839657
3.9550781,190.01953,167.60742,70.3125,8.173828,0.75839657
3.9550781,190.01953,167.60742,70.3125,8.173828,0.75839657
3.9550781,190.01953,167.60742,70.3125,8.173828,0.75839657
3.9550781,190.01953,167.60742,70.3125,8.173828,0.75839657
3.9550781,190.01953,167.60742,70.3125,8.173828,0.75839657
3.9550781,190.01953,167.60742,70.3125,8.173828,0.75839657
3.9550781,190.01953,167.60742,70.3125,8.173828,0.75839657
3.9550781,190.01953,167.60742,70.3125,8.173828,0.75839657
3.9550781,190.01953,167.60742,70.3125,8.173828,0.75839657
3.9550781,190.01953,167.60742,70.3125,8.173828,0.75839657
3.9550781,190.01953,167.60742,70.3125,8.173828,0.75839657
3.9550781,190.01953,167.60742,70.3125,8.173828,0.75839657
3.9550781,190.01953,167.60742,70.3125,8.173828,0.75839657
3.9550781,190.01953,167.60742,70.3125,8.173828,0.75839657
3.9550781,190.01953,167.60742,70.3125,8.173828,0.75839657
3.9550781,190.01953,167.60742,70.3125,8.173828,0.75839657
3.9550781,190.01953,167.60742,70.3125,8.173828,0.75839657
3.9550781,190.01953,167.60742,70.3125,8.173828,0.75839657
3.9550781,190.01953,167.60742,70.3125,8.173828,0.75839657
3.9550781,190.01953,167.60742,70.3125,8.173828,0.75839657
3.9550781,190.01953,167.60742,70.3125,8.173828,0.75839657
3.9550781,190.01953,167.60742,70.3125,8.173828,0.75839657
3.9550781,190.01953,167.60742,70.3125,8.173828,0.75839657
3.9550781,190.01953,167.60742,70.3125,8.173828,0.75839657
3.9550781,190.01953,167.60742,70.3125,8.173828,0.75839657
3.9550781,190.01953,167.60742,70.3125,8.173828,0.75839657
3.9550781,190.01953,167.60742,70.3125,8.173828,0.75839657
3.9550781,190.01953,167.60742,70.3125,8.173828,0.75839657
3.9550781,190.01953,167.60742,70.3125,8.173828,0.75839657
3.9550781,190.01953,167.60742,70.3125,8.173828,0.75839657
3.9550781,190.01953,167.60742,70.3125,8.173828,0.75839657
3.8671875,190.01953,167.60742,70.3125,8.173828,0.75839657
3.8671875,190.01953,167.60742,70.3125,8.0859375,0.75839657
3.2519531,190.01953,167.60742,70.3125,7.6464844,0.75839657
2.4609375,190.01953,167.60742,70.3125,7.3828125,0.75839657
1.3183594,190.01953,167.60742,70.3125,7.20703125,0.75839657
0.9667969,190.01953,167.60742,70.3125,7.1191406,0.75839657
0.9667969,190.01953,167.60742,70.3125,7.1191406,0.75839657
1.1425781,190.01953,167.60742,70.3125,7.1191406,0.75839657
1.3183594,190.01953,167.60742,70.3125,7.1191406,0.75839657
1.3183594,190.01953,167.60742,70.3125,7.1191406,0.75839657
1.23046875,190.01953,167.60742,70.3125,7.1191406,0.75839657
1.23046875,190.01953,167.60742,70.3125,7.1191406,0.75839657
1.23046875,190.01953,167.60742,70.3125,7.1191406,0.75839657
1.23046875,190.01953,167.60742,70.3125,7.1191406,0.75839657
1.23046875,190.01953,167.60742,70.3125,7.1191406,0.75839657
1.23046875,190.01953,167.60742,70.3125,7.1191406,0.75839657
1.23046875,190.01953,167.60742,70.3125,7.1191406,0.75839657
1.23046875,190.01953,167.60742,70.3125,7.1191406,0.75839657
1.23046875,190.01953,167.60742,70.3125,7.1191406,0.75839657
1.23046875,190.01953,167.60742,70.3125,7.1191406,0.75839657
1.23046875,190.01953,167.60742,70.3125,7.1191406,0.75839657
1.23046875,190.01953,167.60742,70.3125,7.1191406,0.75839657
1.23046875,190.01953,167.60742,70.3125,7.1191406,0.75839657
1.23046875,190.01953,167.60742,70.3125,7.1191406,0.75839657
1.23046875,190.01953,167.60742,70.3125,7.1191406,0.75839657
1.23046875,190.01953,167.60742,70.3125,7.1191406,0.75839657
1.23046875,190.01953,167.60742,70.3125,6.9433594,0.75839657
1.23046875,190.01953,167.60742,70.3125,6.591797,0.75839657
1.23046875,190.01953,167.60742,70.3125,6.4160156,0.75839657
1.23046875,190.01953,167.60742,70.3125,6.328125,0.75839657
1.23046875,190.01953,167.60742,70.3125,6.767578,0.75839657
1.23046875,190.01953,167.60742,70.3125,7.470703,0.75839657
1.3183594,190.01953,167.60742,70.3125,8.173828,0.75839657
1.58203125,190.01953,167.60742,70.3125,8.876953,0.75839657
1.58203125,190.01953,167.60742,70.3125,9.228516,0.75839657
1.6699219,190.01953,167.60742,70.3125,9.404297,0.75839657
1.6699219,190.01953,167.60742,70.3125,9.580078,0.75839657
1.7578125,189.66797,167.60742,70.3125,9.667969,0.75839657
2.1972656,188.70117,167.25586,70.3125,9.667969,0.75839657
2.63671875,186.76758,166.640625,70.3125,9.667969,0.75839657
3.33984375,183.95508,164.35547,70.75195,10.019531,0.75839657
3.8671875,180.35156,161.36719,72.509766,9.931641,0.75839657
4.658203,176.3086,157.41211,74.44336,9.84375,0.75839657
5.185547,172.4414,152.13867,76.9043,9.4921875,0.75839657
5.80078125,168.22266,146.16211,79.62891,8.876953,0.75839657
6.2402344,164.0918,140.97656,83.4082,8.964844,0.75839657
6.9433594,159.69727,135.08789,86.83594,8.4375,0.75839657
7.55859375,155.03906,128.75977,90.703125,8.349609,0.75839657
8.0859375,150.46875,122.958984,95.009766,8.261719,0.75839657
8.525391,145.81055,117.24609,98.78906,8.173828,0.75839657
9.052734,140.71289,111.00586,101.60156,7.55859375,0.75839657
9.4921875,136.23047,105.38086,102.65625,7.1191406,0.75839657
10.107422,132.36328,99.31641,103.18359,6.591797,0.75839657
10.810547,129.72656,93.515625,104.0625,6.064453,0.75839657
11.337891,127.5293,87.27539,104.677734,6.15234375,0.75839657
11.865234,125.859375,81.38672,105.20508,6.15234375,0.75839657
12.480469,124.365234,74.79492,105.46875,6.2402344,0.75839657
12.919922,123.134766,68.90625,105.55664,6.50390625,0.75839657
13.359375,121.99219,63.19336,105.64453,6.85546875,0.75839657
13.974609,120.9375,58.88672,105.82031,7.294922,0.75839657
14.326172,120.05859,55.371094,105.9082,7.8222656,0.75839657
14.589844,118.916016,52.910156,105.9082,8.4375,0.75839657
14.589844,117.509766,50.9765625,105.99609,8.964844,0.75839657
14.589844,116.19141,49.833984,105.99609,9.580078,0.75839657
14.501953,114.78516,48.8671875,105.99609,10.1953125,0.75839657
14.4140625,113.291016,48.1640625,105.99609,10.986328,0.75839657
13.974609,111.884766,47.54883,105.99609,11.953125,0.75839657
13.447266,110.390625,47.197266,105.99609,12.65625,0.75839657
13.0078125,108.896484,47.021484,105.99609,13.271484,0.75839657
12.480469,107.40234,47.021484,105.99609,13.886719,0.75839657
11.953125,105.9082,47.021484,105.99609,14.4140625,0.75839657
11.337891,104.58984,47.021484,105.99609,15.029297,0.75839657
10.8984375,103.359375,47.021484,105.99609,15.556641,0.75839657
10.458984,102.2168,47.021484,105.99609,16.083984,0.75839657
10.019531,101.51367,47.021484,105.99609,16.347656,0.75839657
9.755859,100.81055,47.021484,105.99609,16.5234375,0.75839657
9.228516,100.01953,46.933594,105.99609,16.699219,0.75839657
8.876953,98.96484,46.40625,105.99609,16.699219,0.75839657
8.349609,98.4375,46.31836,105.99609,16.78711,0.75839657
7.91015625,98.08594,46.31836,105.99609,16.699219,0.75839657
7.55859375,97.99805,46.23047,105.99609,16.347656,0.75839657
7.20703125,97.99805,46.23047,105.99609,16.259766,0.75839657
6.9433594,97.99805,46.23047,105.99609,16.259766,0.75839657
6.85546875,97.91016,46.23047,105.99609,16.259766,0.75839657
6.767578,97.91016,46.23047,105.99609,16.259766,0.75839657
6.591797,97.91016,46.23047,105.99609,16.259766,0.75839657
6.591797,97.91016,46.23047,105.99609,16.171875,0.75839657
6.591797,97.91016,46.23047,105.99609,15.556641,1.3001083
6.591797,97.91016,46.23047,105.99609,14.765625,3.4669557
6.591797,97.91016,46.66992,105.99609,13.886719,6.9339113
6.50390625,97.99805,46.7578125,105.99609,13.095703,12.459372
6.50390625,97.99805,46.7578125,105.99609,12.480469,17.226435
6.50390625,97.99805,47.109375,105.99609,11.865234,21.56013
6.50390625,97.99805,47.373047,105.99609,11.337891,25.460455
6.591797,98.17383,47.98828,105.9082,10.810547,28.385698
6.6796875,98.34961,48.95508,105.99609,10.634766,30.660889
6.6796875,98.4375,49.746094,105.99609,10.371094,33.044422
6.6796875,98.78906,50.71289,105.99609,10.1953125,35.42795
6.6796875,99.052734,51.76758,105.99609,10.107422,37.16143
6.6796875,99.31641,52.822266,105.99609,9.931641,39.111595
6.6796875,99.49219,53.7890625,105.99609,10.107422,40.84507
6.6796875,99.75586,54.228516,105.9082,10.371094,42.57855
6.6796875,99.93164,54.404297,105.9082,10.810547,43.987
6.6796875,100.2832,54.93164,105.9082,11.25,45.50379
6.6796875,100.37109,55.283203,105.99609,11.513672,46.912243
6.6796875,100.2832,55.371094,105.9082,11.865234,48.320694
6.591797,100.19531,55.458984,105.9082,12.3046875,49.945827
6.50390625,100.10742,55.458984,105.9082,12.480469,51.24594
6.328125,100.19531,55.458984,105.9082,12.832031,52.22102
6.15234375,100.19531,55.458984,105.9082,13.447266,52.546047
5.80078125,100.10742,55.458984,105.9082,13.974609,52.76273
5.5371094,99.84375,55.458984,105.9082,14.501953,53.196102
5.2734375,99.4043,55.458984,105.9082,15.1171875,53.521126
5.09765625,98.78906,55.458984,105.9082,15.46875,53.62947
4.8339844,97.91016,55.458984,105.9082,15.8203125,53.846157
4.5703125,97.03125,55.8984375,105.64453,16.259766,54.279526
4.39453125,96.5918,57.216797,104.853516,16.5234375,54.71289
4.21875,96.328125,58.97461,103.88672,16.611328,55.362946
4.1308594,96.240234,60.996094,102.65625,16.875,56.33803
4.1308594,96.240234,63.19336,100.98633,17.314453,57.096428
4.21875,96.240234,65.91797,98.78906,17.490234,57.746475
4.3066406,96.328125,68.81836,96.85547,17.666016,58.179848
4.3066406,96.328125,72.1582,94.6582,17.666016,58.613216
4.3066406,96.328125,75.322266,92.109375,17.841797,59.154926
4.3066406,96.328125,78.57422,89.56055,18.28125,59.371613
4.39453125,96.328125,81.47461,87.09961,18.544922,59.80498
4.5703125,96.240234,84.19922,85.166016,18.6328125,60.34669
4.658203,95.88867,85.86914,84.02344,18.720703,60.780067
4.658203,95.27344,87.1875,83.32031,18.720703,61.213432
4.74609375,94.39453,88.41797,81.82617,18.720703,61.6468
5.0097656,93.515625,89.64844,79.80469,18.720703,62.18852
5.185547,92.72461,90.703125,78.39844,18.720703,62.513542
5.361328,91.75781,91.66992,76.640625,18.720703,62.621887
5.7128906,90.615234,92.63672,75.05859,18.720703,62.73023
6.064453,89.47266,93.603516,73.65234,18.720703,62.73023
6.4160156,88.1543,94.04297,72.421875,18.720703,63.27194
6.6796875,87.01172,94.13086,71.45508,18.896484,64.24702
6.767578,86.2207,94.04297,70.3125,18.808594,63.596962
6.85546875,85.3418,93.95508,69.609375,18.720703,64.89707
6.85546875,84.81445,93.86719,68.99414,18.720703,64.57205
6.85546875,84.72656,93.86719,68.64258,18.720703,63.596962
6.85546875,83.759766,93.86719,68.203125,18.6328125,63.488625
7.20703125,83.05664,93.86719,67.85156,18.36914,63.488625
7.470703,82.353516,93.86719,67.76367,18.19336,63.488625
7.6464844,81.91406,93.86719,67.67578,18.19336,62.838573
7.6464844,81.65039,93.86719,67.67578,18.544922,61.755146
7.734375,81.38672,93.95508,67.41211,18.457031,60.238354
7.3828125,81.29883,93.95508,66.884766,18.105469,55.687977
7.3828125,81.21094,93.86719,66.09375,18.017578,48.97075
7.3828125,80.947266,93.33984,65.302734,18.017578,40.73673
7.3828125,81.73828,93.427734,64.072266,18.017578,31.63597
7.3828125,82.08984,93.427734,62.402344,18.36914,23.40195
7.294922,82.265625,92.98828,62.490234,18.105469,17.334778
7.03125,82.177734,92.28516,62.9296875,18.720703,15.059588
6.9433594,82.00195,91.8457,63.01758,19.248047,14.842903
6.9433594,82.00195,90.9668,63.36914,19.59961,14.734562
6.9433594,82.00195,89.91211,63.6328125,20.0390625,14.734562
7.1191406,82.00195,89.0332,64.59961,20.302734,14.734562
7.20703125,82.00195,88.06641,65.56641,20.478516,14.626219
7.20703125,81.91406,87.53906,66.5332,20.566406,14.517877
7.3828125,81.91406,87.1875,67.14844,20.830078,14.517877
7.55859375,81.91406,87.27539,67.58789,20.566406,14.517877
7.55859375,82.44141,87.62695,67.76367,20.214844,14.517877
7.55859375,83.583984,87.978516,68.115234,19.77539,14.517877
7.6464844,84.81445,88.68164,69.08203,19.423828,14.517877
7.734375,85.86914,88.85742,70.40039,19.072266,14.517877
7.8222656,86.83594,88.76953,72.421875,19.423828,14.517877
7.91015625,87.978516,88.06641,74.70703,19.511719,14.517877
7.91015625,89.208984,87.09961,77.51953,19.77539,14.517877
8.4375,90.52734,85.86914,79.7168,19.248047,14.517877
8.7890625,91.8457,84.375,82.5293,19.072266,14.517877
9.228516,93.07617,82.5293,85.25391,19.423828,14.517877
9.931641,94.21875,80.41992,87.802734,19.160156,14.517877
10.634766,95.36133,78.22266,90.17578,18.544922,14.517877
11.425781,96.50391,75.84961,92.37305,17.9296875,14.517877
12.392578,97.4707,73.38867,94.48242,17.490234,14.517877
13.447266,98.4375,70.57617,96.67969,17.050781,14.517877
14.677734,98.96484,67.32422,99.49219,16.699219,14.517877
16.083984,98.96484,63.45703,101.953125,16.259766,14.517877
17.666016,99.228516,59.677734,103.62305,15.644531,14.517877
19.160156,99.58008,55.810547,103.53516,15.46875,14.517877
20.917969,100.37109,52.470703,104.15039,15.1171875,14.517877
22.939453,101.33789,49.30664,104.50195,14.853516,14.517877
25.136719,102.30469,46.7578125,104.853516,14.589844,14.517877
27.158203,103.53516,44.6484375,104.94141,14.238281,14.517877
29.53125,104.50195,42.890625,105.0293,14.238281,14.517877
32.16797,105.29297,41.1328125,105.0293,14.238281,14.517877
34.8046875,105.99609,39.55078,105.11719,14.238281,14.517877
37.70508,106.52344,37.96875,105.20508,14.238281,14.517877
40.86914,106.96289,36.123047,105.20508,14.238281,14.517877
43.68164,107.578125,34.541016,104.94141,14.0625,14.517877
47.021484,108.10547,33.48633,104.677734,13.7109375,14.517877
50.185547,108.896484,32.783203,104.23828,13.447266,14.517877
52.646484,109.6875,32.34375,103.0957,13.359375,14.517877
55.01953,110.302734,32.25586,102.12891,13.623047,14.517877
56.777344,110.83008,32.25586,101.16211,13.974609,14.517877
58.095703,111.26953,32.25586,100.2832,14.326172,14.517877
59.4140625,111.35742,32.25586,99.31641,14.765625,14.517877
60.64453,111.35742,32.25586,98.4375,15.205078,14.517877
61.875,111.35742,32.25586,97.38281,15.556641,14.409534
63.01758,111.26953,32.25586,95.97656,16.259766,14.409534
64.16016,110.91797,31.9921875,94.833984,16.96289,14.409534
65.03906,110.21484,31.2890625,93.7793,17.9296875,14.409534
65.91797,109.33594,30.410156,92.54883,19.160156,14.409534
66.796875,108.63281,29.707031,91.05469,20.390625,14.409534
67.41211,107.92969,29.267578,89.64844,21.708984,14.409534
68.02734,107.490234,28.740234,88.33008,22.939453,14.409534
68.37891,107.22656,28.300781,87.09961,24.169922,14.409534
68.64258,106.78711,27.949219,86.13281,25.048828,14.409534
68.90625,106.52344,27.597656,85.51758,25.839844,14.409534
68.81836,105.99609,27.158203,84.990234,26.542969,14.409534
68.64258,105.55664,26.894531,84.28711,27.0703125,14.409534
68.4668,105.0293,26.80664,83.93555,27.7734375,14.409534
68.4668,104.58984,26.63086,83.759766,28.125,14.409534
68.37891,104.32617,26.3671875,83.671875,28.388672,14.409534
68.4668,104.0625,26.191406,83.671875,28.4765625,14.409534
68.55469,103.97461,26.103516,83.671875,28.652344,14.409534
68.115234,103.97461,26.103516,83.671875,28.740234,14.409534
67.85156,103.97461,26.103516,83.671875,28.740234,14.409534
67.67578,103.97461,26.015625,83.671875,28.740234,14.409534
67.32422,103.97461,26.015625,83.671875,28.740234,14.409534
66.884766,103.97461,26.015625,83.671875,28.740234,14.409534
66.708984,103.71094,26.015625,83.671875,28.740234,14.409534
66.62109,103.447266,26.015625,83.583984,28.740234,14.409534
66.97266,103.271484,26.015625,83.4082,28.652344,14.517877
67.23633,103.18359,26.015625,83.05664,28.388672,17.334778
67.32422,103.0957,26.015625,82.88086,28.03711,22.318527
67.58789,103.18359,26.015625,82.70508,27.597656,27.302275
67.58789,103.271484,26.015625,82.61719,27.333984,34.127842
67.41211,103.271484,26.015625,82.5293,27.246094,41.603466
67.06055,103.271484,26.015625,82.44141,27.158203,48.64572
66.97266,103.18359,26.015625,82.353516,27.158203,54.496212
67.23633,102.83203,26.015625,82.353516,26.982422,59.69664
67.41211,102.48047,26.015625,82.353516,26.63086,63.921993
67.5,102.39258,26.015625,82.353516,26.3671875,67.713974
67.58789,102.12891,26.015625,82.353516,26.191406,71.72264
67.67578,101.953125,26.015625,82.5293,26.191406,74.86457
67.5,101.953125,26.015625,82.5293,26.191406,77.2481
67.32422,101.953125,26.015625,82.5293,26.191406,78.87324
67.14844,101.953125,26.015625,82.5293,26.191406,79.84832
67.14844,101.953125,26.015625,82.5293,26.191406,80.28169
67.14844,101.865234,26.015625,82.61719,26.191406,80.39003
67.23633,101.865234,26.015625,82.96875,26.015625,80.93175
67.32422,101.865234,26.015625,83.05664,25.576172,81.256775
67.41211,101.865234,26.015625,83.32031,25.40039,81.47346
67.23633,101.865234,26.015625,83.759766,25.22461,81.47346
66.884766,101.865234,26.015625,83.84766,25.136719,81.256775
66.62109,101.953125,26.015625,83.84766,25.136719,80.8234
66.26953,102.12891,26.015625,83.84766,25.136719,80.17335
66.00586,102.2168,26.015625,83.84766,25.048828,79.63164
65.83008,102.30469,26.015625,83.84766,24.697266,79.52329
65.74219,102.30469,26.015625,83.84766,24.433594,79.956665
65.74219,102.30469,26.015625,84.02344,24.2578125,80.60672
65.390625,102.30469,26.103516,84.81445,24.169922,81.47346
64.77539,102.30469,26.542969,85.69336,24.082031,82.23186
64.33594,102.30469,26.63086,86.572266,24.082031,83.20693
63.984375,102.30469,27.0703125,87.53906,24.082031,84.50704
63.10547,102.30469,27.861328,88.24219,24.082031,85.80715
62.666016,102.30469,28.21289,88.94531,24.082031,87.2156
62.666016,102.2168,28.300781,89.64844,24.082031,88.29903
62.666016,102.2168,28.4765625,90.52734,24.082031,89.49079
63.01758,102.2168,28.4765625,91.23047,24.082031,90.46587
63.28125,102.2168,28.4765625,91.66992,23.99414,90.682556
63.36914,102.2168,28.4765625,91.75781,23.5546875,90.57422
63.28125,101.865234,28.4765625,91.8457,23.291016,90.46587
63.01758,101.51367,28.388672,91.8457,23.203125,89.81582
62.841797,100.89844,28.300781,91.8457,23.203125,88.407364
63.10547,100.01953,27.509766,91.8457,23.203125,86.56555
63.36914,99.4043,26.63086,91.8457,23.203125,84.3987
63.45703,99.140625,25.751953,91.8457,23.203125,82.340195
63.808594,99.052734,25.22461,91.75781,23.115234,80.28169
63.896484,99.052734,24.785156,91.66992,22.675781,78.33153
63.896484,99.052734,24.345703,91.66992,22.41211,76.273026
63.6328125,99.052734,24.082031,91.66992,22.324219,73.45612
63.45703,99.052734,23.99414,91.66992,22.1484375,69.230774
63.36914,99.052734,23.90625,91.66992,22.1484375,63.380283
63.36914,99.228516,23.90625,91.66992,22.1484375,55.904655
63.54492,99.4043,23.90625,91.31836,22.060547,47.12893
63.720703,99.93164,23.90625,90.9668,21.621094,38.136513
63.720703,100.546875,23.90625,90.43945,21.357422,28.819069
63.6328125,101.33789,23.90625,89.82422,21.18164,19.934994
63.19336,102.30469,23.90625,89.56055,21.09375,12.676056
62.753906,103.447266,23.90625,89.296875,21.00586,8.125677
62.2265625,104.50195,24.169922,89.12109,20.654297,5.2004333
61.61133,105.46875,24.785156,89.0332,20.390625,4.0086675
61.171875,106.34766,25.576172,89.0332,20.214844,3.1419284
60.64453,107.31445,26.542969,89.0332,20.214844,2.1668472
59.941406,108.01758,27.509766,89.0332,20.126953,1.5167931
58.97461,108.7207,28.4765625,89.0332,19.863281,1.191766
57.91992,109.42383,28.916016,89.0332,19.511719,0.9750812
56.777344,109.95117,29.61914,89.0332,19.3359375,0.8667389
55.371094,110.56641,30.058594,89.12109,19.248047,0.8667389
53.7890625,111.09375,30.673828,89.296875,19.248047,0.8667389
51.94336,111.708984,31.113281,89.296875,19.248047,0.8667389
49.658203,112.06055,31.201172,89.384766,18.984375,0.8667389
47.109375,112.32422,31.2890625,89.82422,18.6328125,0.8667389
44.560547,112.5,31.2890625,90.08789,18.28125,0.8667389
41.8359375,112.76367,31.728516,90.615234,17.666016,0.8667389
38.759766,113.115234,32.08008,90.791016,17.402344,0.8667389
35.771484,113.291016,32.16797,90.791016,17.314453,0.8667389
32.783203,113.4668,32.25586,91.05469,17.138672,0.8667389
29.707031,113.90625,32.25586,91.66992,16.96289,0.8667389
26.542969,114.25781,32.25586,92.37305,16.611328,0.8667389
23.466797,114.78516,32.25586,92.98828,16.435547,0.8667389
20.302734,115.22461,32.25586,93.515625,16.259766,0.8667389
17.753906,115.83984,32.25586,93.95508,16.259766,0.8667389
15.732422,116.63086,32.25586,94.48242,16.347656,0.8667389
14.150391,117.59766,32.51953,94.74609,16.78711,0.75839657
13.095703,118.65234,32.51953,94.74609,17.2265625,0.75839657
12.480469,119.70703,32.871094,94.74609,17.666016,0.75839657
11.689453,120.9375,33.66211,94.74609,18.19336,0.75839657
11.162109,122.08008,34.453125,94.74609,18.457031,0.75839657
10.634766,123.134766,35.41992,94.74609,18.6328125,0.75839657
10.283203,124.01367,35.859375,94.833984,18.6328125,0.75839657
9.84375,124.62891,35.947266,94.833984,18.28125,0.75839657
9.580078,125.41992,35.947266,94.833984,18.19336,0.75839657
9.228516,126.47461,36.47461,94.833984,18.19336,0.75839657
8.701172,127.44141,36.82617,94.833984,18.19336,0.75839657
8.525391,128.4961,36.9140625,94.833984,18.19336,0.75839657
8.173828,129.375,36.9140625,94.833984,18.19336,0.75839657
7.734375,130.51758,36.9140625,94.833984,18.19336,0.75839657
7.470703,131.83594,37.529297,94.833984,18.19336,0.75839657
7.1191406,133.59375,38.671875,94.833984,18.19336,0.75839657
6.6796875,135.52734,39.990234,94.833984,18.28125,0.75839657
6.4160156,137.54883,41.220703,94.74609,18.544922,0.75839657
6.4160156,140.00977,43.066406,94.74609,18.984375,0.75839657
6.4160156,142.82227,45.26367,94.74609,19.511719,0.75839657
7.03125,145.89844,47.8125,94.74609,20.0390625,0.75839657
8.261719,149.23828,50.625,94.74609,20.302734,0.75839657
9.667969,153.19336,53.876953,94.74609,20.478516,0.75839657
10.371094,158.02734,57.3046875,94.39453,20.654297,0.75839657
10.546875,162.07031,60.908203,94.21875,20.7421875,0.75839657
10.546875,166.72852,63.896484,94.13086,20.7421875,0.75839657
10.986328,171.21094,66.00586,94.13086,20.7421875,0.75839657
11.425781,175.3418,68.37891,94.21875,20.7421875,0.75839657
11.25,179.0332,70.57617,94.30664,20.566406,0.75839657
10.986328,182.37305,73.03711,94.30664,20.214844,0.75839657
10.634766,185.36133,76.11328,94.30664,20.126953,0.75839657
10.371094,187.82227,78.31055,94.39453,19.863281,0.75839657
10.1953125,189.05273,79.541016,95.09766,19.511719,0.75839657
9.84375,189.4043,80.33203,95.88867,19.3359375,0.75839657
9.580078,189.58008,80.5957,96.67969,19.160156,0.75839657
9.4921875,189.66797,80.68359,97.4707,19.248047,0.75839657
9.580078,189.66797,81.12305,97.646484,19.248047,0.75839657
10.107422,189.66797,81.5625,97.55859,19.248047,0.75839657
10.371094,189.66797,82.5293,97.29492,19.248047,0.75839657
10.546875,189.66797,83.671875,96.94336,19.248047,0.75839657
10.8984375,189.66797,84.90234,96.240234,19.59961,0.75839657
11.25,189.66797,86.74805,95.009766,19.77539,0.75839657
11.425781,189.66797,89.0332,94.13086,19.77539,0.75839657
11.6015625,189.66797,91.58203,93.07617,19.77539,0.75839657
11.689453,189.66797,94.21875,91.66992,19.77539,0.75839657
11.689453,189.66797,97.03125,90.52734,19.77539,0.75839657
11.6015625,189.66797,100.01953,89.47266,19.77539,0.75839657
11.425781,189.66797,103.18359,88.24219,19.77539,0.75839657
11.425781,189.66797,106.69922,86.83594,19.6875,0.75839657
10.986328,189.66797,110.21484,85.51758,19.3359375,0.75839657
10.810547,189.66797,113.64258,83.93555,19.248047,0.75839657
10.546875,189.66797,117.1582,82.08984,18.984375,0.75839657
10.371094,189.66797,120.49805,80.68359,18.544922,0.75839657
10.283203,189.66797,123.92578,79.01367,18.457031,0.75839657
10.107422,189.66797,127.177734,77.34375,18.6328125,0.75839657
10.107422,189.66797,130.51758,75.84961,18.720703,0.75839657
9.755859,189.66797,133.76953,74.53125,18.720703,0.75839657
8.964844,189.66797,137.19727,72.77344,18.896484,0.75839657
8.0859375,189.66797,140.36133,71.19141,18.896484,0.75839657
7.03125,189.66797,143.52539,69.78516,18.896484,0.75839657
6.064453,189.66797,146.33789,68.4668,18.808594,0.75839657
5.185547,189.66797,149.0625,67.58789,18.457031,0.75839657
4.8339844,189.66797,152.05078,66.708984,18.017578,0.75839657
4.482422,189.66797,155.21484,66.00586,17.841797,0.75839657
4.482422,189.66797,157.85156,65.56641,17.9296875,0.75839657
4.5703125,189.66797,160.3125,65.302734,17.9296875,0.75839657
4.658203,189.66797,162.421875,65.12695,18.105469,0.75839657
4.5703125,188.96484,163.65234,64.95117,17.9296875,0.75839657
4.1308594,189.140625,164.26758,65.03906,17.402344,0.75839657
3.69140625,189.3164,165.67383,65.21484,17.138672,0.75839657
3.6035156,189.49219,166.55273,65.302734,16.611328,0.75839657
3.69140625,189.58008,166.99219,65.56641,15.732422,0.75839657
3.9550781,189.58008,167.34375,66.18164,14.941406,0.75839657
3.9550781,190.2832,167.51953,67.14844,14.0625,0.75839657
3.9550781,190.19531,167.51953,68.115234,13.095703,0.75839657
3.8671875,190.19531,167.51953,69.08203,12.392578,0.75839657
3.8671875,190.2832,167.51953,70.13672,11.777344,0.75839657
4.1308594,190.19531,167.51953,70.83984,11.513672,0.75839657
4.39453125,190.19531,167.51953,71.2793,10.810547,0.75839657
4.658203,190.19531,167.51953,71.54297,10.1953125,0.75839657
4.74609375,190.19531,167.51953,71.63086,9.755859,0.75839657
5.185547,190.19531,167.51953,71.45508,9.4921875,0.75839657
5.44921875,190.19531,167.51953,71.2793,9.140625,0.75839657
5.7128906,190.19531,167.51953,71.19141,8.525391,0.75839657
5.7128906,190.19531,167.51953,70.927734,7.91015625,0.75839657
5.80078125,190.19531,167.51953,70.66406,7.55859375,0.75839657
5.7128906,190.19531,167.51953,70.57617,7.294922,0.75839657
5.7128906,190.19531,167.51953,70.48828,6.85546875,0.75839657
5.7128906,190.19531,167.51953,70.48828,6.85546875,0.75839657
5.7128906,190.19531,167.51953,70.48828,6.85546875,0.75839657
5.7128906,190.19531,167.51953,70.48828,6.85546875,0.75839657
5.7128906,190.19531,167.51953,70.48828,6.85546875,0.75839657
5.7128906,190.19531,167.51953,70.48828,6.85546875,0.75839657
5.7128906,190.19531,167.51953,70.48828,6.85546875,0.75839657
5.7128906,190.19531,167.51953,70.48828,6.85546875,0.75839657
5.7128906,190.19531,167.51953,70.48828,6.85546875,0.75839657
5.7128906,190.19531,167.51953,70.48828,6.85546875,0.75839657
5.7128906,190.19531,167.51953,70.48828,6.85546875,0.75839657
5.7128906,190.19531,167.51953,70.48828,6.85546875,0.75839657
5.7128906,190.19531,167.51953,70.48828,6.85546875,0.75839657
5.7128906,190.19531,167.51953,70.48828,6.85546875,0.75839657
5.7128906,190.19531,167.51953,70.48828,6.85546875,0.75839657
5.7128906,190.19531,167.51953,70.48828,6.85546875,0.75839657
5.7128906,190.19531,167.51953,70.48828,6.85546875,0.75839657
5.7128906,190.19531,167.51953,70.48828,6.85546875,0.75839657
5.7128906,190.19531,167.51953,70.48828,6.85546875,0.75839657
5.7128906,190.19531,167.51953,70.48828,6.85546875,0.75839657
5.7128906,190.19531,167.51953,70.48828,6.85546875,0.75839657
5.7128906,190.19531,167.51953,70.48828,6.85546875,0.75839657
5.7128906,190.19531,167.51953,70.48828,6.85546875,0.75839657
5.7128906,190.19531,167.51953,70.48828,6.85546875,0.75839657
5.7128906,190.19531,167.51953,70.48828,6.85546875,0.75839657
5.7128906,190.19531,167.51953,70.48828,6.767578,0.75839657
5.7128906,190.19531,167.51953,70.48828,6.591797,0.75839657
4.8339844,190.19531,167.51953,70.48828,5.7128906,0.75839657
3.7792969,190.19531,167.51953,70.48828,4.8339844,0.75839657
2.3730469,190.19531,167.51953,70.48828,4.658203,0.75839657
2.109375,190.19531,167.51953,70.48828,4.1308594,0.75839657
2.109375,190.19531,167.51953,70.48828,4.04296875,0.75839657
2.3730469,190.19531,167.51953,70.48828,4.21875,0.75839657
2.5488281,190.19531,167.51953,70.48828,4.21875,0.75839657
2.5488281,190.19531,167.51953,70.48828,4.21875,0.75839657
2.5488281,190.19531,167.51953,70.48828,4.21875,0.75839657
2.5488281,190.19531,167.51953,70.48828,4.21875,0.75839657
2.5488281,190.19531,167.51953,70.48828,4.21875,0.75839657
2.5488281,190.19531,167.51953,70.48828,4.21875,0.75839657
2.5488281,190.19531,167.51953,70.48828,4.21875,0.75839657
2.5488281,190.19531,167.51953,70.48828,4.21875,0.75839657
2.5488281,190.19531,167.51953,70.48828,4.21875,0.75839657
2.5488281,190.19531,167.51953,70.48828,4.21875,0.75839657
2.5488281,190.19531,167.51953,70.48828,4.21875,0.75839657
2.5488281,190.19531,167.51953,70.48828,4.21875,0.75839657
2.5488281,190.19531,167.51953,70.48828,4.21875,0.75839657
2.5488281,190.19531,167.51953,70.48828,4.21875,0.75839657
2.5488281,190.19531,167.51953,70.48828,4.21875,0.75839657
2.5488281,190.19531,167.51953,70.48828,4.21875,0.75839657
2.5488281,190.19531,167.51953,70.48828,4.21875,0.75839657
2.5488281,190.19531,167.51953,70.48828,4.21875,0.75839657
2.5488281,190.19531,167.51953,70.48828,4.21875,0.75839657
2.5488281,190.19531,167.51953,70.48828,4.21875,0.75839657
2.5488281,190.19531,167.51953,70.48828,4.21875,0.75839657
2.5488281,190.19531,167.51953,70.48828,4.21875,0.75839657
2.5488281,190.19531,167.51953,70.48828,4.21875,0.75839657
2.5488281,190.19531,167.51953,70.48828,4.21875,0.75839657
2.28515625,190.19531,167.51953,70.48828,4.39453125,0.75839657
1.8457031,190.19531,167.51953,70.48828,4.5703125,0.75839657
1.58203125,190.19531,167.51953,70.48828,4.74609375,0.75839657
1.40625,190.19531,167.51953,70.48828,4.74609375,0.75839657
1.0546875,190.19531,167.51953,70.48828,4.74609375,0.75839657
0.703125,190.19531,167.51953,70.48828,4.74609375,0.75839657
0.439453125,190.19531,167.51953,70.48828,4.8339844,0.75839657
0.3515625,190.19531,167.51953,70.48828,5.361328,0.75839657
0.263671875,190.19531,167.51953,70.48828,5.9765625,0.75839657
0.263671875,190.19531,167.51953,70.57617,6.50390625,0.75839657
0.263671875,190.19531,167.51953,70.75195,7.03125,0.75839657
0.263671875,190.19531,167.51953,71.015625,7.3828125,0.75839657
0.263671875,189.93164,167.51953,71.45508,7.55859375,0.75839657
0.439453125,189.05273,167.25586,71.45508,7.734375,0.75839657
0.439453125,187.4707,166.72852,71.2793,7.91015625,0.75839657
0.87890625,185.625,165.234375,71.36719,7.998047,0.75839657
1.58203125,183.42773,162.86133,71.98242,7.470703,0.75839657
2.1972656,181.31836,161.36719,72.68555,6.767578,0.75839657
3.33984375,180.17578,159.25781,73.30078,5.9765625,0.75839657
4.1308594,179.64844,157.32422,74.35547,4.5703125,0.75839657
4.482422,178.68164,154.95117,74.88281,4.39453125,0.75839657
4.74609375,176.83594,152.22656,76.552734,3.8671875,0.75839657
4.74609375,174.72656,149.0625,77.87109,3.4277344,0.75839657
5.0097656,172.35352,145.89844,79.541016,3.2519531,0.75839657
5.625,169.80469,142.29492,81.03516,3.6035156,0.75839657
6.591797,167.08008,138.42773,82.61719,3.6035156,0.75839657
7.3828125,164.70703,134.38477,84.28711,3.69140625,0.75839657
7.8222656,162.2461,130.078125,86.13281,4.1308594,0.75839657
7.91015625,159.08203,125.5957,88.85742,4.39453125,0.75839657
7.91015625,155.6543,120.9375,92.021484,4.74609375,0.75839657
7.8222656,151.69922,115.83984,95.625,5.361328,0.75839657
7.8222656,147.48047,110.6543,99.4043,5.9765625,0.75839657
7.8222656,142.64648,105.20508,101.865234,6.4160156,0.75839657
7.91015625,138.25195,100.01953,103.271484,7.20703125,0.75839657
7.91015625,135.26367,95.36133,104.23828,7.998047,0.75839657
7.91015625,132.71484,91.40625,104.58984,8.701172,0.75839657
7.55859375,129.99023,88.06641,104.41406,9.667969,0.75839657
7.3828125,128.14453,84.81445,104.853516,10.1953125,0.75839657
7.03125,126.5625,81.47461,105.20508,11.513672,0.75839657
6.6796875,124.7168,78.39844,105.46875,12.392578,0.75839657
6.2402344,122.69531,75.67383,105.55664,13.447266,0.75839657
5.80078125,120.49805,72.94922,105.64453,14.589844,0.75839657
5.2734375,118.38867,70.13672,105.64453,16.083984,0.75839657
4.8339844,116.45508,67.5,105.64453,17.2265625,0.75839657
4.39453125,114.43359,64.95117,105.64453,18.36914,0.75839657
3.9550781,112.32422,62.490234,105.64453,19.423828,0.75839657
3.6035156,110.56641,60.29297,105.64453,20.302734,0.75839657
3.33984375,108.80859,58.183594,105.64453,21.00586,0.75839657
3.2519531,106.96289,56.25,105.64453,21.708984,0.75839657
3.2519531,105.38086,55.01953,105.64453,22.1484375,0.75839657
3.2519531,103.88672,53.964844,105.64453,22.58789,0.75839657
3.33984375,102.48047,53.34961,105.64453,23.115234,0.75839657
3.33984375,101.68945,52.998047,105.64453,23.466797,0.9750812
3.33984375,101.07422,52.734375,105.64453,23.642578,1.0834236
3.33984375,100.634766,52.558594,105.64453,23.730469,3.4669557
3.2519531,100.37109,52.470703,105.64453,23.5546875,4.767064
3.2519531,99.84375,52.3828125,105.64453,23.291016,7.8006496
3.2519531,99.31641,52.3828125,105.64453,23.027344,12.459372
3.33984375,99.052734,52.3828125,105.64453,22.58789,17.551462
3.33984375,98.87695,52.3828125,105.64453,22.324219,21.776815
3.33984375,98.87695,52.3828125,105.64453,21.972656,25.24377
3.33984375,98.87695,52.3828125,105.64453,21.357422,29.035753
3.33984375,98.87695,52.3828125,105.64453,20.830078,33.47779
3.6035156,98.78906,52.3828125,105.64453,20.478516,37.16143
3.9550781,98.78906,52.3828125,105.64453,20.0390625,39.978333
4.21875,98.78906,52.3828125,105.64453,19.6875,41.928493
4.5703125,98.78906,52.3828125,105.64453,19.423828,43.445286
4.74609375,98.78906,52.3828125,105.64453,19.3359375,44.745396
4.74609375,98.78906,52.470703,105.64453,19.248047,45.50379
4.658203,98.78906,52.558594,105.64453,19.072266,45.937164
4.5703125,98.78906,52.910156,105.64453,19.072266,46.587215
4.482422,98.87695,53.7890625,105.64453,19.072266,47.23727
4.482422,98.87695,54.75586,105.64453,19.160156,48.104008
4.5703125,98.78906,55.283203,105.64453,19.423828,49.07909
4.5703125,98.78906,56.07422,105.64453,19.863281,50.05417
4.04296875,98.87695,56.953125,105.64453,20.302734,50.704224
3.7792969,98.87695,57.39258,105.55664,20.478516,51.137596
3.4277344,98.78906,58.095703,105.0293,20.654297,51.35428
2.98828125,98.78906,59.15039,104.677734,20.654297,51.570965
2.3730469,98.87695,60.8203125,103.71094,20.917969,51.78765
1.8457031,98.87695,63.10547,101.51367,21.357422,52.32936
1.58203125,98.78906,65.478516,99.31641,21.621094,52.76273
1.4941406,98.78906,68.203125,97.11914,21.621094,53.412785
1.58203125,98.78906,70.83984,95.27344,21.621094,54.062836
1.7578125,98.78906,73.38867,93.515625,21.621094,54.387867
1.93359375,98.78906,75.84961,91.05469,21.621094,54.71289
2.0214844,98.78906,78.31055,88.50586,21.621094,55.2546
2.1972656,98.52539,80.5957,86.30859,21.621094,55.687977
2.3730469,98.17383,82.88086,84.81445,21.533203,56.446373
2.63671875,97.646484,84.990234,83.05664,21.18164,57.096428
2.98828125,96.76758,87.09961,80.41992,21.09375,57.529797
3.2519531,95.71289,88.94531,77.51953,21.09375,58.504875
3.515625,94.6582,90.26367,75.67383,21.09375,59.588303
3.6035156,93.427734,90.87891,74.70703,21.09375,60.34669
3.7792969,92.109375,91.23047,73.38867,21.00586,61.10509
4.1308594,90.703125,91.31836,71.71875,20.214844,61.430122
4.3066406,89.0332,91.31836,70.13672,20.126953,61.6468
4.39453125,87.45117,91.31836,68.99414,20.126953,61.863487
4.5703125,86.04492,91.23047,68.02734,20.302734,61.755146
4.74609375,85.166016,91.23047,68.02734,20.566406,61.538464
4.921875,84.55078,90.9668,67.5,19.863281,60.996746
5.0097656,84.02344,90.9668,67.14844,19.59961,60.34669
5.0097656,83.671875,91.05469,66.97266,19.3359375,59.479958
5.0097656,83.583984,91.40625,66.62109,19.248047,58.179848
5.0097656,83.583984,91.93359,66.26953,19.072266,55.03792
5.09765625,83.49609,92.63672,65.83008,19.072266,50.162514
5.361328,84.11133,93.427734,65.12695,19.072266,44.637054
5.5371094,84.81445,93.95508,64.42383,19.248047,36.619717
5.7128906,85.60547,93.95508,63.896484,19.160156,28.169016
5.7128906,86.396484,93.95508,63.54492,19.072266,20.260021
5.7128906,87.01172,94.57031,62.753906,19.072266,15.926327
5.625,87.802734,95.18555,63.19336,19.248047,14.842903
5.44921875,88.59375,95.36133,63.45703,19.863281,14.626219
5.2734375,89.12109,95.36133,63.720703,19.863281,14.626219
4.921875,89.56055,95.44922,64.072266,19.863281,14.626219
4.74609375,90.0,95.53711,64.59961,19.863281,14.626219
4.39453125,90.43945,95.53711,65.21484,19.863281,14.626219
4.1308594,90.9668,95.53711,66.00586,19.59961,14.626219
4.1308594,91.58203,95.53711,67.06055,19.951172,14.626219
4.1308594,92.197266,95.18555,68.81836,20.302734,14.626219
4.1308594,92.72461,94.48242,70.66406,20.654297,14.626219
4.21875,93.07617,92.98828,72.68555,21.09375,14.626219
4.8339844,93.515625,91.31836,74.44336,21.269531,14.626219
5.625,94.39453,89.73633,75.58594,21.18164,14.626219
6.4160156,95.97656,88.68164,76.46484,21.00586,14.626219
7.294922,97.99805,88.06641,77.69531,20.566406,14.626219
8.349609,100.634766,87.53906,78.92578,20.390625,14.626219
9.404297,103.18359,86.83594,80.24414,20.214844,14.626219
10.810547,105.9082,85.78125,82.44141,19.77539,14.626219
12.392578,108.45703,84.28711,85.078125,19.423828,14.626219
14.238281,110.6543,82.5293,87.01172,19.072266,14.626219
16.5234375,112.67578,80.41992,88.76953,18.720703,14.517877
18.984375,114.78516,78.22266,90.43945,17.841797,14.517877
21.621094,116.63086,76.11328,91.8457,17.050781,14.517877
24.785156,118.56445,74.17969,92.98828,16.347656,14.517877
28.388672,120.67383,72.59766,93.69141,15.292969,14.517877
31.9921875,122.43164,70.927734,94.39453,14.501953,14.517877
35.947266,123.75,69.3457,95.09766,14.0625,14.517877
40.078125,124.7168,67.32422,95.53711,13.535156,14.517877
43.76953,125.33203,65.21484,96.06445,13.095703,14.517877
46.933594,125.41992,62.841797,96.67969,12.65625,14.517877
49.5703125,125.33203,60.20508,97.4707,12.480469,14.517877
52.03125,124.453125,56.777344,98.4375,12.392578,14.517877
53.876953,123.046875,52.734375,99.31641,12.480469,14.517877
55.458984,121.20117,48.515625,100.2832,12.832031,14.517877
56.777344,119.0918,43.85742,101.07422,13.271484,14.517877
57.91992,116.89453,39.19922,101.33789,13.535156,14.517877
59.0625,115.3125,34.89258,101.33789,13.623047,14.517877
60.20508,114.609375,31.904297,100.72266,13.974609,14.517877
61.083984,114.521484,30.146484,99.84375,14.326172,14.517877
61.875,114.78516,29.355469,98.96484,14.501953,14.517877
62.402344,114.78516,28.740234,98.34961,14.765625,14.517877
62.753906,114.78516,28.21289,97.99805,15.292969,14.517877
63.10547,114.521484,28.03711,97.734375,15.46875,14.517877
63.36914,114.3457,28.03711,97.646484,15.644531,14.517877
63.45703,114.3457,28.03711,97.91016,15.732422,14.517877
63.54492,114.25781,28.03711,98.34961,15.8203125,14.517877
63.36914,114.08203,28.03711,98.78906,15.908203,14.517877
63.45703,113.99414,28.03711,98.87695,16.347656,14.517877
63.54492,113.81836,28.03711,98.87695,16.5234375,14.409534
63.54492,113.291016,28.03711,98.87695,16.611328,14.409534
63.54492,112.93945,28.03711,98.87695,16.611328,14.409534
63.6328125,112.76367,28.03711,98.87695,16.699219,14.409534
63.720703,112.67578,28.03711,98.87695,16.78711,14.409534
63.720703,112.67578,28.03711,98.87695,16.78711,14.409534
63.720703,112.41211,28.03711,98.87695,16.78711,14.409534
64.16016,112.06055,28.03711,98.87695,16.78711,14.409534
64.24805,111.44531,28.03711,98.87695,16.78711,14.409534
64.6875,110.74219,28.03711,98.87695,16.78711,14.409534
65.03906,109.95117,28.03711,98.87695,16.78711,14.409534
65.302734,109.072266,28.03711,98.87695,16.699219,14.409534
65.478516,108.19336,28.03711,98.87695,16.435547,14.409534
65.74219,107.31445,28.03711,98.87695,16.259766,14.409534
66.18164,106.69922,27.949219,98.61328,16.259766,14.409534
66.18164,105.99609,27.949219,98.4375,16.259766,14.409534
66.35742,105.55664,27.861328,98.34961,16.259766,14.409534
66.5332,105.11719,27.685547,98.34961,16.259766,14.409534
66.62109,104.765625,27.509766,98.34961,16.259766,14.409534
66.62109,104.41406,27.509766,98.34961,16.171875,14.409534
66.62109,104.23828,27.509766,98.34961,15.732422,14.409534
66.62109,104.15039,27.509766,98.34961,15.46875,14.409534
66.62109,104.15039,27.421875,98.34961,15.292969,14.409534
66.62109,104.0625,27.421875,98.34961,15.292969,14.409534
66.5332,104.0625,27.421875,98.34961,15.644531,14.409534
66.35742,104.0625,27.421875,98.34961,15.732422,14.409534
66.18164,104.0625,27.421875,98.34961,15.732422,14.409534
66.09375,104.0625,27.421875,98.34961,15.732422,14.409534
66.00586,104.0625,27.421875,98.34961,15.732422,14.409534
66.00586,103.88672,27.421875,98.34961,15.732422,14.409534
66.00586,103.53516,27.421875,98.34961,15.732422,14.409534
66.00586,103.359375,27.421875,98.34961,15.732422,14.409534
66.09375,103.18359,27.421875,98.34961,15.732422,15.167931
65.91797,103.00781,27.421875,98.34961,15.732422,17.659805
65.6543,103.00781,27.421875,98.34961,15.732422,21.668472
65.478516,103.0957,27.421875,98.34961,15.732422,25.568798
65.12695,103.0957,27.421875,98.34961,15.732422,31.527626
64.95117,102.83203,27.421875,98.34961,15.732422,39.111595
65.03906,102.39258,27.421875,98.34961,15.732422,47.995667
65.302734,101.953125,27.421875,98.34961,15.644531,56.988083
65.478516,101.42578,27.421875,98.34961,15.380859,66.413864
65.74219,100.89844,27.421875,98.26172,15.205078,75.62297
65.74219,100.546875,27.421875,98.26172,15.205078,83.96533
65.74219,100.37109,27.421875,98.26172,15.1171875,89.49079
65.6543,100.2832,27.421875,98.26172,15.029297,92.95775
65.6543,100.2832,27.158203,98.26172,15.029297,94.90791
65.6543,100.2832,26.71875,98.26172,15.029297,96.208015
65.6543,100.2832,26.3671875,98.26172,15.029297,97.1831
65.6543,100.2832,26.103516,98.26172,15.029297,97.724815
65.6543,100.2832,25.927734,98.26172,15.029297,98.049835
65.6543,100.2832,25.927734,98.26172,15.029297,98.15818
65.6543,100.2832,25.927734,98.26172,15.029297,98.049835
65.6543,100.2832,25.927734,98.26172,14.589844,97.724815
65.6543,100.2832,25.576172,98.26172,14.326172,96.424706
65.6543,100.2832,25.3125,98.26172,14.238281,94.25786
65.6543,100.2832,25.136719,98.26172,14.150391,90.14085
65.6543,100.2832,25.048828,98.26172,14.150391,84.50704
65.6543,100.2832,24.9609375,98.26172,14.150391,77.573135
65.6543,100.2832,24.9609375,98.26172,14.150391,69.33911
65.56641,100.2832,24.9609375,98.26172,14.150391,60.996746
65.478516,100.2832,24.9609375,98.26172,14.150391,52.00433
65.390625,100.2832,24.9609375,98.08594,14.150391,42.57855
65.21484,100.37109,24.9609375,97.646484,14.150391,33.152763
65.21484,100.546875,24.9609375,97.38281,14.150391,23.943663
65.03906,100.98633,24.9609375,97.11914,14.150391,15.492958
64.51172,101.42578,24.9609375,97.03125,14.150391,9.967497
63.984375,101.953125,24.9609375,97.03125,14.0625,6.3921995
63.45703,102.48047,24.9609375,96.94336,13.623047,4.225352
62.578125,102.91992,24.9609375,96.76758,13.359375,3.6836405
61.347656,103.18359,24.9609375,96.328125,13.183594,2.6002166
59.853516,103.62305,24.9609375,96.15234,13.183594,1.8418202
58.095703,103.79883,24.9609375,95.97656,13.271484,1.3001083
55.8984375,104.23828,24.9609375,95.88867,13.535156,1.0834236
53.34961,104.677734,24.9609375,95.80078,13.7109375,0.8667389
50.71289,105.20508,24.9609375,95.80078,13.886719,0.8667389
47.4609375,105.64453,24.9609375,95.36133,14.326172,0.8667389
43.85742,106.171875,24.9609375,94.921875,14.501953,0.8667389
39.7265625,106.61133,24.9609375,94.57031,14.677734,0.8667389
35.24414,107.31445,25.136719,94.04297,14.765625,0.8667389
30.9375,107.8418,25.839844,93.515625,14.677734,0.8667389
26.455078,108.54492,26.63086,92.90039,14.501953,0.8667389
21.708984,109.24805,27.597656,92.109375,14.941406,0.8667389
17.578125,109.86328,28.03711,91.66992,15.380859,0.8667389
13.623047,110.6543,28.21289,91.23047,15.556641,0.8667389
10.546875,111.62109,28.21289,90.703125,15.732422,0.8667389
8.349609,112.67578,28.21289,90.17578,15.732422,0.8667389
6.50390625,113.81836,28.21289,89.64844,15.996094,0.8667389
5.2734375,115.13672,28.652344,89.56055,16.347656,0.8667389
4.482422,116.45508,29.003906,89.64844,16.611328,0.8667389
4.3066406,118.125,29.707031,89.56055,16.611328,0.8667389
4.482422,119.79492,30.5859375,89.56055,16.699219,0.8667389
4.658203,121.99219,31.728516,89.56055,16.78711,0.8667389
4.921875,124.541016,33.48633,89.56055,16.78711,0.8667389
5.09765625,127.5293,35.771484,89.56055,16.78711,0.8667389
4.921875,130.95703,38.23242,89.56055,16.78711,0.8667389
5.185547,134.73633,41.220703,89.56055,16.78711,0.8667389
5.625,139.04297,44.73633,89.56055,16.78711,0.8667389
6.2402344,143.87695,48.1640625,89.64844,16.78711,0.8667389
7.20703125,148.79883,51.6796875,89.91211,16.78711,0.8667389
7.734375,153.984375,55.1953125,90.08789,16.699219,0.8667389
8.173828,159.609375,58.7109375,90.615234,16.435547,0.8667389
8.349609,165.14648,61.69922,91.05469,16.259766,0.8667389
8.701172,170.24414,64.16016,91.8457,16.259766,0.8667389
9.4921875,175.078125,65.12695,92.54883,16.259766,0.8667389
10.1953125,179.82422,66.97266,92.021484,16.611328,0.8667389
10.283203,183.95508,68.90625,93.86719,16.259766,0.8667389
10.810547,187.5586,71.36719,94.833984,16.083984,0.8667389
10.8984375,189.140625,73.38867,96.67969,15.644531,0.8667389
10.458984,189.4043,75.146484,97.822266,15.644531,0.8667389
10.371094,189.58008,77.25586,98.08594,15.380859,0.8667389
10.458984,189.66797,79.541016,97.734375,15.380859,0.8667389
10.546875,189.75586,81.65039,96.85547,15.380859,0.8667389
10.722656,189.75586,84.81445,95.27344,15.46875,0.8667389
11.162109,189.75586,88.06641,93.25195,15.908203,0.8667389
11.162109,189.75586,91.40625,90.43945,16.5234375,0.8667389
11.25,189.75586,95.53711,87.71484,17.050781,0.8667389
11.25,189.75586,100.10742,84.81445,17.314453,0.8667389
10.8984375,189.75586,105.11719,81.91406,17.490234,0.8667389
10.546875,189.75586,110.12695,79.01367,17.578125,0.8667389
10.458984,189.75586,115.13672,76.20117,17.2265625,0.8667389
10.283203,189.75586,120.322266,74.00391,16.611328,0.8667389
9.84375,189.75586,125.33203,72.509766,15.908203,0.8667389
9.580078,189.75586,130.3418,71.63086,15.556641,0.8667389
9.580078,189.75586,135.35156,71.015625,15.1171875,0.8667389
9.4921875,189.75586,139.921875,70.75195,14.501953,0.8667389
9.4921875,189.75586,143.96484,70.75195,13.798828,0.8667389
9.580078,189.75586,147.48047,71.015625,13.447266,0.8667389
9.580078,189.75586,150.9082,71.80664,12.65625,0.8667389
9.580078,189.75586,154.16016,72.68555,12.041016,0.8667389
9.404297,189.75586,157.23633,74.0918,11.6015625,0.8667389
9.140625,189.75586,159.87305,74.88281,10.019531,0.8667389
8.4375,189.75586,162.2461,76.20117,9.580078,0.8667389
7.55859375,189.75586,163.74023,76.552734,8.876953,0.8667389
6.50390625,189.75586,164.88281,76.640625,8.4375,0.8667389
6.064453,189.75586,165.9375,76.728516,8.525391,0.8667389
5.888672,189.75586,166.640625,76.20117,8.4375,0.8667389
5.5371094,189.75586,167.08008,76.11328,8.261719,0.8667389
4.8339844,189.75586,167.43164,75.67383,7.998047,0.8667389
4.658203,189.75586,167.51953,75.234375,7.55859375,0.8667389
4.3066406,189.75586,167.60742,74.79492,7.3828125,0.8667389
4.1308594,189.75586,167.60742,74.53125,7.3828125,0.8667389
4.1308594,189.75586,167.60742,74.44336,7.6464844,0.8667389
4.21875,189.75586,167.60742,74.17969,7.6464844,0.8667389
4.21875,189.75586,167.60742,73.828125,7.20703125,0.8667389
4.21875,189.75586,167.60742,73.740234,6.85546875,0.8667389
4.482422,189.75586,167.60742,73.65234,6.85546875,0.8667389
4.5703125,189.75586,167.60742,73.65234,6.85546875,0.8667389
4.658203,189.75586,167.60742,73.65234,6.85546875,0.8667389
4.74609375,189.75586,167.60742,73.65234,6.85546875,0.8667389
4.74609375,189.75586,167.60742,73.65234,6.85546875,0.8667389
4.74609375,189.75586,167.60742,73.65234,6.85546875,0.8667389
4.74609375,189.75586,167.60742,73.65234,6.85546875,0.8667389
4.74609375,189.75586,167.60742,73.65234,6.85546875,0.8667389
4.74609375,189.75586,167.60742,73.65234,6.85546875,0.8667389
4.74609375,189.75586,167.60742,73.65234,6.85546875,0.8667389
4.74609375,189.75586,167.60742,73.65234,6.85546875,0.8667389
4.74609375,189.75586,167.60742,73.65234,6.85546875,0.8667389
4.74609375,189.75586,167.60742,73.65234,6.85546875,0.8667389
4.74609375,189.75586,167.60742,73.65234,6.85546875,0.8667389
4.74609375,189.75586,167.60742,73.65234,6.85546875,0.8667389
4.74609375,189.75586,167.60742,73.65234,6.85546875,0.8667389
4.74609375,189.75586,167.60742,73.65234,6.85546875,0.8667389
4.74609375,189.75586,167.60742,73.65234,6.85546875,0.8667389
4.74609375,189.75586,167.60742,73.65234,6.85546875,0.8667389
4.74609375,189.75586,167.60742,73.65234,6.85546875,0.8667389
4.74609375,189.75586,167.60742,73.65234,6.85546875,0.8667389
4.74609375,189.75586,167.60742,73.65234,6.85546875,0.8667389
4.74609375,189.75586,167.60742,73.65234,6.85546875,0.8667389
4.74609375,189.75586,167.60742,73.65234,6.85546875,0.8667389
4.74609375,189.75586,167.60742,73.65234,6.85546875,0.8667389
4.74609375,189.75586,167.60742,73.65234,6.85546875,0.8667389
4.74609375,189.75586,167.60742,73.65234,6.85546875,0.8667389
4.74609375,189.75586,167.60742,73.65234,6.85546875,0.8667389
4.482422,189.66797,167.60742,73.65234,6.767578,0.8667389
4.482422,189.66797,167.60742,73.65234,6.591797,0.8667389
2.98828125,189.66797,167.60742,73.65234,6.328125,0.8667389
1.6699219,189.66797,167.60742,73.65234,5.361328,0.8667389
0.3515625,189.66797,167.60742,73.65234,5.2734375,0.8667389
0.263671875,189.66797,167.60742,73.65234,5.185547,0.8667389
0.6152344,189.66797,167.60742,73.65234,5.185547,0.8667389
1.0546875,189.66797,167.60742,73.65234,5.185547,0.8667389
0.87890625,189.66797,167.60742,73.65234,5.185547,0.8667389
0.52734375,189.66797,167.60742,73.65234,5.185547,0.8667389
0.439453125,189.66797,167.60742,73.65234,5.185547,0.8667389
0.17578125,189.66797,167.60742,73.65234,5.185547,0.8667389
0.0,189.66797,167.60742,73.65234,5.185547,0.8667389
0.0,189.66797,167.60742,73.65234,5.185547,0.8667389
0.087890625,189.66797,167.60742,73.65234,5.185547,0.8667389
0.087890625,189.66797,167.60742,73.65234,5.185547,0.8667389
0.087890625,189.66797,167.60742,73.65234,5.185547,0.8667389
0.087890625,189.66797,167.60742,73.65234,5.185547,0.8667389
0.087890625,189.66797,167.60742,73.65234,5.185547,0.8667389
0.087890625,189.66797,167.60742,73.65234,5.185547,0.8667389
0.087890625,189.66797,167.60742,73.65234,5.185547,0.8667389
0.087890625,189.66797,167.60742,73.65234,5.185547,0.8667389
0.087890625,189.66797,167.60742,73.65234,5.185547,0.8667389
0.087890625,189.66797,167.60742,73.65234,5.185547,0.8667389
0.087890625,189.66797,167.60742,73.65234,5.185547,0.8667389
0.087890625,189.66797,167.60742,73.65234,5.185547,0.8667389
0.087890625,189.66797,167.60742,73.65234,5.185547,0.8667389
0.087890625,189.66797,167.60742,73.65234,5.185547,0.8667389
0.087890625,189.66797,167.60742,73.65234,5.361328,0.8667389
0.087890625,189.66797,167.60742,73.56445,5.625,0.8667389
0.087890625,189.66797,167.60742,72.94922,5.625,0.8667389
0.087890625,189.66797,167.60742,72.421875,5.44921875,0.8667389
0.087890625,189.66797,167.60742,72.07031,5.185547,0.8667389
0.52734375,189.66797,167.60742,71.89453,5.185547,0.8667389
1.0546875,189.66797,167.60742,71.80664,5.361328,0.8667389
1.58203125,189.58008,167.60742,71.98242,5.5371094,0.8667389
2.1972656,188.70117,167.60742,71.98242,5.7128906,0.8667389
2.28515625,187.03125,167.16797,72.07031,5.888672,0.8667389
2.109375,184.57031,165.9375,72.421875,6.2402344,0.8667389
1.93359375,182.02148,162.94922,72.59766,6.6796875,0.8667389
1.4941406,178.68164,160.48828,73.47656,7.55859375,0.8667389
1.8457031,174.90234,156.6211,74.61914,7.6464844,0.8667389
2.1972656,171.38672,152.22656,76.02539,7.470703,0.8667389
2.4609375,167.34375,147.65625,77.958984,7.294922,0.8667389
2.98828125,164.17969,143.4375,80.41992,7.294922,0.8667389
3.33984375,161.63086,139.21875,82.265625,7.55859375,0.8667389
3.6035156,159.08203,134.56055,84.46289,8.261719,0.8667389
3.515625,156.5332,129.90234,87.01172,9.140625,0.8667389
3.0761719,153.89648,124.62891,89.56055,10.107422,0.8667389
2.7246094,150.82031,119.00391,92.63672,11.337891,0.8667389
2.3730469,147.2168,112.93945,96.06445,12.744141,0.8667389
2.109375,144.05273,107.578125,98.70117,13.886719,0.8667389
1.7578125,140.27344,101.68945,101.42578,15.1171875,0.8667389
1.4941406,136.9336,95.97656,103.00781,16.347656,0.8667389
1.1425781,134.38477,91.05469,103.97461,17.314453,0.8667389
0.703125,132.53906,86.83594,104.15039,18.457031,0.8667389
0.439453125,130.78125,83.4082,104.677734,19.77539,0.8667389
0.087890625,129.02344,80.5957,105.64453,21.00586,0.8667389
-0.087890625,127.265625,78.66211,105.9082,22.324219,0.8667389
-0.087890625,125.5957,77.34375,105.64453,23.90625,0.8667389
-0.087890625,123.75,76.11328,105.99609,24.9609375,0.8667389
0.0,121.99219,75.234375,106.083984,25.751953,0.8667389
0.0,120.41016,74.44336,106.083984,26.542969,0.8667389
0.0,118.740234,73.30078,106.083984,27.0703125,0.8667389
0.0,116.98242,71.71875,106.083984,27.333984,0.8667389
0.439453125,115.04883,69.78516,106.083984,27.509766,0.8667389
1.0546875,112.93945,67.5,106.083984,27.421875,0.8667389
1.58203125,110.56641,64.86328,106.083984,27.246094,0.8667389
2.28515625,108.19336,61.875,106.083984,27.246094,0.8667389
2.98828125,105.64453,58.79883,106.083984,27.158203,0.8667389
3.4277344,103.359375,55.722656,106.083984,27.0703125,0.8667389
3.8671875,101.16211,53.0859375,105.99609,26.71875,0.8667389
4.1308594,99.31641,50.71289,105.99609,26.3671875,0.8667389
4.5703125,97.734375,48.779297,105.99609,26.279297,0.8667389
5.0097656,96.50391,47.54883,105.99609,26.191406,0.8667389
5.2734375,95.80078,46.66992,105.99609,26.191406,0.8667389
5.44921875,95.36133,46.23047,105.99609,26.191406,0.8667389
5.625,94.833984,46.14258,105.99609,26.191406,0.8667389
5.5371094,94.30664,46.14258,105.99609,26.191406,0.8667389
5.44921875,94.04297,46.14258,105.99609,26.191406,0.9750812
5.361328,93.7793,46.14258,105.99609,26.191406,1.8418202
5.2734375,93.7793,46.23047,105.99609,26.191406,4.1170096
5.0097656,93.86719,46.66992,105.99609,26.191406,7.9089923
4.74609375,94.13086,47.197266,105.99609,26.191406,12.676056
4.39453125,94.30664,48.07617,105.99609,26.191406,17.98483
3.9550781,94.39453,48.95508,105.99609,26.191406,23.618635
3.69140625,94.6582,49.833984,105.99609,26.015625,29.36078
3.1640625,94.833984,50.88867,105.99609,25.839844,34.45287
2.8125,94.921875,51.76758,105.99609,25.839844,38.028168
2.63671875,95.18555,52.734375,105.99609,25.839844,41.170097
2.5488281,95.36133,53.7890625,105.99609,25.839844,43.55363
2.63671875,95.44922,54.228516,105.99609,25.839844,45.720474
2.8125,95.625,54.84375,105.82031,25.839844,47.23727
2.9003906,95.80078,55.283203,105.99609,25.751953,48.212353
2.9003906,95.88867,55.458984,105.99609,25.40039,48.754063
2.8125,95.88867,55.458984,105.99609,25.22461,49.187435
2.7246094,95.88867,55.458984,105.99609,25.136719,49.404118
2.7246094,95.88867,55.458984,105.99609,25.136719,49.6208
2.7246094,95.88867,55.458984,105.99609,25.048828,49.837486
2.8125,95.88867,55.8984375,105.9082,24.609375,50.270855
2.8125,95.97656,56.42578,105.99609,24.345703,50.812565
2.8125,95.97656,57.216797,105.9082,24.2578125,51.46262
2.8125,95.97656,58.79883,105.20508,24.2578125,52.22102
3.0761719,96.06445,60.8203125,103.71094,24.082031,53.196102
3.2519531,96.5918,63.54492,101.42578,23.99414,53.521126
3.4277344,97.4707,66.97266,98.52539,23.642578,53.521126
3.7792969,98.78906,71.103516,95.36133,23.378906,53.521126
4.04296875,100.01953,75.322266,92.54883,23.203125,53.521126
4.3066406,101.07422,79.453125,90.43945,23.203125,53.62947
4.482422,101.60156,82.61719,88.50586,23.115234,54.279526
4.5703125,101.60156,84.990234,86.13281,23.115234,54.929577
4.5703125,101.68945,87.45117,83.93555,23.115234,55.2546
4.5703125,101.68945,89.0332,82.70508,23.115234,55.47129
4.5703125,101.68945,90.615234,81.65039,23.027344,55.904655
5.0097656,101.42578,92.021484,79.80469,23.027344,56.55471
5.2734375,101.16211,93.427734,77.34375,23.027344,57.31311
5.44921875,100.546875,95.09766,74.88281,23.027344,57.746475
5.625,99.84375,96.15234,73.56445,23.027344,57.746475
5.625,98.70117,96.85547,72.86133,23.115234,57.746475
5.7128906,97.38281,97.11914,71.54297,22.939453,57.85482
5.7128906,95.88867,97.20703,69.697266,22.5,58.288193
5.7128906,94.39453,97.20703,68.55469,22.324219,58.504875
5.7128906,93.07617,97.20703,67.85156,22.236328,58.613216
5.7128906,91.58203,97.29492,67.23633,22.1484375,58.613216
5.7128906,90.35156,97.20703,67.23633,22.41211,58.72156
5.7128906,89.56055,97.20703,66.5332,22.236328,58.504875
5.7128906,88.76953,97.03125,66.00586,22.1484375,58.179848
5.7128906,88.1543,97.03125,65.478516,22.1484375,58.071507
5.80078125,87.802734,97.03125,65.12695,21.972656,57.31311
6.15234375,86.74805,97.03125,64.95117,21.621094,56.55471
6.50390625,86.13281,97.20703,64.59961,21.357422,55.687977
6.591797,85.86914,97.55859,64.16016,21.269531,54.60455
6.6796875,85.60547,97.734375,63.896484,21.533203,52.87107
6.6796875,85.42969,97.734375,63.45703,21.4453125,50.3792
6.85546875,85.3418,97.734375,63.19336,21.18164,46.695557
7.20703125,84.63867,97.55859,62.841797,21.00586,40.73673
7.3828125,84.81445,96.94336,62.578125,20.654297,33.152763
7.55859375,84.81445,96.15234,62.2265625,20.654297,25.135427
7.55859375,84.72656,95.009766,62.490234,20.566406,18.201517
7.734375,84.90234,94.921875,62.753906,20.478516,15.384616
7.6464844,85.166016,94.921875,62.753906,20.654297,14.734562
7.6464844,85.42969,94.921875,62.753906,20.7421875,14.626219
7.6464844,85.78125,95.18555,62.578125,20.7421875,14.626219
7.6464844,86.13281,95.625,62.402344,20.478516,14.626219
7.6464844,86.572266,95.80078,62.13867,20.390625,14.626219
7.6464844,86.92383,95.53711,62.05078,20.478516,14.626219
7.6464844,87.09961,95.009766,62.402344,20.478516,14.626219
7.6464844,87.09961,94.6582,63.01758,20.830078,14.626219
7.6464844,87.27539,94.48242,63.54492,20.830078,14.626219
7.6464844,87.802734,94.48242,63.808594,20.7421875,14.517877
7.6464844,88.24219,94.48242,64.24805,20.7421875,14.517877
7.6464844,88.68164,94.48242,64.86328,20.7421875,14.517877
7.6464844,89.12109,94.6582,65.83008,20.7421875,14.517877
7.6464844,89.91211,94.6582,66.708984,20.830078,14.517877
7.6464844,90.703125,94.6582,67.67578,20.7421875,14.517877
7.6464844,92.021484,94.6582,69.16992,20.390625,14.517877
7.6464844,93.603516,94.6582,70.83984,20.390625,14.517877
7.6464844,95.53711,94.39453,72.94922,20.478516,14.517877
7.734375,97.38281,93.25195,75.234375,20.214844,14.517877
8.0859375,99.052734,91.58203,77.34375,19.863281,14.517877
8.173828,100.2832,88.85742,79.89258,19.951172,14.517877
8.525391,101.07422,85.69336,82.70508,19.951172,14.517877
8.964844,101.51367,81.91406,85.69336,19.951172,14.517877
9.316406,101.60156,77.60742,89.0332,19.863281,14.517877
9.84375,101.60156,72.94922,92.197266,19.511719,14.517877
10.371094,101.60156,67.85156,95.71289,19.3359375,14.517877
10.8984375,101.42578,62.578125,98.96484,19.248047,14.517877
11.689453,101.16211,57.216797,101.51367,18.720703,14.517877
12.568359,101.16211,51.85547,102.83203,18.36914,14.517877
13.447266,101.16211,47.197266,103.18359,18.19336,14.517877
14.4140625,101.42578,43.85742,103.97461,18.017578,14.517877
15.8203125,102.041016,41.484375,104.50195,17.578125,14.517877
16.96289,102.74414,39.902344,104.765625,17.314453,14.517877
18.017578,103.53516,38.759766,104.94141,17.2265625,14.517877
19.423828,104.58984,38.3203125,105.0293,16.875,14.409534
20.7421875,105.64453,38.05664,105.0293,16.347656,14.409534
21.884766,106.875,37.88086,105.0293,15.644531,14.409534
23.291016,108.19336,37.79297,105.0293,15.292969,14.409534
24.785156,109.51172,37.70508,105.0293,14.853516,14.409534
26.3671875,110.478516,37.70508,105.11719,14.4140625,14.409534
28.4765625,111.5332,37.177734,105.11719,13.798828,14.409534
30.146484,111.97266,36.29883,105.0293,13.535156,14.409534
31.9921875,112.23633,35.15625,104.94141,13.183594,14.409534
34.453125,112.58789,34.189453,104.853516,12.744141,14.409534
36.73828,112.93945,33.3984375,104.58984,12.480469,14.409534
39.19922,113.4668,33.046875,103.62305,12.3046875,14.409534
41.572266,113.90625,32.783203,102.30469,12.216797,14.409534
44.033203,113.90625,32.51953,100.89844,12.128906,14.409534
46.31836,113.99414,32.25586,99.31641,12.128906,14.409534
48.515625,113.73047,31.816406,97.646484,12.128906,14.409534
50.71289,113.37891,31.201172,96.240234,12.3046875,14.409534
52.646484,112.76367,30.410156,94.6582,12.480469,14.409534
54.4921875,112.06055,29.44336,93.25195,12.744141,14.301191
56.16211,111.26953,28.652344,91.93359,13.359375,14.301191
57.65625,110.390625,28.03711,90.52734,14.150391,14.301191
59.4140625,109.77539,27.685547,89.0332,15.1171875,14.301191
60.64453,108.984375,27.246094,87.71484,16.171875,14.301191
61.875,108.10547,26.894531,86.484375,17.490234,14.301191
63.10547,107.13867,26.191406,85.60547,18.720703,14.301191
64.24805,106.171875,25.488281,84.63867,19.951172,14.301191
65.21484,105.20508,25.136719,83.759766,21.09375,14.301191
66.26953,104.677734,24.9609375,82.61719,22.236328,14.301191
67.14844,104.32617,24.9609375,81.91406,23.466797,14.301191
67.76367,104.15039,24.9609375,81.21094,24.785156,14.301191
68.37891,104.0625,24.9609375,80.33203,26.015625,14.301191
68.73047,104.0625,24.9609375,79.541016,27.0703125,14.301191
69.08203,104.0625,24.9609375,78.75,28.125,14.301191
69.25781,103.79883,24.9609375,78.31055,28.828125,14.301191
69.3457,103.447266,24.785156,77.958984,29.53125,14.301191
69.521484,103.18359,24.697266,77.69531,29.970703,14.301191
69.609375,102.74414,24.697266,77.60742,30.234375,14.301191
69.78516,102.39258,24.697266,77.60742,30.498047,14.301191
70.04883,102.12891,24.697266,77.43164,30.5859375,14.301191
70.22461,101.953125,24.697266,77.08008,30.673828,14.301191
70.3125,101.865234,24.697266,76.9043,30.673828,14.301191
70.3125,101.865234,24.697266,76.728516,30.498047,14.301191
70.3125,101.865234,24.697266,76.640625,30.322266,14.301191
70.22461,101.865234,24.697266,76.640625,30.234375,14.301191
69.96094,101.68945,24.697266,76.640625,29.8828125,14.301191
69.87305,101.42578,24.697266,76.640625,29.53125,14.301191
69.78516,101.25,24.697266,76.640625,29.267578,14.301191
69.78516,101.07422,24.697266,76.640625,29.267578,14.301191
69.96094,100.98633,24.697266,76.640625,29.1796875,14.301191
70.04883,100.98633,24.697266,76.640625,28.916016,14.301191
69.697266,100.98633,24.697266,76.728516,28.4765625,14.301191
69.25781,100.98633,24.697266,76.728516,28.300781,14.301191
68.90625,100.98633,24.697266,76.728516,28.21289,14.517877
68.55469,100.98633,24.697266,76.9043,28.125,16.468039
67.85156,100.98633,24.697266,77.08008,27.685547,20.043337
67.32422,100.98633,24.785156,77.16797,27.421875,24.377031
66.97266,101.25,25.40039,77.16797,27.333984,29.252438
66.796875,101.51367,26.279297,77.16797,26.894531,36.403034
66.62109,101.953125,27.509766,77.16797,26.542969,44.312027
66.62109,102.12891,28.125,77.43164,26.279297,52.112675
66.62109,102.2168,28.828125,77.7832,26.191406,59.26327
66.5332,102.2168,29.355469,77.87109,26.191406,66.413864
66.44531,102.2168,29.970703,77.87109,26.191406,73.23943
66.35742,102.2168,30.410156,77.87109,26.103516,79.198265
66.18164,102.2168,30.5859375,77.87109,25.576172,84.72373
66.00586,102.2168,30.761719,77.87109,25.3125,88.84074
66.00586,102.2168,30.761719,77.87109,25.40039,91.76598
66.00586,102.2168,30.761719,77.87109,25.136719,93.28277
66.00586,102.2168,30.761719,77.87109,25.22461,94.14951
66.09375,102.2168,30.761719,77.87109,24.9609375,94.47454
66.09375,102.2168,30.761719,77.87109,24.609375,94.47454
66.09375,102.2168,30.761719,77.87109,24.345703,94.47454
66.09375,102.2168,30.761719,77.87109,24.2578125,94.47454
66.09375,102.2168,30.761719,77.87109,24.2578125,94.47454
66.18164,102.2168,30.761719,77.87109,24.2578125,94.47454
66.18164,102.30469,30.761719,77.87109,24.2578125,94.47454
66.18164,102.30469,30.761719,77.87109,24.2578125,94.47454
66.09375,102.30469,30.761719,77.87109,24.2578125,94.47454
66.09375,102.30469,30.761719,77.87109,24.2578125,94.25786
66.09375,102.30469,30.761719,77.87109,24.2578125,94.14951
66.09375,102.30469,30.761719,77.87109,24.082031,93.93282
66.09375,102.30469,30.761719,77.87109,23.642578,93.17443
65.83008,102.30469,30.761719,77.87109,23.378906,91.54929
65.6543,102.30469,30.761719,77.87109,23.203125,88.19068
65.390625,102.30469,30.761719,77.87109,23.203125,82.55688
64.95117,102.30469,30.761719,77.87109,23.203125,75.731316
64.77539,102.48047,30.761719,77.87109,23.203125,67.172264
64.6875,102.83203,30.761719,77.87109,23.203125,58.071507
64.6875,103.18359,30.761719,77.87109,23.203125,48.53738
64.51172,103.71094,30.761719,77.87109,23.203125,39.328278
64.16016,104.23828,30.761719,77.87109,23.203125,29.685806
63.808594,104.58984,30.761719,77.87109,23.203125,20.476706
63.54492,104.853516,30.761719,77.87109,23.203125,13.32611
63.01758,105.11719,30.9375,77.87109,23.203125,8.450704
62.578125,105.46875,31.376953,77.87109,23.203125,5.3087754
62.314453,105.64453,31.376953,78.046875,23.203125,3.9003248
62.314453,105.73242,31.376953,78.57422,23.203125,3.2502706
62.314453,105.82031,31.376953,78.75,23.203125,2.383532
62.314453,105.82031,31.376953,78.75,23.203125,1.6251353
62.402344,105.82031,31.464844,78.75,23.203125,1.191766
62.2265625,105.9082,31.552734,78.75,23.203125,0.9750812
61.78711,105.9082,31.552734,78.75,23.027344,0.8667389
61.435547,105.99609,31.552734,78.75,22.675781,0.8667389
60.73242,105.99609,31.552734,78.75,22.41211,0.8667389
59.765625,105.99609,31.552734,78.75,21.972656,0.8667389
58.623047,105.99609,31.552734,78.75,21.621094,0.75839657
57.48047,105.99609,31.552734,78.75,21.357422,0.75839657
55.8984375,106.259766,31.552734,78.75,21.00586,0.75839657
54.228516,106.61133,31.552734,78.75,20.566406,0.75839657
52.29492,106.875,31.552734,78.75,20.390625,0.75839657
49.833984,107.13867,31.552734,78.92578,19.951172,0.75839657
47.54883,107.490234,31.552734,79.541016,19.59961,0.75839657
45.17578,107.75391,31.552734,79.98047,19.3359375,0.75839657
42.45117,108.19336,31.552734,80.50781,19.072266,0.75839657
39.55078,108.63281,31.552734,81.03516,18.544922,0.75839657
36.82617,109.24805,31.552734,81.47461,18.28125,0.75839657
33.83789,109.77539,31.552734,81.73828,18.017578,0.75839657
31.02539,110.390625,31.816406,82.00195,17.578125,0.75839657
28.125,111.26953,32.16797,82.5293,17.314453,0.75839657
25.22461,111.97266,32.34375,83.05664,17.314453,0.75839657
22.675781,112.5,32.43164,83.671875,17.138672,0.75839657
20.566406,113.291016,32.43164,84.11133,17.138672,0.75839657
18.984375,113.99414,32.6953125,84.63867,17.138672,0.75839657
17.841797,114.78516,33.134766,84.81445,17.138672,0.75839657
17.2265625,115.66406,33.83789,84.81445,17.138672,0.75839657
17.138672,116.54297,34.8046875,84.81445,17.050781,0.75839657
16.78711,117.68555,35.771484,84.81445,16.699219,0.75839657
16.259766,118.916016,36.73828,84.81445,16.347656,0.75839657
15.556641,120.322266,37.88086,84.81445,16.259766,0.75839657
14.0625,122.34375,39.46289,84.81445,16.5234375,0.75839657
12.480469,124.541016,41.396484,84.81445,16.875,0.75839657
10.634766,127.177734,43.68164,84.81445,17.314453,0.75839657
9.755859,130.2539,46.23047,84.81445,17.490234,0.75839657
9.667969,133.68164,48.95508,84.81445,17.666016,0.75839657
9.755859,137.46094,52.03125,84.81445,17.666016,0.75839657
10.634766,141.328125,55.01953,84.72656,17.841797,0.75839657
10.458984,145.3711,58.183594,84.72656,18.28125,0.75839657
10.458984,149.41406,60.64453,84.81445,18.544922,0.75839657
9.931641,153.54492,62.9296875,84.81445,18.720703,0.75839657
10.107422,157.5,65.12695,85.25391,18.720703,0.75839657
10.371094,161.71875,67.06055,85.86914,18.720703,0.75839657
10.546875,165.32227,68.55469,86.484375,18.984375,0.75839657
10.722656,168.83789,69.697266,86.83594,19.3359375,0.75839657
10.8984375,172.17773,69.697266,86.92383,19.77539,0.75839657
11.162109,175.3418,71.103516,85.95703,20.214844,0.75839657
10.722656,178.59375,72.86133,86.66016,20.917969,0.75839657
10.546875,181.8457,75.322266,86.66016,21.357422,0.75839657
10.107422,184.7461,78.57422,86.66016,22.1484375,0.75839657
9.580078,187.29492,81.03516,86.83594,22.236328,0.75839657
10.107422,188.87695,82.61719,87.36328,22.41211,0.75839657
11.337891,189.4043,83.93555,87.802734,22.58789,0.75839657
11.425781,189.49219,84.55078,87.978516,22.5,0.75839657
11.425781,189.66797,85.166016,87.890625,22.236328,0.75839657
11.425781,189.75586,85.95703,87.890625,22.1484375,0.75839657
11.425781,189.75586,87.1875,87.62695,21.972656,0.75839657
11.337891,189.75586,88.94531,87.09961,21.621094,0.75839657
11.337891,189.75586,91.14258,86.30859,21.269531,0.75839657
11.337891,189.75586,94.13086,85.078125,20.7421875,0.75839657
11.25,189.75586,97.20703,83.759766,20.214844,0.75839657
11.25,189.75586,100.546875,82.353516,19.77539,0.75839657
11.25,189.75586,104.0625,80.859375,19.248047,0.75839657
11.25,189.75586,107.8418,79.27734,18.6328125,0.75839657
11.25,189.75586,111.5332,77.7832,17.753906,0.75839657
11.25,189.75586,115.40039,76.20117,16.96289,0.75839657
11.25,189.75586,119.00391,74.79492,16.171875,0.75839657
11.25,189.75586,122.69531,73.56445,15.556641,0.75839657
11.25,189.75586,126.29883,72.1582,14.853516,0.75839657
11.25,189.75586,129.81445,71.19141,14.150391,0.75839657
11.25,189.75586,132.97852,70.22461,13.535156,0.75839657
11.25,189.75586,136.05469,69.16992,12.744141,0.75839657
11.25,189.75586,139.13086,68.115234,11.953125,0.75839657
11.25,189.75586,142.38281,67.14844,11.162109,0.75839657
11.25,189.75586,145.2832,66.26953,10.634766,0.75839657
11.25,189.75586,148.44727,65.74219,9.931641,0.75839657
11.25,189.75586,151.61133,65.478516,9.580078,0.75839657
11.25,189.75586,154.86328,65.302734,9.228516,0.75839657
11.25,189.75586,157.5,65.390625,8.701172,0.75839657
11.25,189.75586,159.87305,65.390625,8.4375,0.75839657
11.25,189.58008,162.07031,65.390625,8.349609,0.75839657
11.337891,188.96484,163.30078,65.302734,8.349609,0.75839657
11.337891,189.140625,164.44336,65.390625,7.470703,0.75839657
11.25,189.3164,165.84961,65.390625,7.294922,0.75839657
11.777344,189.4043,166.55273,65.74219,7.294922,0.75839657
12.3046875,189.58008,167.08008,66.09375,7.1191406,0.75839657
13.095703,190.10742,167.34375,66.708984,6.6796875,0.75839657
13.623047,190.45898,167.51953,67.32422,6.2402344,0.75839657
13.974609,190.3711,167.51953,67.85156,5.80078125,0.75839657
13.886719,190.2832,167.51953,68.37891,5.361328,0.75839657
13.886719,190.19531,167.51953,68.73047,5.44921875,0.75839657
13.886719,190.19531,167.51953,69.08203,5.7128906,0.75839657
13.886719,190.19531,167.51953,69.521484,5.7128906,0.75839657
13.886719,190.19531,167.51953,69.697266,5.625,0.75839657
13.886719,190.19531,167.51953,69.87305,5.361328,0.75839657
13.886719,190.19531,167.51953,69.87305,5.185547,0.75839657
13.886719,190.19531,167.51953,69.87305,5.185547,0.75839657
13.886719,190.19531,167.51953,69.87305,5.0097656,0.75839657
13.798828,190.19531,167.51953,69.87305,5.0097656,0.75839657
13.447266,190.19531,167.51953,69.87305,5.0097656,0.75839657
13.183594,190.19531,167.51953,69.87305,5.0097656,0.75839657
13.095703,190.19531,167.51953,69.87305,5.0097656,0.75839657
13.095703,190.19531,167.51953,69.87305,5.0097656,0.75839657
13.095703,190.19531,167.51953,69.87305,5.0097656,0.75839657
13.095703,190.19531,167.51953,69.87305,5.0097656,0.75839657
13.095703,190.19531,167.51953,69.87305,5.0097656,0.75839657
13.095703,190.19531,167.51953,69.87305,5.0097656,0.75839657
13.095703,190.19531,167.51953,69.87305,5.0097656,0.75839657
13.095703,190.19531,167.51953,69.87305,5.0097656,0.75839657
13.095703,190.19531,167.51953,69.87305,5.0097656,0.75839657
13.095703,190.19531,167.51953,69.87305,5.0097656,0.75839657
13.095703,190.19531,167.51953,69.87305,5.0097656,0.75839657
13.095703,190.19531,167.51953,69.87305,5.0097656,0.75839657
13.095703,190.19531,167.51953,69.87305,5.0097656,0.75839657
13.095703,190.19531,167.51953,69.87305,5.0097656,0.75839657
13.095703,190.19531,167.51953,69.87305,5.0097656,0.75839657
13.095703,190.19531,167.51953,69.87305,5.0097656,0.75839657
13.095703,190.19531,167.51953,69.87305,5.0097656,0.75839657
13.095703,190.19531,167.51953,69.87305,5.0097656,0.75839657
13.095703,190.19531,167.51953,69.87305,5.0097656,0.75839657
13.095703,190.19531,167.51953,69.87305,5.0097656,0.75839657
13.095703,190.19531,167.51953,69.87305,5.0097656,0.75839657
13.095703,190.19531,167.51953,69.87305,5.0097656,0.75839657
13.095703,190.19531,167.51953,69.87305,5.0097656,0.75839657
13.095703,190.19531,167.51953,69.87305,5.0097656,0.75839657
13.095703,190.19531,167.51953,69.87305,5.0097656,0.75839657
10.722656,189.66797,167.51953,73.21289,6.2402344,0.8667389
10.722656,189.66797,167.51953,73.21289,6.15234375,0.8667389
8.4375,189.66797,167.51953,73.03711,5.625,0.8667389
6.064453,189.66797,167.51953,73.03711,5.0097656,0.8667389
4.21875,189.66797,167.51953,73.03711,5.09765625,0.8667389
3.9550781,189.66797,167.51953,73.03711,5.44921875,0.8667389
4.3066406,189.66797,167.51953,73.03711,5.44921875,0.8667389
4.1308594,189.66797,167.51953,73.03711,5.44921875,0.8667389
3.7792969,189.66797,167.51953,73.03711,5.2734375,0.8667389
3.515625,189.66797,167.51953,73.03711,5.185547,0.8667389
3.33984375,189.66797,167.51953,73.03711,5.185547,0.8667389
3.1640625,189.66797,167.51953,73.03711,5.185547,0.8667389
3.2519531,189.66797,167.51953,73.03711,5.185547,0.8667389
3.2519531,189.66797,167.51953,73.03711,5.185547,0.8667389
3.2519531,189.66797,167.51953,73.03711,5.185547,0.8667389
3.2519531,189.66797,167.51953,73.03711,5.185547,0.8667389
3.2519531,189.66797,167.51953,73.03711,5.185547,0.8667389
3.2519531,189.66797,167.51953,73.03711,5.185547,0.8667389
3.2519531,189.66797,167.51953,73.03711,5.185547,0.8667389
3.33984375,189.66797,167.51953,73.03711,5.185547,0.8667389
3.515625,189.66797,167.51953,73.03711,5.185547,0.8667389
3.6035156,189.66797,167.51953,73.03711,5.185547,0.8667389
3.69140625,189.66797,167.51953,73.03711,5.185547,0.8667389
3.69140625,189.66797,167.51953,73.03711,5.185547,0.8667389
3.69140625,189.66797,167.51953,73.03711,5.185547,0.8667389
3.69140625,189.66797,167.51953,73.03711,5.185547,0.8667389
3.69140625,189.66797,167.51953,73.03711,5.185547,0.8667389
3.69140625,189.66797,167.51953,73.03711,5.185547,0.8667389
3.69140625,189.66797,167.51953,73.03711,5.185547,0.8667389
3.69140625,189.66797,167.51953,73.03711,5.185547,0.8667389
3.69140625,189.66797,167.51953,73.03711,5.361328,0.8667389
3.69140625,189.66797,167.51953,73.03711,5.9765625,0.8667389
3.69140625,189.66797,167.51953,73.03711,6.2402344,0.8667389
3.69140625,189.66797,167.51953,73.03711,6.6796875,0.8667389
3.69140625,189.66797,167.51953,73.03711,7.3828125,0.8667389
3.515625,189.66797,167.51953,73.03711,7.998047,0.8667389
3.4277344,189.66797,167.51953,72.86133,8.525391,0.8667389
3.4277344,189.66797,167.51953,72.68555,9.052734,0.8667389
3.4277344,189.66797,167.51953,72.59766,9.316406,0.8667389
3.4277344,189.66797,167.51953,72.421875,9.580078,0.8667389
3.8671875,189.66797,167.51953,72.421875,9.580078,0.8667389
4.482422,189.58008,167.51953,72.333984,9.316406,0.8667389
5.0097656,189.49219,167.51953,72.421875,8.964844,0.8667389
5.44921875,189.4043,167.51953,72.421875,8.7890625,0.8667389
5.80078125,189.4043,167.51953,72.421875,8.964844,0.8667389
5.9765625,188.87695,167.25586,72.24609,8.964844,0.8667389
5.9765625,187.20703,166.640625,71.80664,9.052734,0.8667389
5.9765625,184.48242,164.61914,71.98242,9.667969,0.8667389
5.625,180.79102,161.63086,73.03711,10.810547,0.8667389
5.625,176.04492,157.76367,74.44336,11.865234,0.8667389
5.09765625,171.21094,152.92969,76.46484,13.271484,0.8667389
4.482422,165.9375,147.39258,79.18945,14.677734,0.8667389
3.8671875,160.66406,142.03125,83.14453,15.46875,0.8667389
2.9003906,155.03906,136.31836,86.13281,16.96289,0.8667389
2.5488281,151.34766,130.51758,88.50586,18.36914,0.8667389
1.93359375,148.0957,124.62891,91.40625,19.77539,0.8667389
1.1425781,144.93164,118.916016,93.95508,21.00586,0.8667389
0.6152344,142.03125,113.203125,96.85547,22.060547,0.8667389
0.087890625,138.95508,107.13867,100.72266,23.203125,0.8667389
-0.087890625,135.8789,101.25,102.65625,24.521484,0.8667389
-0.263671875,133.33008,96.240234,103.0957,24.873047,0.8667389
-0.439453125,131.484375,91.93359,103.79883,25.576172,0.8667389
-0.6152344,129.90234,88.1543,104.50195,26.191406,0.8667389
-0.703125,128.4961,84.81445,105.0293,27.0703125,0.8667389
-0.7910156,127.00195,82.353516,105.55664,27.861328,0.8667389
-0.7910156,125.5957,80.41992,105.38086,28.03711,0.8667389
-0.7910156,124.01367,78.75,105.38086,28.564453,0.8667389
-0.703125,122.34375,77.16797,105.55664,29.091797,0.8667389
-0.6152344,120.322266,75.322266,105.64453,29.355469,0.8667389
-0.52734375,118.21289,73.21289,105.82031,29.61914,0.8667389
-0.439453125,116.103516,70.927734,105.82031,29.707031,0.8667389
-0.439453125,113.90625,68.37891,105.82031,29.707031,0.8667389
-0.263671875,111.44531,65.74219,105.82031,29.970703,0.8667389
-0.17578125,108.984375,63.19336,105.82031,30.410156,0.8667389
0.17578125,106.61133,60.73242,105.82031,30.5859375,0.8667389
0.52734375,104.58984,58.535156,105.82031,30.498047,0.8667389
0.9667969,102.74414,56.25,105.82031,30.234375,0.8667389
1.40625,101.07422,54.404297,105.82031,30.146484,0.8667389
1.93359375,99.75586,52.910156,105.82031,30.146484,0.8667389
2.4609375,98.78906,52.03125,105.82031,29.61914,0.8667389
2.9003906,97.99805,51.416016,105.82031,29.355469,0.8667389
3.2519531,97.4707,50.9765625,105.82031,29.091797,0.8667389
3.6035156,97.29492,50.71289,105.82031,28.564453,0.8667389
3.9550781,97.11914,50.625,105.82031,28.300781,0.8667389
4.21875,97.11914,50.625,105.82031,28.03711,0.8667389
4.39453125,97.11914,50.625,105.82031,27.597656,0.8667389
4.5703125,97.11914,50.625,105.82031,27.333984,0.9750812
4.5703125,97.11914,50.625,105.82031,27.246094,1.8418202
4.39453125,97.11914,50.625,105.82031,27.421875,3.4669557
4.21875,97.11914,50.625,105.82031,27.509766,5.5254602
4.1308594,97.11914,50.71289,105.82031,27.246094,8.992415
4.1308594,97.11914,51.328125,105.82031,27.421875,13.1094265
3.6035156,97.11914,52.03125,105.82031,27.597656,17.659805
3.1640625,97.11914,52.3828125,105.82031,27.685547,22.860237
2.98828125,97.11914,52.470703,105.82031,27.7734375,28.92741
2.63671875,97.11914,52.470703,105.82031,27.7734375,34.886242
1.93359375,97.20703,52.470703,105.82031,27.7734375,39.00325
1.4941406,97.20703,52.910156,105.82031,27.7734375,41.603466
1.23046875,97.20703,53.34961,105.82031,27.7734375,43.228603
1.1425781,97.20703,53.876953,105.82031,27.7734375,44.745396
1.23046875,97.20703,54.4921875,105.82031,27.7734375,46.0455
1.3183594,97.20703,55.01953,105.82031,27.7734375,47.34561
1.40625,97.20703,55.458984,105.82031,27.7734375,48.53738
1.40625,97.20703,56.07422,105.82031,27.7734375,49.6208
1.40625,97.38281,57.128906,105.82031,27.7734375,50.48754
1.3183594,97.646484,58.095703,105.64453,27.7734375,51.24594
1.3183594,97.99805,58.97461,105.55664,27.7734375,52.00433
1.3183594,98.61328,60.1171875,104.853516,27.7734375,52.979416
1.3183594,99.4043,61.96289,103.00781,27.7734375,53.954494
1.4941406,100.546875,64.51172,100.72266,27.7734375,54.71289
1.58203125,101.77734,67.58789,98.34961,27.7734375,55.2546
1.58203125,102.83203,70.83984,96.06445,27.7734375,56.013
1.6699219,103.62305,74.0918,93.86719,27.7734375,56.55471
1.6699219,104.0625,77.25586,91.93359,27.7734375,57.204765
1.6699219,104.15039,80.15625,89.73633,27.7734375,58.179848
1.6699219,104.23828,82.96875,87.802734,27.7734375,58.829903
1.6699219,104.15039,85.166016,85.86914,27.7734375,59.588303
1.6699219,103.88672,86.92383,84.19922,27.7734375,60.780067
1.6699219,103.359375,88.24219,82.44141,27.7734375,61.863487
1.6699219,102.56836,89.47266,80.947266,27.7734375,62.621887
1.7578125,101.68945,90.703125,79.18945,27.7734375,63.055252
2.109375,100.81055,91.75781,77.34375,27.7734375,63.380283
2.28515625,99.84375,92.8125,75.49805,27.7734375,63.488625
2.5488281,98.87695,93.95508,73.38867,27.7734375,63.488625
2.63671875,97.822266,95.27344,71.45508,27.7734375,62.94691
2.63671875,96.85547,96.50391,69.521484,27.7734375,62.513542
2.63671875,95.80078,97.55859,67.5,27.597656,62.18852
2.63671875,94.74609,98.08594,65.74219,27.333984,61.430122
2.63671875,93.7793,98.78906,64.072266,27.246094,60.455036
2.5488281,92.72461,99.140625,63.10547,27.246094,59.154926
2.4609375,91.93359,99.140625,62.2265625,27.421875,57.85482
2.4609375,91.40625,99.140625,61.5234375,27.246094,56.013
2.4609375,91.23047,99.052734,60.996094,27.246094,54.062836
2.3730469,90.87891,99.4043,60.20508,27.246094,51.570965
2.3730469,90.615234,99.66797,59.4140625,27.246094,48.53738
2.63671875,90.43945,100.10742,58.535156,27.0703125,46.0455
2.8125,90.17578,100.546875,57.83203,26.63086,41.71181
2.98828125,90.17578,100.72266,57.3046875,26.279297,36.29469
3.1640625,90.43945,100.634766,57.041016,25.6640625,29.794151
3.1640625,90.9668,100.546875,56.6015625,25.751953,22.860237
3.515625,91.31836,100.2832,56.33789,25.6640625,17.443121
3.7792969,91.8457,99.93164,56.42578,25.576172,15.492958
4.04296875,92.46094,99.93164,56.42578,25.40039,15.167931
4.3066406,93.07617,100.2832,56.51367,25.22461,15.167931
4.74609375,93.603516,100.458984,56.777344,24.433594,15.167931
5.0097656,94.57031,100.98633,56.777344,23.81836,15.167931
5.44921875,95.71289,101.953125,57.128906,23.5546875,15.167931
5.888672,97.4707,102.83203,58.0078125,23.378906,15.167931
6.4160156,99.66797,103.447266,59.0625,23.378906,15.059588
7.03125,101.77734,103.447266,60.1171875,23.291016,14.951245
7.734375,104.23828,103.271484,61.69922,23.027344,14.951245
8.7890625,106.43555,103.0957,63.720703,22.939453,14.951245
9.84375,108.54492,102.2168,65.91797,23.027344,14.951245
10.986328,110.478516,100.89844,68.02734,22.939453,14.951245
12.568359,112.14844,98.70117,70.57617,22.5,14.951245
14.326172,113.4668,96.15234,73.56445,22.324219,14.951245
16.083984,114.25781,93.07617,76.552734,22.324219,14.951245
17.9296875,114.609375,89.384766,79.80469,21.796875,14.951245
19.863281,114.609375,84.990234,83.49609,21.4453125,14.951245
21.796875,114.521484,80.41992,86.74805,21.357422,14.951245
23.81836,114.25781,75.41016,89.91211,21.269531,14.951245
26.191406,113.55469,70.40039,92.54883,20.830078,14.951245
28.388672,112.76367,65.03906,94.57031,20.478516,14.951245
30.322266,111.97266,60.55664,95.80078,20.302734,14.951245
32.60742,111.44531,56.16211,96.94336,20.302734,14.951245
34.8046875,110.6543,52.03125,98.34961,20.302734,14.951245
36.82617,109.42383,47.8125,100.10742,20.126953,14.951245
38.671875,107.8418,43.59375,101.77734,20.214844,14.951245
40.253906,105.99609,39.55078,103.18359,20.214844,14.951245
42.09961,104.58984,36.035156,103.88672,20.214844,14.951245
43.9453125,103.447266,33.75,103.97461,20.126953,14.951245
45.878906,102.91992,31.728516,104.0625,20.0390625,14.951245
47.72461,102.48047,30.410156,103.88672,20.0390625,14.951245
49.746094,101.953125,29.355469,103.53516,19.6875,14.951245
51.85547,101.51367,28.300781,103.0957,19.423828,14.951245
53.7890625,100.89844,27.509766,102.30469,19.3359375,14.951245
55.722656,100.01953,26.71875,101.60156,19.3359375,14.951245
57.56836,98.96484,25.751953,100.81055,19.6875,14.951245
59.23828,98.34961,25.3125,100.01953,19.6875,14.951245
60.996094,97.734375,24.873047,99.140625,19.6875,14.951245
62.578125,97.29492,24.433594,98.34961,19.6875,14.951245
64.16016,97.11914,24.169922,97.734375,19.6875,14.951245
65.6543,97.03125,23.99414,96.94336,19.863281,14.951245
66.884766,97.03125,23.90625,96.06445,20.214844,14.951245
67.93945,97.03125,23.90625,95.36133,20.390625,14.951245
68.73047,97.03125,23.90625,94.921875,20.478516,14.951245
69.25781,97.03125,23.730469,94.6582,20.302734,14.951245
69.521484,97.03125,23.730469,94.48242,20.214844,14.951245
69.521484,97.03125,23.730469,94.30664,20.214844,14.951245
69.43359,97.03125,23.730469,94.21875,20.214844,14.951245
69.43359,97.03125,23.730469,94.21875,20.214844,14.951245
69.609375,97.03125,23.730469,94.39453,20.126953,14.951245
69.609375,97.03125,23.730469,94.48242,20.126953,14.951245
69.609375,97.03125,23.730469,94.48242,20.214844,14.951245
69.609375,97.03125,23.730469,94.57031,20.390625,14.951245
69.609375,97.03125,23.730469,94.833984,20.214844,14.951245
69.3457,97.03125,23.730469,95.009766,20.126953,14.951245
69.16992,97.03125,23.730469,95.625,20.0390625,14.951245
68.99414,97.03125,23.730469,96.06445,20.0390625,14.951245
68.81836,97.03125,23.730469,96.67969,19.951172,14.951245
68.81836,97.03125,23.730469,96.76758,19.951172,14.951245
68.81836,97.03125,23.730469,96.76758,19.59961,14.951245
68.4668,96.76758,23.730469,96.76758,19.3359375,16.143013
68.02734,96.416016,23.730469,96.76758,19.3359375,18.526545
67.85156,95.88867,23.730469,96.76758,18.896484,21.343445
67.41211,95.36133,23.730469,96.76758,18.544922,24.160347
66.884766,95.009766,23.730469,96.76758,18.19336,26.65222
66.26953,94.74609,23.730469,96.94336,17.841797,28.602383
65.91797,94.74609,23.730469,97.646484,17.490234,31.419287
65.56641,94.74609,23.730469,98.52539,16.96289,34.777897
65.390625,94.74609,23.730469,99.31641,16.96289,37.70314
65.390625,94.74609,23.730469,99.75586,16.875,40.4117
65.390625,94.74609,23.730469,100.458984,16.875,42.470203
65.390625,94.74609,23.730469,100.72266,16.875,43.87866
65.390625,94.74609,23.730469,100.81055,16.875,45.178764
65.390625,94.74609,23.466797,100.98633,16.875,46.153847
65.390625,94.74609,23.203125,100.89844,16.875,46.8039
65.21484,94.74609,23.203125,100.89844,16.875,47.12893
64.86328,94.833984,23.203125,100.89844,16.5234375,47.453957
64.6875,94.833984,23.203125,101.07422,16.347656,47.77898
64.33594,94.833984,23.203125,101.51367,16.171875,47.995667
64.072266,94.833984,23.203125,101.68945,16.171875,47.77898
63.808594,94.833984,23.203125,101.77734,16.171875,47.67064
63.808594,94.833984,23.203125,101.77734,16.171875,46.478874
63.808594,94.833984,23.203125,101.77734,16.259766,44.42037
63.808594,94.833984,23.203125,101.77734,16.611328,41.928493
63.896484,94.833984,23.203125,101.77734,16.699219,38.678223
63.984375,94.833984,23.203125,101.77734,16.699219,34.236187
63.984375,94.833984,23.203125,101.77734,16.699219,29.035753
63.984375,94.833984,23.203125,101.77734,16.699219,23.510292
63.984375,94.833984,23.203125,101.77734,16.611328,17.768148
63.896484,94.833984,23.203125,101.77734,16.347656,12.242687
63.896484,94.833984,23.203125,101.77734,16.171875,8.125677
63.808594,94.833984,23.203125,101.77734,16.171875,4.9837484
63.808594,94.833984,23.203125,101.77734,16.171875,4.0086675
63.896484,94.833984,23.203125,101.865234,16.171875,3.0335863
63.896484,94.833984,23.203125,102.39258,16.171875,2.0585048
63.6328125,94.833984,23.203125,102.65625,16.171875,1.5167931
63.45703,94.833984,23.203125,102.74414,16.171875,1.191766
63.10547,94.833984,23.203125,102.83203,16.171875,0.8667389
62.841797,94.833984,23.203125,103.271484,16.171875,0.8667389
62.666016,94.833984,23.203125,103.447266,16.171875,0.8667389
62.666016,94.833984,23.203125,103.447266,16.171875,0.8667389
62.666016,94.833984,23.203125,103.447266,16.171875,0.8667389
62.666016,94.833984,23.203125,103.53516,16.171875,0.8667389
62.490234,94.833984,23.203125,103.62305,16.171875,0.8667389
62.402344,94.833984,23.203125,103.71094,16.171875,0.8667389
62.05078,94.833984,23.203125,103.71094,16.171875,0.8667389
61.69922,94.833984,23.203125,103.71094,16.171875,0.8667389
61.347656,94.833984,23.203125,104.0625,16.171875,0.8667389
61.083984,94.833984,23.203125,104.15039,16.171875,0.8667389
60.64453,94.833984,23.203125,104.32617,15.996094,0.8667389
60.1171875,94.833984,23.203125,104.765625,15.556641,0.8667389
59.15039,95.009766,23.378906,104.94141,15.380859,0.8667389
57.83203,95.53711,24.2578125,105.0293,15.292969,0.8667389
56.07422,96.328125,25.839844,105.0293,15.1171875,0.8667389
53.876953,97.20703,27.509766,105.11719,15.1171875,0.8667389
50.9765625,98.08594,29.003906,105.11719,15.1171875,0.8667389
48.1640625,98.96484,30.234375,105.11719,15.1171875,0.8667389
44.82422,99.75586,30.84961,105.11719,15.1171875,0.8667389
41.396484,100.634766,31.113281,105.11719,15.292969,0.8667389
37.529297,101.77734,31.201172,105.11719,15.732422,0.8667389
33.48633,102.83203,31.376953,105.11719,16.347656,0.8667389
29.707031,103.97461,31.376953,105.11719,17.138672,0.8667389
25.751953,105.0293,31.376953,105.11719,18.017578,0.8667389
22.060547,106.171875,31.376953,105.11719,18.720703,0.8667389
18.6328125,107.578125,31.376953,105.11719,19.160156,0.8667389
15.1171875,109.16016,31.728516,105.11719,19.59961,0.8667389
12.041016,111.00586,32.08008,105.11719,20.0390625,0.8667389
8.4375,112.93945,32.25586,105.0293,20.390625,0.8667389
5.0097656,114.78516,32.25586,104.853516,20.478516,0.8667389
1.8457031,117.07031,32.783203,104.58984,20.830078,0.8667389
-0.087890625,119.79492,33.92578,104.23828,21.357422,0.8667389
-1.7578125,122.69531,35.41992,103.271484,21.796875,0.8667389
-2.5488281,126.03516,37.089844,102.041016,22.324219,0.8667389
-2.63671875,129.28711,38.583984,101.16211,23.027344,0.8667389
-3.33984375,132.80273,39.902344,100.81055,23.5546875,0.8667389
-3.6035156,136.49414,41.04492,100.89844,24.082031,0.8667389
-4.04296875,140.18555,42.09961,100.89844,24.345703,0.8667389
-3.515625,143.61328,43.066406,100.89844,24.521484,0.8667389
-2.5488281,147.04102,44.121094,100.89844,24.521484,0.8667389
-1.4941406,151.171875,45.08789,100.89844,24.2578125,0.8667389
-0.3515625,154.07227,46.0546875,100.89844,24.2578125,0.8667389
1.0546875,157.85156,46.23047,100.89844,24.169922,0.8667389
3.0761719,161.36719,47.373047,100.2832,24.082031,0.8667389
4.39453125,165.234375,49.13086,100.2832,24.345703,0.8667389
4.921875,168.92578,51.240234,100.98633,24.169922,0.8667389
5.44921875,171.91406,53.70117,100.81055,23.81836,0.8667389
5.888672,174.81445,56.689453,100.98633,23.203125,0.8667389
5.625,177.53906,59.941406,100.98633,22.939453,0.8667389
5.888672,180.0,62.490234,100.89844,22.58789,0.8667389
6.2402344,182.19727,64.95117,100.89844,22.1484375,0.8667389
6.6796875,184.13086,67.32422,100.19531,21.4453125,0.8667389
7.3828125,185.625,69.3457,99.140625,20.917969,0.8667389
7.8222656,187.20703,72.333984,98.08594,20.390625,0.8667389
7.998047,188.70117,75.41016,96.94336,19.863281,0.8667389
8.173828,189.4043,78.134766,96.15234,19.3359375,0.8667389
7.8222656,189.66797,81.21094,95.71289,18.720703,0.8667389
7.55859375,189.75586,83.32031,95.18555,18.457031,0.8667389
7.470703,189.66797,85.69336,94.57031,18.28125,0.8667389
6.767578,189.66797,87.45117,93.603516,18.19336,0.8667389
6.50390625,189.66797,89.56055,92.37305,18.36914,0.8667389
6.6796875,189.66797,91.93359,90.615234,18.28125,0.8667389
7.03125,189.66797,94.833984,88.50586,17.841797,0.8667389
7.3828125,189.66797,98.34961,86.66016,17.841797,0.8667389
7.55859375,189.66797,102.2168,84.46289,17.841797,0.8667389
7.470703,189.66797,106.52344,82.44141,17.841797,0.8667389
7.55859375,189.66797,110.91797,80.68359,17.753906,0.8667389
7.6464844,189.66797,115.40039,79.365234,17.314453,0.8667389
7.91015625,189.66797,120.49805,78.39844,16.611328,0.8667389
8.349609,189.66797,125.33203,77.87109,15.908203,0.8667389
8.7890625,189.66797,130.078125,77.51953,15.556641,0.8667389
9.228516,189.66797,134.73633,77.16797,15.380859,0.8667389
9.580078,189.66797,138.86719,77.08008,15.029297,0.8667389
9.667969,189.66797,142.82227,76.99219,14.4140625,0.8667389
9.667969,189.66797,146.33789,76.99219,13.535156,0.8667389
9.931641,189.66797,149.765625,76.99219,12.216797,0.8667389
10.107422,189.66797,152.66602,76.28906,10.546875,0.8667389
10.019531,189.66797,155.5664,76.640625,9.4921875,0.8667389
10.019531,189.66797,158.02734,77.08008,7.998047,0.8667389
10.283203,189.66797,160.22461,76.99219,7.734375,0.8667389
10.1953125,189.66797,162.07031,76.81641,8.0859375,0.8667389
10.283203,189.66797,162.86133,76.81641,8.4375,0.8667389
10.019531,189.66797,163.47656,76.81641,9.228516,0.8667389
8.964844,189.66797,163.74023,76.728516,9.931641,0.8667389
7.6464844,189.66797,164.44336,76.37695,10.722656,0.8667389
6.328125,189.66797,164.9707,76.28906,10.8984375,0.8667389
4.921875,189.66797,165.58594,76.28906,11.25,0.8667389
3.7792969,189.66797,166.02539,76.11328,11.513672,0.8667389
3.0761719,189.66797,166.640625,75.84961,11.689453,0.8667389
2.7246094,189.66797,167.16797,75.58594,11.689453,0.8667389
2.63671875,189.66797,167.43164,75.41016,11.865234,0.8667389
2.8125,189.66797,167.51953,75.146484,12.3046875,0.8667389
3.33984375,189.66797,167.51953,74.70703,12.480469,0.8667389
3.69140625,189.66797,167.51953,74.53125,12.65625,0.8667389
4.1308594,189.66797,167.51953,74.53125,12.65625,0.8667389
4.482422,189.66797,167.51953,74.53125,12.3046875,0.8667389
4.74609375,189.66797,167.51953,74.53125,11.425781,1.4084507
4.74609375,189.66797,167.51953,74.53125,10.1953125,3.5752978
4.658203,189.66797,167.51953,74.53125,8.7890625,4.8754063
4.5703125,189.66797,167.51953,74.53125,7.8222656,5.8504877
4.921875,189.66797,167.51953,74.53125,7.20703125,5.633803
5.7128906,189.66797,167.51953,74.53125,6.85546875,5.417118
6.4160156,189.66797,167.51953,74.53125,6.50390625,5.2004333
6.9433594,189.66797,167.51953,74.35547,6.328125,4.9837484
7.20703125,189.66797,167.51953,74.00391,6.064453,4.5503793
7.20703125,189.66797,167.51953,73.828125,5.185547,4.3336945
7.03125,189.66797,167.51953,73.740234,5.09765625,4.1170096
7.03125,189.66797,167.51953,73.65234,5.09765625,4.1170096
7.03125,189.66797,167.51953,73.65234,5.09765625,4.0086675
7.03125,189.66797,167.51953,73.65234,5.09765625,3.4669557
7.03125,189.66797,167.51953,73.65234,5.09765625,2.9252439
7.03125,189.66797,167.51953,73.65234,5.09765625,2.6002166
7.03125,189.66797,167.51953,73.65234,5.09765625,2.4918742
7.03125,189.66797,167.51953,73.65234,5.09765625,2.1668472
7.03125,189.66797,167.51953,73.65234,5.09765625,1.7334778
7.03125,189.66797,167.51953,73.65234,5.09765625,1.6251353
7.03125,189.66797,167.51953,73.65234,5.09765625,1.5167931
7.03125,189.66797,167.51953,73.65234,5.09765625,1.4084507
7.03125,189.66797,167.51953,73.65234,5.09765625,1.4084507
7.03125,189.66797,167.51953,73.65234,5.09765625,1.4084507
7.03125,189.66797,167.51953,73.65234,5.09765625,1.4084507
7.03125,189.66797,167.51953,73.65234,5.09765625,1.4084507
7.03125,189.66797,167.51953,73.65234,5.09765625,1.4084507
7.03125,189.66797,167.51953,73.65234,5.09765625,1.4084507
7.03125,189.66797,167.51953,73.65234,5.09765625,1.4084507
7.03125,189.66797,167.51953,73.65234,5.09765625,1.4084507
7.03125,189.66797,167.51953,73.65234,5.09765625,1.4084507
7.03125,189.66797,167.51953,73.65234,5.09765625,1.4084507
7.03125,189.66797,167.51953,73.65234,5.09765625,1.4084507
7.03125,189.66797,167.51953,73.65234,5.09765625,1.4084507
7.03125,189.66797,167.51953,73.65234,5.09765625,1.4084507
7.03125,189.66797,167.51953,73.65234,5.09765625,1.4084507
7.03125,189.66797,167.51953,73.65234,5.09765625,1.4084507
7.03125,189.66797,167.51953,73.65234,5.09765625,1.4084507
7.03125,189.66797,167.51953,73.65234,5.09765625,1.4084507
7.03125,189.66797,167.51953,73.65234,5.09765625,1.4084507
7.03125,189.66797,167.51953,73.65234,5.09765625,1.4084507
7.03125,189.66797,167.51953,73.65234,5.09765625,1.4084507
7.03125,189.66797,167.51953,73.65234,5.09765625,1.4084507
7.03125,189.66797,167.51953,73.65234,5.09765625,1.4084507
7.03125,189.66797,167.51953,73.65234,5.09765625,1.4084507
6.767578,189.66797,167.51953,73.65234,5.09765625,1.4084507
5.2734375,189.66797,167.51953,73.65234,5.185547,1.0834236
3.8671875,189.66797,167.60742,73.65234,5.09765625,0.8667389
3.1640625,189.66797,167.60742,73.65234,5.0097656,0.8667389
3.2519531,189.66797,167.60742,73.65234,5.0097656,0.8667389
3.7792969,189.66797,167.60742,73.65234,5.0097656,0.8667389
4.1308594,189.66797,167.60742,73.65234,5.0097656,0.8667389
3.8671875,189.66797,167.60742,73.65234,5.0097656,0.8667389
3.6035156,189.66797,167.60742,73.65234,5.0097656,0.8667389
3.33984375,189.66797,167.60742,73.65234,5.0097656,0.8667389
3.0761719,189.66797,167.60742,73.65234,5.0097656,0.8667389
3.0761719,189.66797,167.60742,73.65234,5.0097656,0.8667389
3.0761719,189.66797,167.60742,73.65234,5.0097656,0.8667389
3.0761719,189.66797,167.60742,73.65234,5.0097656,0.8667389
3.0761719,189.66797,167.60742,73.65234,5.0097656,0.8667389
3.0761719,189.66797,167.60742,73.65234,5.0097656,0.8667389
3.0761719,189.66797,167.60742,73.65234,5.0097656,0.8667389
3.0761719,189.66797,167.60742,73.65234,5.0097656,0.8667389
3.0761719,189.66797,167.60742,73.65234,5.0097656,0.8667389
3.0761719,189.66797,167.60742,73.65234,5.0097656,0.8667389
3.0761719,189.66797,167.60742,73.65234,5.0097656,0.8667389
3.0761719,189.66797,167.60742,73.65234,5.0097656,0.8667389
3.0761719,189.66797,167.60742,73.65234,5.0097656,0.8667389
3.0761719,189.66797,167.60742,73.65234,5.0097656,0.8667389
3.0761719,189.66797,167.60742,73.65234,5.0097656,0.8667389
3.0761719,189.66797,167.60742,73.65234,5.0097656,0.8667389
3.0761719,189.66797,167.60742,73.65234,5.0097656,0.8667389
3.0761719,189.66797,167.60742,73.65234,5.185547,0.8667389
3.0761719,189.66797,167.60742,73.47656,5.44921875,0.8667389
3.0761719,189.66797,167.60742,73.03711,5.625,0.8667389
3.6035156,189.66797,167.60742,72.94922,5.7128906,0.8667389
4.04296875,189.66797,167.60742,72.509766,5.625,0.8667389
4.658203,189.66797,167.60742,72.07031,5.2734375,0.8667389
5.0097656,189.66797,167.60742,72.07031,5.361328,0.8667389
5.09765625,189.66797,167.60742,72.24609,5.80078125,0.8667389
5.09765625,189.66797,167.60742,72.333984,6.591797,0.8667389
5.185547,189.66797,167.60742,72.421875,7.55859375,0.8667389
5.44921875,189.22852,167.25586,72.421875,8.0859375,0.8667389
5.7128906,187.99805,166.8164,72.421875,8.525391,0.8667389
5.888672,185.80078,164.61914,72.59766,9.140625,0.8667389
5.7128906,182.90039,161.89453,72.94922,10.107422,0.8667389
5.888672,178.85742,158.55469,74.17969,10.458984,0.8667389
6.064453,175.78125,155.21484,75.58594,10.722656,0.8667389
6.328125,172.35352,150.82031,77.08008,11.25,0.8667389
6.328125,169.27734,146.42578,78.83789,11.337891,0.8667389
6.328125,166.20117,141.94336,81.5625,11.337891,0.8667389
6.4160156,163.21289,137.28516,83.23242,11.25,0.8667389
6.4160156,160.40039,131.92383,85.60547,11.689453,0.8667389
6.4160156,157.58789,126.73828,88.06641,12.216797,0.8667389
6.4160156,154.6875,121.11328,90.703125,12.480469,0.8667389
6.50390625,151.34766,115.40039,93.427734,12.568359,0.8667389
6.50390625,147.83203,109.42383,96.50391,12.919922,0.8667389
6.591797,144.93164,103.97461,99.31641,13.359375,0.8667389
6.6796875,141.67969,97.99805,101.865234,13.7109375,0.8667389
6.6796875,138.515625,92.37305,103.271484,14.326172,0.8667389
6.50390625,136.14258,87.71484,103.79883,15.205078,0.8667389
6.064453,134.38477,83.583984,104.15039,16.083984,0.8667389
5.7128906,132.890625,79.80469,104.853516,16.78711,0.8667389
5.185547,131.57227,76.640625,105.29297,17.138672,0.8667389
4.8339844,129.81445,73.828125,105.38086,17.578125,0.8667389
4.658203,128.05664,71.45508,105.55664,18.105469,0.8667389
4.8339844,126.38672,69.08203,105.64453,18.457031,0.8667389
5.185547,124.18945,66.35742,105.64453,18.808594,0.8667389
5.5371094,122.25586,63.6328125,105.64453,19.59961,0.8667389
5.7128906,119.88281,60.73242,105.64453,20.654297,0.8667389
5.7128906,117.333984,58.095703,105.64453,21.708984,0.8667389
5.7128906,114.96094,55.371094,105.64453,22.675781,0.8667389
5.625,113.02734,52.998047,105.64453,23.642578,0.8667389
5.7128906,111.18164,51.328125,105.64453,24.873047,0.8667389
6.064453,109.42383,50.185547,105.64453,26.103516,0.8667389
6.328125,107.666016,49.30664,105.64453,27.158203,0.8667389
6.50390625,106.34766,48.8671875,105.64453,27.949219,0.8667389
6.6796875,105.20508,48.8671875,105.64453,28.652344,0.8667389
6.9433594,104.23828,48.779297,105.64453,29.091797,0.8667389
7.20703125,103.71094,48.779297,105.64453,29.355469,0.8667389
7.294922,103.271484,48.779297,105.64453,29.61914,0.8667389
7.470703,102.83203,48.779297,105.64453,29.53125,0.8667389
7.6464844,102.39258,48.779297,105.64453,29.1796875,0.8667389
7.6464844,101.865234,48.603516,105.64453,29.091797,0.8667389
7.6464844,101.33789,48.515625,105.64453,29.091797,0.9750812
7.470703,101.16211,48.515625,105.64453,29.091797,2.0585048
7.3828125,101.16211,48.515625,105.64453,29.091797,3.7919827
7.294922,101.16211,48.515625,105.64453,29.091797,7.4756227
7.294922,101.25,48.515625,105.64453,29.091797,12.026002
7.20703125,101.25,48.603516,105.64453,29.091797,17.443121
6.85546875,101.25,48.779297,105.64453,29.091797,22.860237
6.6796875,101.25,49.04297,105.64453,29.091797,27.302275
6.4160156,101.25,49.746094,105.64453,29.091797,30.877573
5.9765625,101.33789,50.80078,105.64453,29.091797,34.34453
5.5371094,101.25,51.76758,105.64453,29.091797,37.378113
5.44921875,101.25,52.822266,105.64453,29.091797,39.54496
5.361328,101.25,53.26172,105.64453,29.091797,41.27844
5.361328,101.25,53.4375,105.64453,29.091797,42.903576
5.2734375,101.25,53.4375,105.64453,29.091797,44.09534
5.2734375,101.25,53.4375,105.64453,29.091797,45.39545
5.2734375,101.25,53.876953,105.64453,29.091797,46.587215
5.09765625,101.25,54.316406,105.64453,29.091797,47.562298
4.8339844,101.25,54.4921875,105.64453,29.091797,48.53738
4.658203,101.25,55.01953,105.64453,29.091797,49.404118
4.3066406,101.25,55.371094,105.64453,29.091797,50.3792
3.8671875,101.16211,55.458984,105.46875,29.091797,50.92091
3.4277344,101.16211,55.458984,105.46875,29.091797,51.46262
2.9003906,101.16211,56.16211,104.94141,29.267578,51.78765
2.4609375,101.42578,57.83203,103.53516,29.53125,51.679306
2.109375,101.33789,59.589844,101.51367,29.707031,51.679306
1.8457031,101.25,61.875,99.58008,29.794922,51.78765
1.7578125,101.25,64.42383,97.55859,29.794922,51.895992
1.7578125,101.25,67.06055,95.625,29.794922,52.112675
1.8457031,101.25,69.521484,93.515625,29.794922,52.654385
1.93359375,101.25,72.333984,91.23047,29.794922,53.196102
1.93359375,101.25,75.146484,88.94531,29.794922,53.737812
1.93359375,101.25,78.046875,86.484375,29.794922,54.17118
1.8457031,101.25,80.859375,84.28711,29.794922,54.60455
1.8457031,101.25,83.49609,81.91406,29.794922,55.687977
1.8457031,101.16211,86.2207,79.89258,29.707031,56.988083
1.93359375,101.16211,88.68164,77.958984,29.355469,58.071507
2.3730469,101.07422,90.615234,76.02539,29.1796875,59.046585
2.9003906,100.37109,92.021484,74.35547,29.091797,59.69664
3.33984375,99.58008,93.515625,72.421875,28.564453,59.913326
3.7792969,98.78906,95.09766,70.40039,28.21289,59.69664
4.3066406,98.26172,96.5918,68.37891,27.685547,59.69664
4.921875,97.734375,98.26172,66.09375,27.246094,59.588303
5.2734375,96.85547,99.75586,64.072266,26.71875,59.371613
5.44921875,95.80078,101.33789,62.490234,26.455078,59.26327
5.80078125,94.833984,102.39258,60.8203125,26.279297,59.26327
6.15234375,94.30664,103.0957,59.15039,26.191406,59.588303
6.4160156,93.7793,103.359375,58.183594,26.455078,59.154926
6.4160156,92.98828,103.71094,57.128906,25.839844,59.154926
6.4160156,92.109375,103.79883,56.33789,25.751953,58.72156
6.4160156,91.8457,103.88672,55.722656,26.015625,58.179848
6.4160156,90.9668,103.88672,55.371094,25.927734,57.42145
6.328125,90.17578,103.71094,55.01953,25.6640625,56.12134
6.2402344,89.47266,103.447266,54.84375,25.40039,54.279526
6.4160156,88.94531,103.447266,54.75586,25.22461,52.437706
6.328125,88.68164,103.0957,54.66797,25.136719,49.404118
6.328125,88.33008,102.65625,54.66797,25.136719,43.87866
6.591797,87.890625,102.12891,54.66797,24.9609375,35.96966
6.6796875,87.71484,101.51367,54.66797,24.9609375,28.385698
6.6796875,87.45117,100.98633,54.66797,24.785156,20.585049
6.6796875,87.1875,100.2832,54.84375,24.521484,16.143013
6.6796875,87.09961,99.58008,55.1953125,24.169922,14.951245
6.6796875,87.09961,99.140625,55.546875,24.082031,14.734562
6.6796875,87.09961,98.87695,55.8984375,24.082031,14.734562
6.6796875,87.36328,98.52539,56.33789,24.082031,14.626219
6.6796875,87.62695,97.99805,56.777344,23.99414,14.626219
6.6796875,88.06641,97.734375,57.216797,23.90625,14.626219
6.6796875,88.76953,97.734375,57.48047,23.90625,14.517877
6.6796875,89.47266,97.822266,57.56836,23.90625,14.517877
6.6796875,90.17578,97.91016,57.65625,23.99414,14.517877
6.6796875,90.791016,97.99805,58.79883,23.90625,14.517877
6.767578,91.31836,98.08594,58.97461,23.730469,14.517877
6.767578,92.109375,98.17383,60.1171875,23.291016,14.517877
6.767578,93.07617,98.26172,61.435547,22.939453,14.517877
6.767578,94.48242,98.26172,62.753906,23.291016,14.517877
6.767578,96.06445,98.34961,63.54492,22.41211,14.517877
6.9433594,97.822266,98.34961,63.984375,22.324219,14.517877
7.20703125,100.01953,98.26172,65.03906,22.236328,14.517877
7.294922,102.30469,98.26172,66.35742,21.533203,14.517877
7.55859375,104.765625,98.26172,67.93945,21.00586,14.517877
8.0859375,107.05078,98.26172,69.08203,20.566406,14.517877
8.525391,109.42383,98.26172,70.13672,19.951172,14.517877
9.140625,111.35742,97.646484,71.89453,19.59961,14.517877
10.019531,113.02734,96.328125,73.828125,19.072266,14.517877
11.074219,114.43359,94.57031,75.58594,18.457031,14.517877
12.216797,115.66406,92.54883,77.43164,18.19336,14.517877
13.623047,116.63086,90.0,79.80469,17.753906,14.517877
14.853516,117.333984,87.09961,81.91406,17.314453,14.517877
16.259766,117.68555,83.671875,84.11133,16.96289,14.517877
17.753906,117.68555,79.98047,86.66016,16.611328,14.517877
19.248047,117.68555,75.76172,89.208984,15.8203125,14.517877
20.654297,117.68555,71.45508,91.58203,15.46875,14.517877
22.41211,116.98242,66.5332,94.21875,15.205078,14.517877
24.2578125,115.83984,61.171875,96.67969,14.765625,14.517877
26.455078,114.3457,55.458984,98.78906,14.501953,14.517877
28.916016,112.85156,49.746094,100.546875,14.0625,14.517877
31.201172,111.5332,44.472656,101.68945,13.7109375,14.517877
33.83789,110.83008,39.28711,101.77734,13.447266,14.409534
36.82617,110.74219,34.98047,101.51367,13.271484,14.409534
39.55078,111.18164,32.08008,101.25,12.65625,14.409534
42.5390625,112.06055,30.234375,100.72266,12.392578,14.409534
45.878906,113.115234,29.1796875,99.66797,12.480469,14.409534
49.13086,114.3457,28.916016,98.34961,12.832031,14.409534
52.29492,115.48828,28.828125,97.20703,13.447266,14.409534
55.283203,116.36719,28.828125,96.416016,14.238281,14.409534
58.0078125,117.333984,28.740234,95.625,15.556641,14.409534
59.941406,118.03711,28.740234,95.18555,16.96289,14.409534
61.5234375,118.47656,28.740234,94.74609,18.6328125,14.409534
62.753906,118.828125,28.740234,94.13086,20.390625,14.409534
63.720703,118.916016,28.740234,93.69141,22.236328,14.409534
64.86328,118.56445,28.388672,93.07617,24.082031,14.409534
65.83008,117.94922,27.7734375,92.197266,25.6640625,14.409534
66.44531,117.24609,27.509766,91.31836,26.894531,14.409534
67.32422,116.54297,27.246094,90.0,27.949219,14.409534
67.67578,115.66406,27.158203,88.85742,28.564453,14.409534
67.76367,114.78516,27.0703125,87.62695,29.003906,14.409534
67.76367,114.08203,27.0703125,86.74805,29.267578,14.409534
67.93945,113.115234,26.894531,85.95703,29.44336,14.409534
68.203125,112.32422,26.894531,85.25391,29.61914,14.409534
68.203125,111.884766,26.894531,84.55078,29.794922,14.301191
68.37891,111.18164,26.894531,84.02344,29.794922,14.301191
68.4668,110.302734,26.894531,83.05664,29.794922,14.301191
68.90625,109.33594,26.63086,82.08984,29.794922,14.301191
69.16992,108.19336,26.455078,81.38672,29.794922,14.301191
69.43359,106.78711,26.279297,80.50781,29.794922,14.301191
69.87305,105.55664,25.839844,79.80469,29.794922,14.301191
70.13672,104.32617,25.40039,79.10156,29.707031,14.301191
70.3125,103.18359,25.136719,78.48633,29.355469,14.301191
70.48828,102.48047,24.785156,78.134766,29.267578,14.301191
70.57617,102.12891,24.697266,77.69531,29.1796875,14.301191
70.66406,101.953125,24.697266,77.16797,29.091797,14.301191
70.57617,101.865234,24.697266,76.99219,29.091797,14.301191
70.48828,101.865234,24.609375,76.728516,28.652344,14.301191
70.48828,101.865234,24.609375,76.640625,28.388672,14.301191
70.3125,101.865234,24.609375,76.640625,28.21289,14.301191
70.13672,101.865234,24.609375,77.08008,28.21289,14.301191
69.96094,101.865234,24.609375,77.43164,28.21289,14.301191
69.78516,101.865234,24.609375,78.046875,28.21289,14.301191
69.43359,101.865234,24.609375,78.83789,28.21289,14.301191
68.99414,101.865234,24.697266,79.80469,28.21289,14.301191
68.64258,101.865234,25.136719,81.03516,28.21289,14.301191
68.115234,101.60156,25.40039,82.61719,28.21289,14.301191
67.67578,100.89844,25.488281,84.11133,28.21289,14.301191
67.41211,100.01953,25.488281,85.69336,28.21289,14.301191
67.23633,98.96484,25.488281,87.27539,28.21289,14.301191
67.14844,97.822266,25.488281,88.68164,28.21289,14.301191
67.14844,96.76758,25.488281,89.73633,28.21289,14.301191
67.14844,95.71289,25.488281,90.35156,28.21289,14.301191
67.23633,94.74609,25.488281,90.9668,28.21289,14.301191
67.32422,94.13086,25.40039,91.49414,28.21289,14.301191
67.32422,93.7793,25.40039,91.75781,28.21289,14.301191
67.41211,93.25195,25.3125,91.75781,28.21289,14.301191
67.41211,92.90039,24.873047,91.93359,28.21289,14.301191
67.41211,92.37305,24.433594,91.8457,28.21289,14.301191
67.5,91.93359,24.169922,91.75781,28.21289,14.301191
67.58789,91.66992,23.81836,91.75781,28.21289,14.301191
67.67578,91.14258,23.466797,91.66992,28.21289,14.301191
68.115234,90.791016,23.203125,91.49414,28.21289,14.301191
68.203125,90.703125,23.027344,91.31836,28.03711,15.709643
68.203125,90.703125,23.027344,91.31836,27.685547,19.501625
68.291016,90.703125,23.027344,91.40625,27.421875,25.352112
68.291016,90.703125,22.939453,91.49414,27.333984,32.286026
68.291016,90.703125,22.939453,91.49414,27.158203,41.27844
68.291016,90.703125,22.939453,91.8457,27.158203,50.3792
68.291016,90.52734,22.939453,91.93359,27.158203,59.913326
68.291016,90.17578,22.939453,92.021484,27.158203,69.55579
68.291016,89.64844,22.939453,92.54883,27.158203,78.439865
68.291016,89.208984,22.939453,92.72461,27.158203,85.59046
68.115234,88.94531,22.8515625,92.8125,27.158203,90.24918
68.02734,88.76953,22.763672,92.90039,27.158203,93.28277
67.93945,88.76953,22.675781,92.90039,27.0703125,95.124596
67.93945,88.85742,22.58789,92.90039,26.63086,96.424706
67.93945,88.85742,22.41211,92.90039,26.3671875,97.1831
68.02734,88.85742,22.236328,92.90039,26.191406,97.724815
68.02734,88.85742,22.236328,92.90039,26.191406,98.15818
68.02734,88.85742,22.236328,92.90039,26.103516,98.15818
68.02734,88.85742,22.236328,92.90039,26.103516,97.9415
67.93945,88.85742,22.236328,92.98828,26.103516,97.9415
67.93945,88.85742,22.236328,93.515625,26.103516,96.85807
67.93945,88.85742,22.236328,93.7793,26.103516,94.14951
67.93945,88.85742,22.236328,93.7793,26.015625,88.73239
67.93945,88.94531,22.236328,93.7793,25.576172,81.5818
67.93945,89.12109,22.236328,93.7793,25.40039,73.131096
67.93945,89.296875,22.236328,93.7793,25.22461,64.030334
67.76367,89.56055,22.236328,93.7793,25.136719,54.60455
67.5,89.91211,22.060547,93.7793,25.136719,45.28711
67.41211,90.35156,21.796875,93.7793,25.136719,35.75298
67.23633,90.9668,21.708984,93.7793,25.136719,26.218853
67.14844,91.58203,21.708984,93.7793,25.136719,17.87649
67.14844,92.197266,21.708984,93.7793,25.136719,11.592632
67.14844,92.72461,21.708984,93.7793,25.136719,7.4756227
67.14844,93.07617,21.708984,93.7793,25.136719,4.8754063
66.708984,93.33984,21.708984,93.7793,25.136719,4.0086675
66.5332,93.515625,21.708984,93.7793,24.9609375,3.0335863
66.35742,93.86719,21.708984,93.7793,24.609375,2.0585048
65.6543,94.30664,21.708984,93.7793,24.433594,1.5167931
64.77539,94.921875,21.708984,93.7793,24.2578125,1.191766
63.54492,95.625,21.708984,93.7793,24.169922,0.8667389
61.96289,96.50391,21.708984,93.7793,24.082031,0.8667389
60.1171875,97.29492,22.060547,93.7793,24.082031,0.8667389
57.91992,98.26172,22.8515625,93.7793,24.082031,0.8667389
55.371094,99.228516,23.642578,93.95508,24.082031,0.8667389
52.734375,100.19531,24.082031,94.48242,24.082031,0.8667389
49.746094,101.16211,24.785156,94.74609,24.082031,0.8667389
46.14258,102.12891,25.136719,94.74609,23.90625,0.8667389
42.36328,103.0957,25.3125,94.74609,23.5546875,0.8667389
38.14453,104.23828,25.839844,94.74609,23.378906,0.8667389
33.83789,105.64453,26.71875,94.74609,23.203125,0.8667389
29.267578,106.78711,27.0703125,94.74609,23.203125,0.8667389
24.433594,107.92969,27.333984,94.74609,23.291016,0.8667389
20.478516,109.072266,27.861328,95.009766,23.642578,0.8667389
16.78711,110.12695,28.125,95.53711,23.730469,0.8667389
13.447266,111.09375,28.21289,96.06445,23.81836,0.8667389
10.722656,112.06055,28.21289,96.5918,24.169922,0.8667389
8.0859375,113.203125,28.740234,96.76758,24.433594,0.8667389
5.44921875,114.78516,29.53125,96.67969,24.785156,0.8667389
3.0761719,116.63086,30.5859375,96.5918,25.3125,0.8667389
1.7578125,118.30078,31.552734,96.5918,25.488281,0.8667389
1.6699219,120.05859,32.43164,96.67969,25.6640625,0.8667389
1.4941406,122.16797,33.3984375,96.94336,25.576172,0.8667389
2.3730469,124.453125,34.541016,96.94336,25.22461,0.8667389
2.4609375,127.00195,35.771484,97.03125,25.22461,0.8667389
2.28515625,129.99023,37.265625,97.55859,25.136719,0.8667389
1.7578125,133.59375,39.11133,97.99805,25.136719,0.8667389
2.1972656,137.46094,41.396484,98.61328,24.9609375,0.8667389
3.515625,141.94336,43.85742,99.228516,24.609375,0.8667389
5.185547,146.60156,46.49414,100.2832,24.169922,0.8667389
6.6796875,151.25977,49.13086,101.16211,23.642578,0.8667389
7.998047,156.6211,51.503906,102.2168,22.939453,0.8667389
8.525391,161.63086,53.52539,103.0957,22.5,0.8667389
9.228516,166.46484,55.1953125,103.359375,22.1484375,0.8667389
9.228516,170.859375,55.546875,104.0625,21.621094,0.8667389
9.84375,174.99023,56.42578,104.50195,21.796875,0.8667389
10.458984,178.50586,58.0078125,105.29297,21.269531,0.8667389
11.777344,181.31836,61.171875,103.97461,21.00586,0.8667389
12.480469,183.60352,64.86328,102.30469,21.00586,0.8667389
12.568359,185.88867,69.25781,100.19531,21.09375,0.8667389
12.65625,188.17383,73.916016,97.91016,21.09375,0.8667389
12.65625,189.140625,78.046875,95.88867,21.18164,0.8667389
12.128906,189.4043,82.44141,94.21875,21.09375,0.8667389
12.128906,189.58008,87.62695,92.197266,21.09375,0.8667389
12.480469,189.75586,91.93359,90.17578,21.09375,0.8667389
12.3046875,189.66797,96.15234,87.978516,21.09375,0.8667389
12.744141,189.75586,99.93164,85.42969,21.09375,0.8667389
11.865234,189.75586,103.71094,83.05664,21.18164,0.8667389
10.283203,189.75586,107.8418,80.50781,21.533203,0.8667389
9.140625,189.75586,111.97266,78.31055,21.18164,0.8667389
8.0859375,189.75586,115.75195,76.11328,20.302734,0.8667389
7.294922,189.75586,119.53125,74.53125,19.511719,0.8667389
7.1191406,189.75586,123.39844,73.21289,18.896484,0.8667389
7.20703125,189.75586,127.00195,72.24609,18.457031,0.8667389
7.20703125,189.75586,130.42969,71.36719,17.841797,0.8667389
7.294922,189.75586,134.0332,70.66406,17.314453,0.8667389
7.294922,189.75586,137.37305,69.96094,16.5234375,0.8667389
7.20703125,189.75586,140.53711,69.521484,15.292969,0.8667389
7.20703125,189.75586,143.4375,69.25781,14.326172,0.8667389
7.55859375,189.75586,146.51367,69.08203,13.447266,0.8667389
7.734375,189.75586,149.50195,68.99414,12.744141,0.8667389
7.998047,189.75586,152.7539,69.25781,11.953125,0.8667389
8.349609,189.75586,155.74219,69.521484,11.074219,0.8667389
8.613281,189.75586,158.55469,69.78516,9.931641,0.8667389
8.876953,189.75586,161.36719,69.87305,8.613281,0.8667389
9.052734,189.58008,163.38867,69.609375,7.734375,0.8667389
9.228516,189.66797,164.53125,70.40039,6.2402344,0.8667389
9.667969,189.66797,165.84961,70.66406,5.09765625,0.8667389
10.107422,189.66797,166.640625,70.66406,3.8671875,0.8667389
10.458984,189.66797,167.08008,70.57617,3.6035156,0.8667389
10.8984375,189.66797,167.43164,70.48828,3.9550781,0.8667389
11.25,189.66797,167.60742,70.3125,4.39453125,0.8667389
11.513672,189.66797,167.60742,70.48828,4.5703125,0.8667389
11.513672,189.66797,167.60742,70.66406,4.5703125,0.8667389
11.162109,189.66797,167.60742,71.015625,4.21875,0.8667389
10.634766,189.66797,167.60742,71.45508,3.33984375,0.8667389
10.458984,189.66797,167.60742,71.63086,2.63671875,0.8667389
10.1953125,189.66797,167.60742,71.80664,2.0214844,0.8667389
9.931641,189.66797,167.60742,71.80664,1.6699219,0.8667389
9.755859,189.66797,167.60742,71.80664,1.40625,0.8667389
9.755859,189.66797,167.60742,71.80664,1.23046875,0.8667389
9.755859,189.66797,167.60742,71.80664,1.23046875,0.8667389
9.755859,189.66797,167.60742,71.80664,1.23046875,0.8667389
9.755859,189.66797,167.60742,71.80664,1.23046875,0.8667389
9.755859,189.66797,167.60742,71.80664,1.23046875,0.8667389
9.755859,189.66797,167.60742,71.80664,1.23046875,0.8667389
9.755859,189.66797,167.60742,71.80664,1.23046875,0.8667389
9.755859,189.66797,167.60742,71.80664,1.23046875,0.8667389
9.931641,189.66797,167.60742,71.80664,1.23046875,0.8667389
10.283203,189.66797,167.60742,71.80664,1.23046875,0.8667389
10.546875,189.66797,167.60742,71.80664,1.23046875,0.8667389
10.722656,189.66797,167.60742,71.80664,1.23046875,0.8667389
10.810547,189.66797,167.60742,71.80664,1.23046875,0.8667389
10.810547,189.66797,167.60742,71.80664,1.23046875,0.8667389
10.722656,189.66797,167.60742,71.80664,1.23046875,0.8667389
10.722656,189.66797,167.60742,71.80664,1.23046875,0.8667389
10.722656,189.66797,167.60742,71.80664,1.23046875,0.8667389
10.722656,189.66797,167.60742,71.80664,1.23046875,0.8667389
10.722656,189.66797,167.60742,71.80664,1.23046875,0.8667389
10.722656,189.66797,167.60742,71.80664,1.23046875,0.8667389
10.722656,189.66797,167.60742,71.80664,1.23046875,0.8667389
10.722656,189.66797,167.60742,71.80664,1.23046875,0.8667389
10.722656,189.66797,167.60742,71.80664,1.23046875,0.8667389
10.722656,189.66797,167.60742,71.80664,1.23046875,0.8667389
10.722656,189.66797,167.60742,71.80664,1.23046875,0.8667389
10.722656,189.66797,167.60742,71.80664,1.23046875,0.8667389
10.722656,189.66797,167.60742,71.80664,1.23046875,0.8667389
10.722656,189.66797,167.60742,71.80664,1.23046875,0.8667389
10.722656,189.66797,167.60742,71.80664,1.23046875,0.8667389
10.722656,189.66797,167.60742,71.80664,1.23046875,0.8667389
10.722656,189.66797,167.60742,71.80664,1.23046875,0.8667389
10.722656,189.66797,167.60742,71.80664,1.23046875,0.8667389
10.722656,189.66797,167.60742,71.80664,1.23046875,0.8667389
10.722656,189.66797,167.60742,71.80664,1.23046875,0.8667389
10.722656,189.66797,167.60742,71.80664,1.23046875,0.8667389
10.722656,189.66797,167.60742,71.80664,1.7578125,0.8667389
7.734375,189.75586,167.60742,71.80664,3.7792969,0.8667389
3.9550781,189.75586,167.60742,71.80664,4.658203,0.8667389
1.58203125,189.75586,167.60742,71.80664,5.2734375,0.8667389
0.7910156,189.75586,167.60742,71.80664,5.888672,0.8667389
1.1425781,189.75586,167.60742,71.80664,6.6796875,0.8667389
0.52734375,189.75586,167.60742,71.80664,6.4160156,0.8667389
0.087890625,189.75586,167.60742,71.80664,6.328125,0.8667389
-0.7910156,189.75586,167.60742,71.80664,6.50390625,0.8667389
-1.23046875,189.75586,167.60742,71.80664,6.591797,0.8667389
-1.23046875,189.75586,167.60742,71.80664,6.6796875,0.8667389
-1.23046875,189.75586,167.60742,71.80664,6.767578,0.8667389
-1.23046875,189.75586,167.60742,71.80664,6.85546875,0.8667389
-1.23046875,189.75586,167.60742,71.80664,6.85546875,0.8667389
-1.23046875,189.75586,167.60742,71.80664,6.85546875,0.8667389
-1.23046875,189.75586,167.60742,71.80664,6.85546875,0.8667389
-1.23046875,189.75586,167.60742,71.80664,6.85546875,0.8667389
-1.23046875,189.75586,167.60742,71.80664,6.85546875,0.8667389
-1.23046875,189.75586,167.60742,71.80664,6.767578,0.8667389
-1.23046875,189.75586,167.60742,71.80664,6.6796875,0.8667389
-1.23046875,189.75586,167.60742,71.80664,6.50390625,0.8667389
-1.23046875,189.75586,167.60742,71.80664,6.591797,0.8667389
-1.23046875,189.75586,167.60742,71.80664,6.15234375,0.8667389
-1.23046875,189.75586,167.60742,71.80664,5.7128906,0.8667389
-1.23046875,189.75586,167.60742,71.80664,5.2734375,0.8667389
-1.4941406,189.75586,167.60742,71.80664,4.74609375,0.8667389
-2.109375,189.75586,167.60742,71.80664,4.482422,0.8667389
-2.3730469,189.75586,167.60742,71.80664,4.482422,0.8667389
-2.7246094,189.75586,167.60742,71.80664,4.74609375,0.8667389
-3.2519531,189.75586,167.60742,71.80664,5.0097656,0.8667389
-3.515625,189.75586,167.60742,71.80664,5.2734375,0.8667389
-3.515625,189.75586,167.60742,71.80664,5.5371094,0.8667389
-3.515625,189.75586,167.60742,71.80664,5.5371094,0.8667389
-3.4277344,189.75586,167.60742,71.80664,5.361328,0.8667389
-2.8125,189.75586,167.60742,71.80664,5.0097656,0.8667389
-1.93359375,189.75586,167.60742,71.89453,4.74609375,0.8667389
-1.23046875,189.75586,167.60742,71.89453,4.482422,0.8667389
-0.6152344,189.75586,167.60742,71.98242,3.8671875,0.8667389
0.087890625,189.3164,167.60742,71.98242,3.33984375,0.8667389
0.7910156,188.17383,167.16797,71.63086,2.8125,0.8667389
1.3183594,186.06445,166.46484,70.83984,2.5488281,0.8667389
1.93359375,183.07617,163.47656,71.45508,1.8457031,0.8667389
1.6699219,179.38477,161.015625,72.509766,2.109375,0.8667389
1.8457031,174.99023,156.97266,74.35547,1.93359375,0.8667389
1.7578125,170.33203,151.96289,76.28906,2.5488281,0.8667389
1.40625,165.58594,146.33789,78.57422,3.2519531,0.8667389
1.40625,160.3125,141.15234,81.65039,3.515625,0.8667389
1.58203125,156.70898,135.43945,83.93555,3.9550781,0.8667389
1.4941406,153.28125,129.55078,86.2207,4.5703125,0.8667389
1.0546875,150.29297,124.10156,88.33008,5.185547,0.8667389
0.703125,147.30469,118.21289,91.49414,6.15234375,0.8667389
0.087890625,144.22852,112.06055,95.27344,6.9433594,0.8667389
-0.087890625,140.88867,105.9082,98.70117,8.0859375,0.8667389
-0.087890625,137.28516,99.84375,101.25,9.052734,0.8667389
-0.263671875,133.94531,93.7793,103.00781,9.931641,0.8667389
-0.17578125,131.39648,87.802734,103.97461,10.810547,0.8667389
-0.3515625,129.46289,82.177734,104.41406,11.689453,0.8667389
-0.52734375,127.88086,77.51953,104.50195,12.744141,0.8667389
-0.7910156,126.73828,74.00391,104.94141,13.7109375,0.8667389
-0.9667969,125.41992,71.45508,105.73242,14.677734,0.8667389
-0.7910156,124.18945,69.43359,105.82031,15.8203125,0.8667389
-0.6152344,123.134766,67.93945,105.82031,16.611328,0.8667389
-0.263671875,121.81641,66.26953,105.9082,17.666016,0.8667389
-0.17578125,120.41016,64.6875,105.9082,18.6328125,0.8667389
-0.087890625,118.740234,63.01758,105.9082,19.6875,0.8667389
-0.17578125,117.07031,61.5234375,105.9082,20.566406,0.8667389
-0.263671875,115.48828,60.20508,105.9082,21.708984,0.8667389
-0.263671875,113.99414,59.0625,105.9082,22.5,0.8667389
-0.263671875,112.76367,58.359375,105.9082,23.115234,0.8667389
-0.263671875,111.62109,57.48047,105.99609,23.81836,0.8667389
-0.17578125,110.478516,57.041016,105.9082,24.433594,0.8667389
0.087890625,109.42383,57.041016,105.9082,24.9609375,0.8667389
0.439453125,108.28125,57.041016,105.9082,25.3125,0.8667389
1.0546875,107.22656,56.953125,105.9082,25.488281,0.8667389
1.6699219,106.52344,56.865234,105.9082,25.576172,0.8667389
2.3730469,105.9082,56.865234,105.9082,25.3125,0.9750812
3.1640625,105.11719,56.42578,105.99609,25.136719,2.0585048
3.515625,104.50195,55.634766,105.82031,25.048828,4.1170096
3.69140625,103.79883,55.10742,105.82031,24.697266,6.8255687
3.69140625,103.359375,54.404297,105.9082,24.433594,9.859155
3.515625,103.18359,53.964844,105.9082,24.2578125,12.567714
3.33984375,103.18359,53.70117,105.9082,24.169922,16.03467
3.2519531,103.271484,53.52539,105.9082,24.082031,19.609966
3.0761719,103.271484,53.52539,105.9082,24.082031,23.510292
2.7246094,103.271484,53.52539,105.9082,24.082031,27.735645
2.3730469,103.271484,53.61328,105.9082,24.082031,32.394367
1.93359375,103.271484,53.964844,105.9082,24.082031,35.96966
1.6699219,103.271484,54.404297,105.9082,24.082031,38.569878
1.1425781,103.359375,55.10742,105.9082,24.082031,40.30336
0.703125,103.271484,55.458984,105.9082,24.082031,41.603466
0.52734375,103.271484,55.458984,105.9082,24.082031,42.470203
0.52734375,103.271484,55.546875,105.9082,24.082031,42.903576
0.6152344,103.359375,55.98633,105.9082,24.082031,43.228603
0.703125,103.359375,56.33789,105.9082,24.082031,43.987
0.7910156,103.18359,57.128906,105.73242,23.90625,44.962082
0.7910156,102.91992,58.095703,105.82031,23.5546875,46.0455
0.703125,102.65625,59.0625,105.55664,23.291016,47.77898
0.6152344,102.56836,60.64453,104.50195,23.203125,49.6208
0.6152344,102.56836,62.666016,102.74414,22.939453,50.812565
0.6152344,102.91992,65.390625,100.458984,22.5,51.78765
0.87890625,103.359375,68.291016,98.26172,22.324219,52.546047
1.1425781,103.71094,71.45508,95.88867,22.1484375,53.08776
1.3183594,103.88672,74.70703,93.86719,22.1484375,53.62947
1.58203125,103.88672,77.69531,91.66992,22.1484375,54.062836
1.58203125,103.79883,80.41992,89.384766,22.1484375,54.387867
1.58203125,103.79883,82.96875,87.1875,22.1484375,54.496212
1.58203125,103.79883,84.990234,85.51758,22.1484375,54.821236
1.58203125,103.18359,86.83594,84.02344,22.1484375,55.2546
1.58203125,102.041016,88.1543,82.08984,22.1484375,55.687977
1.58203125,100.89844,89.73633,79.80469,22.060547,56.013
1.58203125,99.75586,91.14258,77.958984,21.708984,56.013
1.58203125,98.34961,91.8457,76.81641,21.269531,56.013
1.58203125,96.94336,92.63672,74.79492,21.18164,56.013
1.58203125,95.27344,93.07617,72.86133,21.09375,56.013
1.58203125,93.33984,93.25195,71.19141,21.09375,56.013
1.58203125,91.66992,93.33984,69.697266,21.09375,56.013
1.58203125,90.0,93.33984,68.37891,21.09375,56.013
1.58203125,88.24219,93.33984,67.14844,21.09375,55.904655
1.58203125,86.83594,93.07617,66.5332,21.621094,55.904655
1.58203125,85.95703,92.98828,66.09375,21.09375,54.929577
1.6699219,84.72656,92.98828,65.91797,20.390625,54.496212
2.109375,83.759766,93.33984,65.390625,20.0390625,54.279526
2.3730469,83.14453,93.95508,64.51172,19.6875,53.521126
2.5488281,83.32031,94.833984,63.54492,19.863281,52.546047
2.63671875,82.96875,95.625,62.666016,19.59961,50.812565
2.8125,83.05664,96.15234,61.96289,19.072266,47.34561
2.98828125,83.23242,96.416016,61.5234375,18.896484,43.228603
3.0761719,83.23242,96.50391,60.908203,18.896484,36.29469
3.0761719,83.23242,96.5918,60.38086,18.457031,28.385698
3.0761719,83.32031,96.67969,60.029297,18.017578,20.585049
3.0761719,83.4082,96.67969,59.853516,17.841797,16.03467
3.0761719,83.49609,96.416016,59.677734,17.753906,14.842903
3.0761719,83.93555,96.240234,59.589844,17.666016,14.626219
3.0761719,84.375,95.88867,59.589844,17.666016,14.626219
3.0761719,84.90234,95.625,59.677734,17.314453,14.626219
3.0761719,85.3418,95.53711,59.853516,17.314453,14.626219
3.0761719,85.86914,95.44922,59.941406,17.314453,14.626219
3.0761719,86.66016,95.36133,60.029297,17.314453,14.626219
3.0761719,87.802734,95.36133,60.64453,17.314453,14.626219
3.0761719,88.50586,95.09766,61.259766,17.314453,14.626219
3.33984375,89.0332,94.74609,63.10547,17.314453,14.517877
3.69140625,89.91211,94.74609,64.24805,17.753906,14.517877
4.1308594,90.87891,94.74609,65.91797,17.753906,14.517877
4.658203,92.28516,94.74609,67.41211,17.666016,14.517877
5.185547,94.04297,94.74609,69.521484,18.105469,14.517877
5.80078125,96.240234,94.6582,71.2793,17.402344,14.517877
6.328125,98.52539,94.04297,72.94922,17.138672,14.517877
7.03125,100.72266,92.72461,74.9707,17.050781,14.517877
7.734375,102.91992,90.9668,77.16797,16.699219,14.517877
8.525391,105.20508,89.208984,79.365234,16.5234375,14.517877
9.404297,107.13867,87.09961,81.47461,16.259766,14.517877
10.458984,108.80859,84.72656,83.93555,16.171875,14.517877
11.777344,109.86328,81.82617,86.396484,15.644531,14.517877
13.095703,110.6543,78.48633,89.12109,15.380859,14.517877
14.589844,111.18164,74.88281,92.021484,15.1171875,14.517877
16.347656,111.26953,70.66406,95.18555,14.765625,14.517877
18.28125,111.26953,66.18164,98.61328,14.326172,14.517877
20.566406,111.09375,60.996094,101.33789,13.183594,14.517877
23.203125,110.91797,55.634766,102.91992,12.392578,14.517877
26.103516,110.91797,50.36133,103.88672,11.425781,14.517877
29.355469,111.00586,45.527344,104.32617,10.458984,14.517877
32.6953125,111.18164,41.396484,104.50195,9.580078,14.409534
36.29883,111.26953,37.96875,104.765625,8.613281,14.409534
39.63867,111.26953,35.33203,104.853516,7.91015625,14.409534
42.802734,111.26953,32.871094,104.853516,7.20703125,14.409534
45.703125,111.18164,30.761719,104.677734,6.85546875,14.409534
48.251953,111.18164,29.267578,103.88672,6.767578,14.301191
50.53711,111.26953,28.21289,102.48047,6.767578,14.301191
52.558594,111.26953,27.333984,100.89844,7.03125,14.301191
54.228516,111.26953,26.80664,99.4043,7.6464844,14.301191
55.722656,111.09375,26.3671875,98.08594,8.261719,14.301191
57.3046875,110.6543,25.927734,97.03125,8.876953,14.301191
58.447266,110.03906,25.488281,95.97656,9.4921875,14.301191
59.589844,109.24805,25.22461,95.36133,9.931641,14.301191
60.38086,108.36914,24.9609375,95.009766,10.458984,14.301191
60.8203125,107.13867,24.609375,94.74609,11.162109,14.301191
61.083984,105.82031,24.345703,94.57031,11.777344,14.301191
61.083984,104.50195,24.2578125,94.48242,12.3046875,14.301191
61.5234375,102.83203,23.81836,94.21875,12.919922,14.301191
61.78711,101.16211,23.203125,93.7793,13.271484,14.301191
61.875,99.66797,23.027344,93.33984,13.447266,14.301191
62.2265625,98.17383,22.939453,92.90039,13.623047,14.301191
62.490234,96.67969,22.939453,92.72461,13.7109375,14.301191
62.490234,95.36133,22.939453,92.72461,13.798828,14.301191
62.490234,94.04297,22.939453,92.72461,13.798828,14.301191
62.2265625,93.16406,22.939453,92.72461,13.798828,14.301191
61.96289,92.37305,22.939453,92.72461,13.974609,14.301191
61.875,91.93359,22.939453,92.72461,14.326172,14.301191
61.78711,91.31836,22.939453,92.98828,14.501953,14.301191
61.69922,90.9668,22.939453,93.07617,14.589844,14.301191
61.69922,90.615234,22.939453,93.07617,14.765625,14.301191
61.78711,90.08789,22.939453,93.16406,14.765625,14.301191
61.875,89.73633,22.939453,93.603516,14.765625,14.301191
61.875,89.64844,22.939453,93.95508,14.677734,14.301191
61.96289,89.47266,22.939453,94.57031,14.4140625,14.301191
61.96289,89.47266,22.939453,95.009766,14.238281,14.301191
61.875,89.12109,22.939453,95.53711,14.238281,14.301191
61.78711,88.85742,22.939453,95.71289,14.238281,14.301191
61.78711,88.33008,22.763672,95.80078,14.238281,14.409534
61.96289,87.802734,22.324219,95.88867,14.238281,15.276273
62.13867,87.53906,21.796875,95.88867,14.238281,18.201517
62.402344,87.45117,21.533203,96.06445,14.150391,23.510292
62.578125,87.45117,21.4453125,96.06445,13.623047,29.685806
62.578125,87.45117,21.357422,96.06445,13.359375,38.136513
62.578125,87.45117,21.357422,96.06445,13.183594,47.67064
62.578125,87.36328,21.357422,96.06445,13.183594,56.663055
62.753906,87.09961,21.357422,96.06445,13.183594,66.52221
63.01758,87.01172,21.357422,96.06445,13.0078125,75.62297
63.28125,86.572266,21.269531,96.06445,12.568359,83.53197
63.36914,86.13281,21.269531,96.06445,12.392578,88.94908
63.54492,85.86914,21.269531,96.06445,12.216797,92.30769
63.54492,85.69336,21.269531,96.06445,12.128906,94.58288
63.54492,85.60547,21.18164,96.06445,12.128906,95.99133
63.54492,85.60547,20.917969,96.06445,12.128906,96.64139
63.54492,85.60547,20.654297,96.06445,12.128906,96.64139
63.45703,85.60547,20.478516,96.15234,12.128906,96.31636
63.45703,85.60547,20.390625,96.5918,12.128906,95.44962
63.36914,85.60547,20.302734,96.67969,12.128906,93.28277
63.28125,85.60547,20.302734,96.67969,12.128906,89.49079
63.10547,85.60547,20.302734,96.94336,11.953125,83.20693
63.01758,85.60547,20.302734,97.38281,11.6015625,74.972916
62.841797,85.60547,20.302734,97.734375,11.425781,66.19718
62.841797,85.95703,20.302734,97.734375,11.513672,56.87974
62.841797,86.30859,20.302734,97.734375,11.689453,47.34561
62.9296875,86.74805,20.302734,97.55859,11.777344,38.136513
63.01758,87.1875,20.302734,97.55859,11.689453,28.602383
63.01758,87.53906,20.302734,97.55859,11.337891,19.934994
62.753906,87.71484,20.302734,97.55859,11.25,13.001082
62.402344,87.802734,20.302734,97.734375,11.25,8.342362
61.96289,87.978516,20.302734,97.91016,11.25,5.417118
61.435547,88.33008,20.302734,97.91016,11.25,4.1170096
60.55664,88.76953,20.302734,97.91016,11.337891,3.2502706
59.4140625,89.47266,20.302734,97.91016,11.6015625,2.2751896
58.095703,90.43945,20.302734,97.91016,11.777344,1.6251353
56.33789,91.14258,20.302734,97.91016,11.777344,1.191766
54.404297,92.021484,20.302734,97.91016,11.953125,0.9750812
51.76758,92.90039,20.302734,97.91016,12.3046875,0.8667389
48.427734,93.69141,20.302734,97.91016,12.392578,0.8667389
44.472656,94.6582,20.302734,97.91016,12.128906,0.8667389
40.166016,95.88867,20.566406,97.91016,12.041016,0.8667389
35.33203,97.11914,21.18164,97.91016,12.216797,0.8667389
30.146484,98.34961,21.884766,97.734375,12.832031,0.8667389
25.576172,99.75586,22.236328,97.734375,13.447266,0.8667389
21.621094,100.98633,22.5,97.734375,14.150391,0.8667389
17.841797,102.39258,22.939453,97.734375,15.029297,0.8667389
14.501953,103.79883,23.115234,97.734375,15.732422,0.8667389
11.337891,105.38086,23.730469,97.734375,16.435547,0.8667389
8.525391,106.96289,24.697266,97.822266,17.666016,0.8667389
6.50390625,108.896484,25.6640625,97.99805,19.072266,0.8667389
5.0097656,110.83008,26.80664,98.08594,20.126953,0.8667389
3.8671875,113.115234,28.03711,98.08594,20.7421875,0.8667389
3.4277344,115.57617,29.355469,98.08594,21.09375,0.8667389
3.33984375,118.47656,31.02539,98.08594,21.621094,0.8667389
3.4277344,121.552734,33.046875,98.08594,21.884766,0.8667389
3.7792969,124.98047,35.41992,98.08594,21.884766,0.8667389
4.921875,129.02344,38.14453,98.08594,22.324219,0.8667389
6.4160156,133.41797,41.220703,97.99805,22.5,0.8667389
8.0859375,138.25195,44.91211,97.646484,22.675781,0.8667389
9.931641,143.70117,48.691406,97.29492,22.675781,0.8667389
10.722656,149.41406,52.646484,97.29492,22.675781,0.8667389
10.810547,155.03906,56.16211,97.734375,22.8515625,0.8667389
11.337891,160.66406,58.88672,98.61328,23.466797,0.8667389
12.216797,165.76172,60.73242,99.49219,23.99414,0.8667389
12.65625,170.77148,62.402344,100.546875,24.345703,0.8667389
12.919922,174.63867,63.19336,99.66797,24.609375,0.8667389
13.359375,178.50586,64.77539,100.72266,24.873047,0.8667389
13.447266,181.05469,66.62109,101.16211,25.136719,0.8667389
13.183594,182.37305,68.99414,100.72266,24.609375,0.8667389
12.392578,183.16406,71.36719,100.01953,24.521484,0.8667389
11.513672,184.21875,74.44336,99.4043,24.082031,0.8667389
10.8984375,185.18555,76.728516,98.52539,23.5546875,0.8667389
10.634766,186.24023,79.453125,97.20703,23.203125,0.8667389
10.546875,187.03125,82.353516,95.009766,22.5,0.8667389
10.634766,187.82227,85.69336,92.90039,21.708984,0.8667389
10.458984,188.26172,89.0332,90.791016,21.09375,0.8667389
10.283203,188.87695,92.72461,88.24219,20.478516,0.8667389
10.1953125,189.49219,97.11914,85.51758,19.951172,0.8667389
10.1953125,189.66797,101.60156,83.32031,19.59961,0.8667389
9.84375,189.66797,106.171875,80.947266,19.3359375,0.8667389
9.580078,189.66797,110.478516,78.92578,18.984375,0.8667389
8.876953,189.66797,114.96094,76.728516,18.457031,0.8667389
8.173828,189.66797,119.00391,74.44336,17.841797,0.8667389
7.734375,189.66797,123.31055,72.509766,17.490234,0.8667389
7.20703125,189.66797,127.44141,70.57617,17.138672,0.8667389
7.03125,189.66797,131.66016,68.64258,16.611328,0.8667389
6.85546875,189.66797,135.52734,67.06055,15.556641,0.8667389
6.767578,189.66797,139.04297,66.00586,15.029297,0.8667389
6.767578,189.66797,142.11914,65.302734,14.501953,0.8667389
6.85546875,189.66797,145.10742,64.77539,13.7109375,0.8667389
7.1191406,189.66797,148.00781,64.59961,13.0078125,0.8667389
7.55859375,189.66797,150.46875,64.95117,12.65625,0.8667389
7.998047,189.66797,152.8418,65.302734,12.392578,0.8667389
8.525391,189.66797,155.30273,65.91797,12.3046875,0.8667389
9.052734,189.66797,157.14844,66.708984,11.953125,0.8667389
9.404297,189.66797,158.55469,67.67578,11.6015625,0.8667389
9.4921875,189.66797,160.3125,68.81836,11.162109,0.8667389
9.4921875,189.66797,161.71875,69.96094,10.634766,0.8667389
9.140625,189.66797,162.68555,70.75195,10.019531,0.8667389
8.701172,189.66797,163.47656,71.80664,9.316406,0.8667389
8.0859375,189.66797,163.74023,72.421875,8.7890625,0.8667389
7.55859375,189.66797,164.70703,72.94922,8.613281,0.8667389
7.03125,189.66797,165.84961,73.47656,8.4375,0.8667389
6.328125,189.66797,166.640625,73.740234,8.349609,0.8667389
6.064453,189.66797,167.08008,73.916016,8.173828,0.8667389
6.064453,189.66797,167.34375,73.916016,8.173828,0.8667389
6.15234375,189.66797,167.51953,73.740234,8.0859375,0.8667389
6.15234375,189.66797,167.60742,73.828125,7.3828125,0.8667389
6.15234375,189.66797,167.60742,73.828125,5.9765625,0.8667389
6.15234375,189.66797,167.60742,73.740234,4.74609375,0.75839657
6.064453,189.66797,167.60742,73.56445,3.8671875,0.65005416
6.064453,189.66797,167.60742,73.56445,3.7792969,0.65005416
6.15234375,189.66797,167.60742,73.47656,3.515625,0.65005416
6.15234375,189.66797,167.60742,73.38867,3.1640625,0.65005416
6.15234375,189.66797,167.60742,73.30078,2.63671875,0.65005416
6.15234375,189.66797,167.60742,73.21289,2.3730469,0.65005416
6.15234375,189.66797,167.60742,73.21289,2.1972656,0.65005416
6.15234375,189.66797,167.60742,73.21289,2.1972656,0.65005416
6.15234375,189.66797,167.60742,73.21289,2.1972656,0.65005416
6.15234375,189.66797,167.60742,73.21289,2.1972656,0.65005416
6.15234375,189.66797,167.60742,73.21289,2.1972656,0.65005416
6.15234375,189.66797,167.60742,73.21289,2.1972656,0.65005416
6.15234375,189.66797,167.60742,73.21289,2.1972656,0.65005416
6.15234375,189.66797,167.60742,73.30078,2.1972656,0.65005416
6.15234375,189.66797,167.60742,73.30078,2.1972656,0.65005416
6.15234375,189.66797,167.60742,73.30078,2.1972656,0.65005416
6.15234375,189.66797,167.60742,73.30078,2.1972656,0.65005416
6.15234375,189.66797,167.60742,73.30078,2.1972656,0.65005416
6.15234375,189.66797,167.60742,73.30078,2.1972656,0.65005416
6.15234375,189.66797,167.60742,73.30078,2.1972656,0.65005416
6.15234375,189.66797,167.60742,73.30078,2.1972656,0.65005416
6.15234375,189.66797,167.60742,73.30078,2.1972656,0.65005416
6.15234375,189.66797,167.60742,73.30078,2.1972656,0.65005416
6.15234375,189.66797,167.60742,73.30078,2.1972656,0.65005416
6.15234375,189.66797,167.60742,73.30078,2.1972656,0.65005416
6.15234375,189.66797,167.60742,73.30078,2.1972656,0.65005416
6.15234375,189.66797,167.60742,73.30078,2.1972656,0.65005416
6.15234375,189.66797,167.60742,73.30078,2.1972656,0.65005416
6.15234375,189.66797,167.60742,73.30078,2.1972656,0.65005416
6.15234375,189.66797,167.60742,73.30078,2.1972656,0.65005416
6.15234375,189.66797,167.60742,73.30078,2.1972656,0.65005416
6.15234375,189.66797,167.60742,73.30078,2.1972656,0.65005416
6.15234375,189.66797,167.60742,73.30078,2.1972656,0.65005416
6.15234375,189.66797,167.60742,73.30078,2.1972656,0.65005416
6.15234375,189.66797,167.60742,73.30078,2.1972656,0.65005416
6.15234375,189.66797,167.60742,73.30078,2.1972656,0.65005416
6.15234375,189.66797,167.60742,73.30078,2.1972656,0.65005416
6.15234375,189.66797,167.60742,73.30078,2.1972656,0.65005416
6.15234375,189.66797,167.60742,73.30078,2.1972656,0.65005416
6.15234375,189.66797,167.60742,73.30078,2.1972656,0.65005416
6.15234375,189.66797,167.60742,73.30078,2.1972656,0.65005416
6.15234375,189.66797,167.60742,73.30078,2.1972656,0.65005416
6.15234375,189.66797,167.60742,73.30078,2.1972656,0.65005416
6.15234375,189.66797,167.60742,73.30078,2.1972656,0.65005416
6.15234375,189.66797,167.60742,73.30078,2.1972656,0.65005416
6.15234375,189.66797,167.60742,73.30078,2.1972656,0.65005416
6.15234375,189.66797,167.60742,73.30078,2.1972656,0.65005416
6.15234375,189.66797,167.60742,73.30078,2.1972656,0.65005416
6.064453,189.66797,167.60742,73.30078,2.3730469,0.65005416
4.482422,189.66797,167.60742,73.21289,2.98828125,0.65005416
3.33984375,189.66797,167.60742,73.03711,3.0761719,0.65005416
2.1972656,189.66797,167.60742,73.03711,3.33984375,0.65005416
2.109375,189.66797,167.60742,73.125,3.6035156,0.65005416
2.109375,189.66797,167.60742,73.125,3.6035156,0.65005416
2.109375,189.66797,167.60742,73.125,3.8671875,0.65005416
2.109375,189.66797,167.60742,73.125,4.21875,0.65005416
2.1972656,189.66797,167.60742,73.125,4.1308594,0.65005416
2.1972656,189.66797,167.60742,73.125,3.9550781,0.65005416
2.109375,189.66797,167.60742,73.125,3.9550781,0.65005416
2.109375,189.66797,167.60742,73.125,3.9550781,0.65005416
2.4609375,189.66797,167.60742,73.125,3.9550781,0.65005416
2.63671875,189.66797,167.60742,73.125,4.3066406,0.65005416
2.8125,189.66797,167.60742,73.125,4.3066406,0.65005416
2.9003906,189.66797,167.60742,73.125,4.21875,0.65005416
2.9003906,189.66797,167.60742,73.125,4.21875,0.65005416
2.9003906,189.66797,167.60742,73.125,4.21875,0.65005416
2.9003906,189.66797,167.60742,73.125,4.1308594,0.65005416
2.7246094,189.66797,167.60742,73.125,4.1308594,0.65005416
2.109375,189.66797,167.60742,73.125,3.8671875,0.65005416
1.7578125,189.66797,167.60742,73.125,3.515625,0.65005416
1.4941406,189.66797,167.60742,73.125,3.33984375,0.65005416
1.1425781,189.66797,167.60742,73.125,3.4277344,0.65005416
1.1425781,189.66797,167.60742,73.125,3.515625,0.65005416
1.1425781,189.66797,167.60742,73.125,4.1308594,0.65005416
1.1425781,189.66797,167.60742,73.125,4.921875,0.65005416
1.23046875,189.66797,167.60742,73.125,5.7128906,0.65005416
1.23046875,189.66797,167.60742,73.125,6.15234375,0.65005416
1.23046875,189.66797,167.60742,73.125,6.591797,0.65005416
1.23046875,189.66797,167.60742,73.125,7.3828125,0.65005416
1.4941406,189.66797,167.60742,73.125,7.91015625,0.65005416
2.0214844,189.66797,167.60742,72.77344,8.4375,0.65005416
2.28515625,189.66797,167.60742,72.59766,9.052734,0.65005416
2.8125,189.66797,167.60742,72.421875,9.404297,0.65005416
3.2519531,189.66797,167.60742,72.333984,9.580078,0.65005416
3.515625,189.66797,167.60742,72.07031,10.019531,0.65005416
3.7792969,189.66797,167.60742,71.80664,10.371094,0.65005416
3.7792969,189.66797,167.60742,71.63086,10.546875,0.65005416
3.69140625,189.3164,167.25586,71.54297,10.8984375,0.65005416
3.69140625,188.26172,166.8164,71.54297,11.337891,0.65005416
3.6035156,186.5918,164.88281,71.54297,12.041016,0.65005416
3.6035156,184.21875,162.2461,71.015625,12.041016,0.65005416
3.7792969,181.14258,159.609375,71.80664,12.568359,0.65005416
4.04296875,177.890625,156.09375,72.86133,13.095703,0.65005416
4.5703125,174.375,151.875,74.17969,13.623047,0.65005416
5.09765625,171.5625,147.48047,76.02539,14.150391,0.65005416
5.9765625,168.48633,142.99805,78.046875,13.974609,0.65005416
6.4160156,165.49805,138.86719,79.27734,14.326172,0.65005416
6.591797,162.50977,134.1211,80.68359,14.941406,0.65005416
6.591797,159.87305,129.19922,82.265625,15.380859,0.65005416
6.4160156,157.32422,124.365234,84.02344,15.732422,0.65005416
6.2402344,154.59961,119.26758,86.04492,16.171875,0.65005416
6.2402344,151.61133,114.3457,88.24219,16.699219,0.65005416
6.2402344,148.53516,109.51172,90.35156,17.138672,0.65005416
6.328125,145.63477,104.41406,92.90039,17.666016,0.65005416
6.328125,142.29492,98.96484,95.625,18.457031,0.65005416
6.328125,138.60352,93.515625,98.78906,19.6875,0.65005416
6.2402344,134.47266,87.890625,101.51367,20.830078,0.65005416
6.2402344,130.3418,82.08984,103.0957,21.796875,0.65005416
6.2402344,126.91406,76.99219,103.447266,22.58789,0.65005416
6.2402344,123.92578,72.421875,103.97461,23.291016,0.65005416
6.2402344,121.640625,68.64258,104.50195,24.082031,0.65005416
6.2402344,119.26758,64.86328,104.765625,24.697266,0.65005416
6.2402344,117.07031,61.5234375,105.0293,25.136719,0.65005416
6.2402344,114.87305,58.79883,105.11719,25.3125,0.65005416
6.328125,112.76367,56.689453,105.20508,25.576172,0.65005416
6.4160156,110.74219,54.93164,105.20508,25.6640625,0.65005416
6.4160156,109.16016,53.964844,105.20508,25.6640625,0.65005416
6.4160156,107.40234,52.910156,105.29297,25.839844,0.65005416
6.328125,105.73242,52.20703,105.29297,25.839844,0.65005416
6.2402344,104.0625,51.416016,105.29297,25.839844,0.65005416
6.2402344,102.48047,50.88867,105.29297,25.927734,0.65005416
6.4160156,100.98633,50.2734375,105.29297,26.3671875,0.65005416
6.591797,99.58008,49.833984,105.29297,26.542969,0.65005416
6.6796875,98.70117,49.658203,105.29297,26.63086,0.65005416
6.6796875,98.26172,49.658203,105.29297,26.279297,0.8667389
6.6796875,98.08594,49.658203,105.29297,26.191406,2.2751896
6.6796875,97.99805,49.658203,105.29297,26.191406,3.3586133
6.6796875,97.99805,49.658203,105.29297,26.191406,4.0086675
6.6796875,97.99805,49.658203,105.29297,26.191406,5.7421455
6.6796875,97.99805,50.097656,105.29297,26.015625,7.9089923
6.6796875,97.99805,50.36133,105.29297,25.576172,10.292524
6.50390625,97.99805,50.9765625,105.29297,25.40039,13.976164
6.4160156,97.99805,51.76758,105.29297,25.3125,18.309858
6.4160156,97.99805,52.20703,105.29297,25.136719,23.076923
6.4160156,97.99805,52.822266,105.29297,25.136719,27.51896
6.2402344,97.99805,53.26172,105.29297,25.136719,31.09426
5.888672,97.99805,53.964844,105.29297,25.136719,33.802814
5.625,97.99805,54.75586,105.29297,25.136719,36.29469
5.44921875,97.99805,55.283203,105.29297,25.136719,38.353195
5.185547,98.08594,55.98633,105.29297,25.136719,40.30336
4.921875,98.17383,56.865234,105.29297,25.136719,42.470203
4.74609375,98.17383,57.3046875,105.29297,24.9609375,44.52871
4.658203,98.08594,57.48047,105.20508,24.609375,46.262188
4.658203,98.08594,57.65625,105.0293,24.433594,47.67064
4.658203,98.26172,58.095703,105.0293,24.2578125,48.64572
4.658203,98.34961,58.447266,105.0293,24.2578125,49.837486
4.658203,98.4375,58.535156,105.0293,24.082031,51.35428
4.74609375,98.4375,58.535156,105.0293,23.99414,52.546047
4.74609375,98.52539,58.535156,105.0293,23.5546875,53.30444
4.74609375,98.52539,58.535156,104.853516,23.378906,53.954494
4.74609375,98.52539,58.79883,104.50195,23.203125,54.17118
4.74609375,98.52539,59.765625,103.88672,22.939453,54.496212
4.74609375,98.61328,60.8203125,103.0957,22.5,54.60455
5.0097656,99.052734,62.753906,101.42578,22.324219,54.60455
5.185547,99.66797,64.95117,99.75586,22.1484375,54.60455
5.5371094,100.458984,67.5,97.734375,22.1484375,54.60455
5.9765625,101.33789,70.57617,95.18555,22.1484375,54.71289
6.328125,102.30469,73.916016,92.54883,22.060547,55.146263
6.591797,103.0957,77.51953,90.17578,21.708984,55.362946
6.6796875,103.71094,81.12305,87.53906,21.357422,55.57963
6.6796875,103.79883,84.46289,85.166016,21.18164,55.57963
6.6796875,103.79883,87.45117,83.05664,21.00586,55.57963
6.6796875,103.79883,90.0,80.947266,21.00586,55.57963
7.1191406,103.71094,91.93359,78.66211,21.00586,55.57963
7.294922,103.53516,93.515625,76.99219,21.00586,55.146263
7.6464844,102.12891,94.48242,75.234375,21.00586,54.929577
7.734375,100.2832,94.921875,73.56445,21.00586,54.929577
7.734375,98.34961,95.09766,71.98242,21.00586,54.929577
7.734375,96.67969,95.27344,70.3125,21.00586,54.929577
7.734375,94.921875,95.71289,68.115234,21.00586,54.929577
7.734375,93.25195,96.240234,66.62109,20.917969,54.929577
7.734375,91.66992,96.328125,65.478516,20.566406,54.929577
7.734375,90.17578,96.416016,64.95117,20.390625,54.929577
7.734375,89.208984,96.328125,63.896484,20.302734,55.687977
7.734375,88.41797,96.240234,63.10547,20.126953,54.71289
7.734375,87.978516,96.240234,62.578125,19.951172,54.387867
7.734375,86.92383,96.240234,62.402344,19.59961,54.279526
7.734375,86.2207,96.240234,62.314453,19.3359375,54.279526
7.734375,85.51758,96.240234,62.314453,19.3359375,53.412785
7.91015625,84.990234,96.240234,62.05078,19.248047,52.00433
8.0859375,84.63867,96.240234,61.61133,19.160156,49.6208
8.0859375,84.46289,96.240234,61.347656,19.248047,45.937164
8.173828,84.375,96.15234,61.259766,19.3359375,41.27844
8.173828,84.28711,95.97656,61.083984,19.248047,36.619717
8.349609,83.93555,95.27344,60.8203125,18.808594,29.469124
8.525391,84.11133,94.39453,60.20508,19.072266,21.9935
8.613281,84.11133,92.72461,60.908203,18.896484,16.576382
8.525391,83.84766,91.66992,61.875,18.457031,14.842903
8.261719,83.49609,90.703125,62.9296875,18.017578,14.626219
8.261719,82.88086,89.64844,64.24805,18.017578,14.626219
8.261719,82.5293,87.978516,65.21484,18.017578,14.517877
8.261719,82.5293,87.1875,65.83008,17.9296875,14.517877
8.349609,82.61719,86.74805,66.09375,17.9296875,14.517877
8.349609,82.88086,86.83594,65.74219,17.9296875,14.517877
8.349609,83.14453,86.83594,66.44531,17.9296875,14.517877
8.261719,83.49609,86.92383,67.06055,17.9296875,14.517877
8.349609,84.02344,86.92383,68.02734,17.841797,14.517877
8.525391,84.55078,86.92383,69.25781,17.578125,14.517877
8.613281,85.166016,86.74805,70.83984,17.402344,14.517877
8.701172,85.78125,86.04492,73.21289,17.2265625,14.517877
8.964844,86.484375,84.90234,75.234375,17.138672,14.517877
9.140625,87.53906,83.84766,76.28906,16.699219,14.517877
9.316406,88.94531,82.79297,77.25586,16.5234375,14.517877
9.580078,90.703125,82.08984,78.92578,15.996094,14.517877
10.107422,92.8125,81.12305,80.41992,15.380859,14.517877
10.722656,94.921875,79.89258,82.44141,15.380859,14.517877
11.513672,96.76758,78.134766,85.25391,15.380859,14.517877
12.392578,98.17383,76.02539,88.1543,15.380859,14.517877
13.447266,99.052734,73.03711,90.87891,15.644531,14.517877
14.677734,99.140625,69.16992,94.48242,15.732422,14.517877
15.996094,98.78906,64.51172,98.17383,15.732422,14.517877
17.578125,98.4375,59.4140625,100.98633,15.644531,14.517877
19.160156,98.61328,54.66797,102.56836,15.292969,14.517877
20.917969,99.4043,50.53711,102.83203,14.765625,14.517877
22.8515625,100.458984,47.109375,103.71094,13.974609,14.517877
24.785156,101.60156,44.033203,104.23828,13.095703,14.517877
26.80664,102.56836,41.572266,104.58984,12.568359,14.409534
29.267578,103.62305,39.375,104.853516,12.041016,14.409534
31.552734,104.23828,37.089844,104.94141,11.689453,14.409534
34.1015625,104.765625,34.8046875,105.0293,11.689453,14.409534
36.9140625,105.11719,32.60742,104.94141,11.777344,14.409534
39.63867,105.46875,30.84961,104.853516,11.777344,14.409534
42.45117,105.99609,29.61914,104.677734,11.777344,14.409534
45.3515625,106.61133,28.916016,104.41406,11.865234,14.409534
48.1640625,107.22656,28.300781,103.62305,12.3046875,14.409534
50.625,107.92969,27.949219,102.83203,12.480469,14.409534
52.998047,108.7207,27.949219,101.953125,12.744141,14.409534
55.01953,109.33594,27.949219,101.07422,13.271484,14.409534
56.777344,110.03906,27.949219,100.19531,13.7109375,14.409534
58.095703,110.56641,27.949219,99.228516,14.238281,14.409534
59.501953,111.00586,27.949219,97.91016,14.853516,14.409534
60.73242,111.09375,27.861328,96.85547,15.46875,14.409534
62.05078,111.09375,27.861328,95.625,16.083984,14.301191
63.10547,110.91797,27.861328,94.21875,16.875,14.301191
64.072266,110.478516,27.861328,92.98828,17.578125,14.301191
64.86328,109.86328,27.685547,91.93359,18.19336,14.301191
65.56641,109.072266,27.421875,90.791016,18.808594,14.301191
66.00586,108.10547,26.982422,89.91211,19.160156,14.301191
66.18164,107.578125,26.80664,89.208984,19.59961,14.301191
66.35742,106.875,26.71875,88.41797,20.0390625,14.301191
66.708984,106.171875,26.71875,87.45117,20.566406,14.301191
67.06055,105.73242,26.71875,86.572266,21.18164,14.301191
67.41211,105.46875,26.71875,85.60547,21.796875,14.301191
67.85156,104.94141,26.71875,84.72656,22.324219,14.301191
68.115234,104.50195,26.71875,84.28711,23.115234,14.301191
68.55469,103.88672,26.71875,83.759766,23.730469,14.301191
68.99414,103.00781,26.3671875,83.23242,24.169922,14.301191
69.25781,102.39258,26.103516,82.88086,24.345703,14.301191
69.3457,102.041016,26.103516,82.70508,24.785156,14.301191
69.43359,101.865234,26.015625,82.70508,25.136719,14.301191
69.521484,101.865234,26.015625,82.70508,25.22461,14.301191
69.609375,101.865234,26.015625,82.70508,25.136719,14.301191
69.609375,101.865234,26.015625,82.70508,25.136719,14.301191
69.609375,101.865234,26.015625,82.70508,25.136719,14.301191
69.609375,101.865234,26.015625,82.70508,25.136719,14.301191
69.609375,101.51367,26.015625,82.70508,25.136719,14.301191
69.521484,101.25,26.015625,82.70508,25.136719,14.301191
69.3457,101.16211,26.015625,82.70508,25.136719,14.301191
69.16992,101.07422,26.015625,82.70508,25.136719,14.301191
69.16992,101.07422,26.015625,82.70508,25.136719,14.301191
69.08203,101.07422,26.015625,82.70508,25.136719,14.301191
69.16992,101.16211,26.015625,82.70508,25.136719,14.301191
69.25781,101.16211,26.015625,82.70508,24.9609375,14.301191
69.25781,101.16211,26.015625,82.79297,24.609375,14.301191
68.99414,101.16211,26.015625,83.32031,24.433594,14.301191
68.55469,100.81055,26.015625,84.02344,24.2578125,14.301191
68.02734,100.546875,26.015625,84.72656,24.2578125,14.301191
67.58789,100.01953,26.015625,85.60547,23.99414,14.301191
66.97266,99.4043,26.015625,86.484375,23.5546875,14.301191
66.62109,98.61328,26.015625,87.53906,23.378906,14.301191
66.26953,98.08594,26.015625,88.68164,23.203125,14.301191
66.18164,97.4707,26.015625,89.384766,23.115234,14.301191
66.09375,96.67969,26.015625,89.73633,23.027344,14.301191
66.09375,96.15234,26.015625,90.08789,23.027344,14.301191
66.09375,95.53711,26.015625,90.615234,23.027344,14.301191
66.18164,95.009766,26.015625,90.791016,23.027344,14.301191
66.26953,94.30664,25.751953,90.791016,22.939453,14.301191
66.35742,93.86719,25.048828,90.791016,22.58789,14.301191
66.35742,93.25195,24.697266,90.791016,22.41211,14.301191
66.35742,92.90039,24.2578125,90.791016,22.236328,14.951245
66.26953,92.8125,24.082031,90.791016,22.1484375,17.551462
66.26953,92.8125,23.99414,90.791016,22.1484375,22.318527
66.26953,92.8125,23.90625,90.791016,21.972656,28.385698
66.35742,92.90039,23.90625,90.791016,21.621094,36.619717
66.5332,92.90039,23.90625,90.791016,21.357422,45.612137
66.708984,92.90039,23.81836,90.791016,21.18164,55.03792
66.708984,92.8125,23.81836,90.791016,21.09375,64.35536
66.62109,92.63672,23.730469,90.791016,21.09375,73.99783
66.62109,92.46094,23.378906,90.791016,21.09375,82.55688
66.5332,92.28516,23.203125,90.791016,21.09375,88.624054
66.5332,92.197266,23.115234,90.791016,21.09375,92.30769
66.62109,92.197266,23.115234,90.791016,21.09375,94.47454
66.708984,92.28516,23.115234,90.87891,21.09375,95.99133
66.62109,92.28516,23.115234,91.05469,21.09375,96.966415
66.44531,92.28516,23.115234,91.05469,21.09375,97.61647
66.26953,92.28516,23.115234,91.05469,21.00586,97.724815
66.09375,92.28516,23.115234,91.05469,20.566406,97.508125
66.00586,92.28516,23.115234,91.05469,20.390625,96.749725
66.00586,92.28516,23.115234,91.05469,20.214844,95.23293
66.00586,92.37305,23.115234,91.05469,20.214844,91.76598
66.09375,92.46094,23.115234,91.05469,19.951172,86.13217
66.18164,92.46094,23.027344,91.05469,19.511719,78.439865
66.18164,92.54883,22.8515625,91.05469,19.3359375,69.98917
66.18164,92.98828,22.763672,91.05469,19.248047,60.671722
66.18164,93.33984,22.763672,90.87891,19.248047,51.24594
66.18164,94.13086,22.675781,90.791016,19.160156,41.603466
66.09375,94.921875,22.675781,90.791016,19.248047,32.394367
66.09375,95.71289,22.675781,90.791016,19.248047,22.968582
66.00586,96.50391,22.675781,90.791016,19.072266,15.384616
65.74219,97.29492,22.675781,90.703125,18.6328125,9.967497
64.95117,97.822266,22.675781,90.35156,18.36914,6.3921995
64.16016,98.34961,22.675781,90.17578,18.19336,4.225352
63.19336,98.96484,22.675781,90.08789,18.105469,3.6836405
61.78711,99.66797,22.675781,90.08789,18.017578,2.6002166
60.029297,100.37109,22.675781,89.91211,17.578125,1.8418202
58.095703,101.07422,22.8515625,89.47266,17.2265625,1.3001083
55.98633,102.041016,23.291016,89.0332,16.699219,1.0834236
53.17383,102.83203,23.466797,88.59375,16.259766,0.8667389
50.185547,103.62305,23.81836,88.33008,15.556641,0.8667389
46.58203,104.58984,24.697266,87.890625,14.941406,0.8667389
43.066406,105.82031,25.839844,87.09961,14.589844,0.8667389
39.19922,107.31445,27.509766,86.04492,14.589844,0.8667389
35.06836,108.80859,29.707031,84.990234,15.029297,0.8667389
30.9375,110.21484,31.816406,84.11133,15.46875,0.8667389
26.982422,111.44531,33.48633,83.23242,15.644531,0.8667389
23.5546875,112.41211,34.89258,82.79297,15.732422,0.8667389
20.0390625,113.4668,36.2109375,82.5293,15.996094,0.8667389
17.138672,114.16992,36.73828,82.265625,16.5234375,0.8667389
14.765625,114.78516,37.001953,82.08984,17.314453,0.8667389
12.568359,115.48828,37.177734,82.08984,18.19336,0.8667389
10.986328,116.36719,37.353516,82.08984,19.3359375,0.8667389
9.755859,117.333984,37.88086,82.177734,20.478516,0.8667389
8.701172,118.38867,38.3203125,82.353516,21.533203,0.8667389
8.0859375,119.44336,38.847656,82.353516,22.41211,0.8667389
7.734375,120.49805,39.7265625,82.70508,23.115234,0.8667389
7.6464844,121.640625,40.166016,82.88086,23.5546875,0.8667389
7.6464844,122.7832,40.95703,82.88086,23.5546875,0.8667389
7.6464844,124.365234,42.1875,82.88086,23.5546875,0.8667389
7.734375,126.21094,43.68164,82.88086,23.5546875,0.8667389
7.734375,128.23242,45.26367,82.88086,23.466797,0.8667389
7.734375,130.60547,47.109375,82.88086,23.203125,0.8667389
7.6464844,133.24219,49.13086,82.88086,23.203125,0.8667389
7.470703,136.14258,51.416016,82.88086,23.027344,0.8667389
7.294922,139.13086,53.876953,82.88086,22.675781,0.8667389
7.294922,142.29492,56.16211,83.05664,22.1484375,0.8667389
7.294922,145.2832,58.447266,83.759766,21.708984,0.8667389
7.294922,148.44727,60.46875,84.46289,21.4453125,0.8667389
7.470703,151.52344,62.2265625,85.078125,21.00586,0.8667389
8.0859375,154.59961,63.808594,85.60547,20.478516,0.8667389
8.4375,157.76367,65.91797,85.69336,19.6875,0.8667389
8.701172,161.36719,68.115234,85.51758,18.984375,0.8667389
9.140625,164.44336,70.22461,85.60547,18.6328125,0.8667389
9.404297,167.8711,71.71875,86.04492,18.36914,0.8667389
9.931641,170.94727,72.24609,86.04492,18.19336,0.8667389
9.667969,173.84766,74.35547,85.95703,18.105469,0.8667389
9.228516,176.484375,76.20117,86.04492,18.105469,0.8667389
8.701172,178.94531,78.31055,85.95703,18.28125,0.8667389
8.525391,181.66992,81.21094,85.95703,18.808594,0.8667389
8.525391,183.95508,83.23242,85.95703,19.248047,0.8667389
8.613281,185.80078,85.166016,86.13281,19.3359375,0.8667389
8.7890625,186.85547,86.572266,86.13281,19.248047,0.8667389
9.052734,188.4375,88.1543,87.01172,19.160156,0.8667389
8.876953,189.140625,88.33008,88.24219,19.160156,0.8667389
8.7890625,189.49219,87.890625,89.208984,19.072266,0.8667389
8.7890625,189.66797,88.1543,89.56055,19.072266,0.8667389
9.052734,189.75586,88.41797,89.82422,19.072266,0.8667389
9.316406,189.75586,89.12109,90.0,19.072266,0.8667389
9.84375,189.75586,89.64844,90.0,19.072266,0.8667389
10.458984,189.75586,90.26367,89.82422,19.072266,0.8667389
11.162109,189.75586,91.49414,89.384766,19.072266,0.8667389
12.041016,189.75586,93.16406,88.68164,19.072266,0.8667389
12.744141,189.75586,95.27344,87.71484,19.072266,0.8667389
13.271484,189.75586,97.822266,86.396484,18.808594,0.8667389
13.974609,189.75586,100.546875,85.25391,18.544922,0.8667389
14.238281,189.75586,103.71094,83.759766,18.28125,0.8667389
14.4140625,189.75586,107.13867,82.00195,18.19336,0.8667389
14.589844,189.75586,110.83008,80.859375,17.9296875,0.8667389
14.677734,189.75586,114.43359,79.62891,17.490234,0.8667389
14.677734,189.75586,118.03711,78.57422,17.314453,0.8667389
14.589844,189.75586,121.81641,77.87109,17.050781,0.8667389
14.4140625,189.75586,125.50781,76.9043,16.699219,0.8667389
14.326172,189.75586,128.93555,75.9375,16.347656,0.8667389
14.326172,189.75586,132.27539,74.79492,15.996094,0.8667389
13.974609,189.75586,135.26367,73.56445,15.556641,0.8667389
13.271484,189.75586,138.07617,72.24609,15.1171875,0.8667389
12.568359,189.75586,140.88867,70.75195,14.765625,0.8667389
12.041016,189.75586,143.61328,69.521484,14.4140625,0.8667389
11.337891,189.75586,145.98633,68.55469,14.0625,0.8667389
10.810547,189.75586,148.44727,67.85156,13.7109375,0.8667389
10.371094,189.75586,151.08398,67.5,13.183594,0.8667389
10.1953125,189.75586,153.7207,67.23633,12.744141,0.8667389
10.1953125,189.75586,156.35742,66.97266,12.480469,0.8667389
10.283203,189.75586,158.64258,66.884766,12.3046875,0.8667389
10.283203,189.75586,160.92773,66.884766,12.216797,0.8667389
10.283203,189.75586,162.421875,66.796875,12.480469,0.8667389
10.371094,189.140625,163.30078,66.796875,12.65625,0.8667389
10.1953125,189.05273,163.828125,66.97266,12.65625,0.8667389
10.283203,189.22852,165.234375,67.14844,12.65625,0.8667389
10.283203,189.49219,166.28906,67.58789,12.744141,0.8667389
10.283203,190.2832,166.9043,68.02734,12.216797,0.8667389
10.283203,190.19531,167.25586,68.55469,11.689453,0.8667389
10.283203,190.19531,167.43164,68.90625,11.425781,0.8667389
10.1953125,190.19531,167.60742,69.521484,11.162109,0.8667389
10.1953125,190.19531,167.60742,69.609375,10.634766,0.8667389
10.283203,190.19531,167.60742,69.697266,10.371094,0.8667389
10.458984,190.19531,167.60742,69.87305,10.283203,0.8667389
10.634766,190.19531,167.60742,70.40039,10.107422,0.8667389
10.634766,190.19531,167.60742,70.66406,10.107422,0.8667389
10.546875,190.19531,167.60742,70.66406,10.107422,0.8667389
10.458984,190.19531,167.60742,70.66406,10.107422,0.8667389
10.371094,190.19531,167.60742,70.66406,10.107422,0.8667389
10.1953125,190.19531,167.60742,70.66406,9.931641,0.8667389
10.107422,190.19531,167.60742,70.66406,9.667969,0.8667389
10.107422,190.19531,167.60742,70.66406,9.228516,0.8667389
10.107422,190.19531,167.60742,70.66406,8.7890625,0.8667389
10.107422,190.19531,167.60742,70.66406,8.525391,0.8667389
10.107422,190.19531,167.60742,70.66406,8.349609,0.8667389
10.107422,190.19531,167.60742,70.66406,8.261719,0.8667389
10.107422,190.19531,167.60742,70.66406,8.173828,0.8667389
10.1953125,190.19531,167.60742,70.66406,8.173828,0.8667389
10.371094,190.19531,167.60742,70.66406,8.4375,0.8667389
10.546875,190.19531,167.60742,70.66406,8.876953,0.8667389
10.722656,190.19531,167.60742,70.66406,9.228516,0.8667389
10.810547,190.19531,167.60742,70.66406,9.4921875,0.8667389
10.722656,190.19531,167.60742,70.66406,9.580078,0.8667389
10.722656,190.19531,167.60742,70.66406,9.755859,0.8667389
10.722656,190.19531,167.60742,70.66406,9.755859,0.8667389
10.722656,190.19531,167.60742,70.66406,9.755859,0.8667389
10.722656,190.19531,167.60742,70.66406,9.755859,0.8667389
10.722656,190.19531,167.60742,70.66406,9.755859,0.8667389
10.722656,190.19531,167.60742,70.66406,9.755859,0.8667389
10.722656,190.19531,167.60742,70.66406,9.755859,0.8667389
10.722656,190.19531,167.60742,70.66406,9.755859,0.8667389
10.722656,190.19531,167.60742,70.66406,9.755859,0.8667389
10.722656,190.19531,167.60742,70.66406,9.755859,0.8667389
10.722656,190.19531,167.60742,70.66406,9.755859,0.8667389
10.722656,190.19531,167.60742,70.66406,9.755859,0.8667389
10.722656,190.19531,167.60742,70.66406,9.755859,0.8667389
10.722656,190.19531,167.60742,70.66406,9.755859,0.8667389
10.722656,190.19531,167.60742,70.66406,9.755859,0.8667389
10.722656,190.19531,167.60742,70.66406,9.755859,0.8667389
10.722656,190.19531,167.60742,70.66406,9.755859,0.8667389
10.722656,190.19531,167.60742,70.66406,9.755859,0.8667389
10.722656,190.19531,167.60742,70.66406,9.755859,0.8667389
10.722656,190.19531,167.60742,70.66406,9.755859,0.8667389
10.722656,190.19531,167.60742,70.66406,9.755859,0.8667389
10.722656,190.19531,167.60742,70.66406,9.755859,0.8667389
10.722656,190.19531,167.60742,70.66406,9.755859,0.8667389
10.722656,190.19531,167.60742,70.66406,9.755859,0.8667389
10.722656,190.19531,167.60742,70.66406,9.755859,0.8667389
10.722656,190.19531,167.60742,70.66406,9.755859,0.8667389
10.722656,190.19531,167.60742,70.66406,9.755859,0.8667389
10.722656,190.19531,167.60742,70.66406,9.755859,0.8667389
10.722656,190.19531,167.60742,70.66406,9.755859,0.8667389
10.722656,190.19531,167.60742,70.66406,9.755859,0.8667389
10.722656,190.19531,167.60742,70.66406,9.755859,0.8667389
10.722656,190.19531,167.60742,70.66406,9.755859,0.8667389
10.722656,190.19531,167.60742,70.66406,9.755859,0.8667389
10.546875,190.19531,167.60742,70.66406,9.755859,0.8667389
10.371094,190.19531,167.60742,70.66406,9.755859,0.9750812
10.1953125,190.19531,167.60742,70.66406,9.755859,1.0834236
10.107422,190.19531,167.60742,70.66406,9.755859,1.0834236
10.107422,190.19531,167.60742,70.66406,9.755859,1.0834236
10.107422,190.19531,167.60742,70.66406,9.755859,1.5167931
10.107422,190.19531,167.60742,70.66406,9.755859,1.3001083
10.107422,190.19531,167.60742,70.66406,9.755859,0.9750812
10.107422,190.19531,167.60742,70.66406,9.755859,0.8667389
10.1953125,190.19531,167.60742,70.66406,9.755859,0.75839657
10.371094,190.19531,167.60742,70.66406,9.755859,0.75839657
10.546875,190.19531,167.60742,70.66406,9.755859,0.75839657
10.722656,190.19531,167.60742,70.66406,9.755859,0.75839657
10.722656,190.19531,167.60742,70.66406,9.316406,0.75839657
10.634766,190.19531,167.60742,70.66406,8.7890625,0.75839657
10.458984,190.19531,167.60742,70.66406,8.525391,0.75839657
10.283203,190.19531,167.60742,70.66406,8.173828,0.75839657
10.1953125,190.19531,167.60742,70.66406,7.6464844,0.75839657
9.931641,190.19531,167.60742,70.66406,7.20703125,0.75839657
9.316406,190.19531,167.60742,70.66406,6.591797,0.75839657
8.613281,190.19531,167.60742,70.66406,5.9765625,0.75839657
7.998047,190.19531,167.60742,70.66406,5.625,0.75839657
7.3828125,190.19531,167.60742,70.66406,5.361328,0.75839657
6.85546875,190.19531,167.60742,70.66406,5.361328,0.75839657
6.50390625,190.19531,167.60742,70.66406,5.361328,0.75839657
6.4160156,190.19531,167.60742,70.66406,5.361328,0.75839657
6.4160156,190.19531,167.60742,70.66406,5.5371094,0.75839657
6.50390625,190.19531,167.60742,70.66406,5.625,0.75839657
6.50390625,190.19531,167.60742,70.66406,5.80078125,0.75839657
6.591797,190.19531,167.60742,70.66406,5.80078125,0.75839657
6.591797,190.19531,167.60742,70.66406,5.80078125,0.75839657
6.6796875,190.19531,167.60742,70.66406,5.80078125,0.75839657
6.6796875,190.19531,167.60742,70.66406,5.80078125,0.75839657
6.591797,190.19531,167.60742,70.66406,5.80078125,0.75839657
6.591797,190.19531,167.60742,70.66406,5.80078125,0.75839657
6.4160156,190.19531,167.60742,70.66406,5.80078125,0.75839657
5.80078125,190.19531,167.60742,70.66406,5.80078125,0.75839657
5.7128906,190.19531,167.60742,70.66406,5.80078125,0.75839657
5.625,190.19531,167.60742,70.66406,5.888672,0.75839657
5.625,190.19531,167.60742,70.66406,6.2402344,0.75839657
5.625,190.19531,167.60742,70.66406,6.50390625,0.75839657
5.7128906,190.19531,167.60742,70.66406,6.591797,0.75839657
5.7128906,190.19531,167.60742,70.66406,6.85546875,0.75839657
5.7128906,190.19531,167.60742,70.66406,7.294922,0.75839657
5.7128906,190.19531,167.60742,70.66406,7.55859375,0.75839657
5.7128906,190.19531,167.60742,70.66406,7.6464844,0.75839657
5.7128906,190.19531,167.60742,70.66406,7.8222656,0.75839657
6.15234375,190.19531,167.60742,70.57617,7.8222656,0.75839657
6.4160156,190.19531,167.60742,70.3125,7.294922,0.75839657
6.767578,190.19531,167.60742,69.78516,7.03125,0.75839657
7.294922,190.19531,167.60742,69.25781,6.591797,0.75839657
7.734375,190.19531,167.60742,68.81836,6.4160156,0.75839657
8.173828,190.19531,167.60742,68.37891,6.328125,0.75839657
8.701172,190.19531,167.60742,68.02734,6.2402344,0.75839657
9.140625,190.19531,167.60742,67.85156,6.064453,0.75839657
9.580078,190.19531,167.60742,67.93945,6.064453,0.75839657
9.755859,189.93164,167.25586,68.115234,5.80078125,0.75839657
9.755859,189.22852,166.99219,68.115234,5.44921875,0.75839657
9.755859,188.08594,164.44336,68.203125,5.44921875,0.75839657
9.580078,186.41602,161.98242,68.90625,5.7128906,0.75839657
9.580078,184.39453,159.16992,69.96094,6.064453,0.75839657
10.019531,181.75781,155.74219,71.103516,6.591797,0.75839657
10.371094,178.94531,151.61133,72.509766,6.9433594,0.75839657
10.371094,175.86914,147.2168,74.26758,7.3828125,0.75839657
10.283203,172.88086,142.82227,76.02539,8.0859375,0.75839657
10.019531,169.7168,138.16406,77.87109,8.701172,0.75839657
9.931641,166.640625,133.1543,79.80469,9.316406,0.75839657
9.931641,162.94922,128.14453,81.73828,10.107422,0.75839657
9.931641,159.3457,122.958984,84.19922,10.8984375,0.75839657
9.931641,155.74219,117.59766,86.92383,11.865234,0.75839657
9.4921875,152.31445,112.32422,89.56055,12.744141,0.75839657
8.876953,148.53516,106.96289,92.63672,13.623047,0.75839657
8.173828,144.58008,101.07422,95.88867,14.853516,0.75839657
7.55859375,140.18555,95.18555,99.140625,15.996094,0.75839657
6.9433594,135.703125,89.384766,101.60156,16.78711,0.75839657
6.50390625,131.13281,84.19922,102.30469,17.753906,0.75839657
5.888672,127.265625,80.15625,101.953125,18.544922,0.75839657
5.44921875,124.18945,77.43164,102.65625,19.248047,0.75839657
4.921875,121.11328,74.70703,103.62305,20.0390625,0.75839657
4.5703125,117.77344,71.54297,104.23828,21.00586,0.75839657
4.21875,114.43359,68.203125,104.58984,21.708984,0.75839657
3.8671875,111.09375,64.86328,104.853516,22.763672,0.75839657
3.6035156,108.01758,61.435547,105.0293,23.5546875,0.75839657
3.4277344,105.11719,58.095703,105.0293,24.082031,0.75839657
3.33984375,102.39258,54.93164,105.11719,24.433594,0.75839657
3.33984375,100.10742,52.558594,105.20508,25.048828,1.191766
3.515625,98.17383,51.064453,105.20508,25.576172,2.4918742
3.9550781,96.67969,50.097656,105.20508,26.103516,5.2004333
4.21875,95.44922,49.5703125,105.20508,26.63086,9.967497
4.5703125,94.57031,49.48242,105.20508,27.246094,16.251354
5.0097656,94.13086,49.48242,105.20508,28.03711,20.910076
5.361328,93.95508,49.48242,105.20508,28.740234,24.052004
5.5371094,93.95508,49.746094,105.20508,29.1796875,26.868906
5.625,93.95508,50.44922,105.20508,29.61914,30.335861
5.5371094,93.86719,51.591797,105.20508,30.146484,34.45287
5.44921875,93.86719,52.734375,105.20508,30.5859375,38.678223
5.361328,93.7793,53.70117,105.20508,31.113281,42.470203
5.2734375,93.7793,54.228516,105.20508,31.640625,45.82882
5.09765625,94.04297,54.93164,105.11719,32.16797,48.212353
4.8339844,94.57031,55.8984375,105.0293,32.43164,50.05417
4.658203,94.921875,56.953125,105.0293,32.60742,51.679306
4.3066406,95.44922,58.095703,104.853516,32.958984,52.979416
3.8671875,95.80078,59.32617,104.677734,33.310547,54.062836
3.4277344,96.328125,60.55664,103.97461,33.48633,54.71289
3.0761719,96.94336,61.875,103.0957,33.57422,55.2546
2.9003906,97.822266,63.45703,101.68945,33.57422,55.904655
2.8125,98.61328,65.478516,99.93164,33.48633,56.33803
2.8125,99.4043,67.76367,98.08594,33.222656,56.446373
2.9003906,100.19531,70.22461,95.88867,33.222656,56.663055
2.98828125,101.07422,72.77344,93.69141,33.222656,56.663055
3.0761719,101.77734,75.322266,91.31836,33.134766,56.229687
3.0761719,102.2168,77.958984,89.12109,32.60742,55.904655
3.2519531,102.30469,80.50781,86.92383,32.43164,55.47129
3.6035156,102.39258,83.23242,84.81445,32.08008,55.03792
3.9550781,102.39258,85.3418,82.88086,31.640625,54.60455
4.3066406,102.39258,87.1875,81.21094,31.376953,54.387867
4.921875,102.39258,89.0332,79.365234,31.2890625,54.279526
5.44921875,102.30469,90.615234,77.51953,31.113281,54.17118
5.80078125,101.68945,92.28516,75.146484,30.498047,53.737812
5.9765625,101.16211,94.21875,72.77344,30.322266,53.62947
6.2402344,100.72266,96.240234,70.3125,30.322266,54.062836
6.4160156,100.37109,98.08594,67.58789,30.322266,54.496212
6.50390625,99.84375,100.01953,64.86328,30.322266,54.496212
6.4160156,99.228516,101.68945,62.666016,30.410156,54.387867
6.2402344,98.52539,102.56836,61.435547,30.5859375,54.17118
6.2402344,97.734375,102.91992,60.20508,30.673828,54.17118
6.15234375,96.85547,103.0957,59.15039,30.84961,53.954494
5.80078125,95.88867,103.18359,58.535156,30.9375,53.412785
5.5371094,95.09766,103.18359,57.83203,31.376953,52.979416
5.44921875,94.921875,103.18359,57.216797,31.552734,52.22102
5.361328,94.921875,103.271484,56.689453,31.728516,51.46262
5.2734375,95.009766,103.62305,56.16211,31.728516,50.704224
5.361328,94.833984,103.71094,55.98633,31.816406,49.512463
5.361328,94.57031,103.71094,55.810547,31.816406,47.77898
5.44921875,94.30664,103.71094,55.458984,31.816406,44.853737
5.7128906,94.21875,103.71094,55.01953,31.816406,38.678223
5.80078125,94.13086,103.71094,54.75586,31.201172,30.877573
5.888672,94.13086,103.71094,54.4921875,30.761719,23.185265
6.4160156,94.30664,103.71094,54.140625,29.61914,17.334778
6.85546875,94.74609,103.71094,54.228516,28.300781,15.384616
7.1191406,95.36133,104.23828,53.70117,27.7734375,14.951245
7.20703125,96.50391,105.20508,53.26172,27.158203,14.951245
7.294922,97.734375,106.259766,53.4375,26.71875,14.951245
7.294922,99.228516,107.578125,53.0859375,25.839844,14.951245
7.294922,101.07422,108.63281,53.876953,25.576172,14.951245
7.294922,103.00781,109.16016,55.01953,25.3125,14.951245
7.294922,104.94141,109.51172,56.16211,25.22461,14.951245
7.294922,106.875,109.51172,57.56836,24.521484,14.951245
7.294922,109.072266,109.42383,59.941406,23.730469,14.951245
7.294922,111.26953,108.984375,62.841797,22.763672,14.951245
7.294922,113.291016,108.36914,65.302734,22.324219,14.951245
7.294922,115.40039,107.578125,67.58789,21.796875,14.951245
7.3828125,117.68555,106.52344,70.13672,21.18164,14.951245
7.470703,120.146484,105.20508,72.59766,20.302734,14.951245
7.8222656,122.60742,103.79883,75.146484,19.160156,14.951245
8.261719,124.98047,101.953125,77.51953,18.105469,14.951245
8.876953,127.353516,100.01953,80.06836,17.314453,14.951245
9.755859,129.375,97.822266,82.265625,16.5234375,14.951245
10.634766,131.13281,95.53711,84.28711,15.644531,14.951245
11.6015625,132.62695,92.8125,86.396484,14.853516,14.951245
12.744141,133.59375,89.82422,88.41797,14.150391,14.951245
14.0625,134.0332,86.04492,90.791016,13.183594,14.951245
15.556641,134.0332,81.91406,93.427734,12.392578,14.951245
16.96289,133.24219,77.08008,96.240234,12.128906,14.951245
18.6328125,131.92383,71.89453,98.96484,11.953125,14.951245
20.302734,129.99023,66.26953,101.42578,11.6015625,14.951245
22.236328,127.79297,60.38086,102.74414,10.810547,14.951245
23.99414,126.03516,54.93164,103.53516,10.019531,14.951245
25.927734,124.365234,49.21875,103.79883,9.667969,14.951245
27.861328,123.22266,44.296875,103.88672,9.667969,14.951245
30.498047,122.16797,39.55078,103.88672,9.755859,14.951245
32.871094,121.640625,36.035156,103.271484,9.755859,14.951245
35.5078125,121.28906,33.66211,102.39258,10.1953125,14.951245
38.496094,121.02539,32.08008,101.16211,10.546875,14.951245
41.484375,121.02539,31.376953,99.66797,11.162109,14.951245
44.296875,120.67383,31.2890625,98.17383,11.425781,14.951245
47.285156,119.9707,31.2890625,96.67969,11.689453,14.951245
49.746094,118.916016,30.84961,95.27344,12.128906,14.951245
51.85547,117.24609,29.8828125,94.13086,12.480469,14.951245
53.34961,115.3125,28.828125,93.07617,12.832031,14.951245
54.66797,113.4668,27.7734375,91.93359,12.919922,14.951245
56.25,111.44531,26.894531,90.791016,12.919922,14.951245
57.65625,109.77539,26.191406,89.384766,13.095703,14.951245
58.79883,108.19336,25.839844,88.1543,13.623047,14.951245
60.029297,106.78711,25.6640625,87.1875,14.0625,14.951245
61.347656,105.55664,25.6640625,86.572266,14.326172,14.951245
62.490234,104.32617,25.6640625,86.13281,14.589844,14.951245
63.36914,103.18359,25.6640625,85.86914,14.677734,14.951245
64.072266,102.12891,25.6640625,85.60547,15.029297,14.951245
64.59961,100.98633,25.6640625,85.42969,15.380859,14.951245
64.95117,99.93164,25.6640625,85.3418,15.556641,14.951245
65.21484,98.78906,25.6640625,85.3418,15.644531,14.951245
65.6543,97.734375,25.6640625,85.3418,15.8203125,14.951245
66.00586,96.67969,25.6640625,85.3418,15.8203125,14.951245
66.18164,95.71289,25.6640625,85.3418,15.8203125,14.951245
66.18164,95.09766,25.6640625,85.3418,15.8203125,14.951245
66.35742,94.30664,25.6640625,85.3418,15.8203125,14.951245
66.5332,93.427734,25.6640625,85.3418,15.556641,14.951245
66.5332,92.98828,25.576172,85.3418,15.292969,14.951245
66.5332,92.54883,25.488281,85.42969,15.205078,14.951245
66.5332,92.021484,25.40039,85.42969,15.1171875,14.951245
66.5332,91.75781,25.40039,85.42969,15.1171875,14.951245
66.5332,91.66992,25.40039,85.42969,15.1171875,14.951245
66.5332,91.23047,25.40039,85.42969,15.205078,14.951245
66.5332,90.791016,25.40039,85.42969,15.46875,14.951245
66.5332,90.26367,25.40039,85.42969,15.644531,15.601299
66.5332,89.82422,25.40039,85.60547,15.8203125,18.85157
66.5332,89.208984,25.40039,86.13281,15.8203125,24.593718
66.5332,88.68164,25.40039,86.66016,15.732422,30.660889
66.5332,88.06641,25.136719,87.09961,15.380859,39.328278
66.44531,87.27539,24.609375,87.71484,15.205078,48.429035
66.35742,86.396484,23.81836,88.59375,15.205078,57.85482
66.26953,85.86914,23.291016,89.47266,15.029297,67.388954
66.09375,85.69336,23.115234,90.17578,15.1171875,76.598045
66.00586,85.60547,22.939453,90.615234,15.029297,84.29035
65.91797,85.60547,22.41211,90.9668,15.029297,89.38245
65.91797,85.60547,21.884766,91.49414,15.029297,92.524376
65.91797,85.60547,21.533203,91.66992,15.029297,94.25786
65.91797,85.60547,21.269531,91.8457,15.029297,95.23293
65.91797,85.60547,20.830078,92.109375,15.029297,95.23293
65.91797,85.60547,20.654297,92.63672,15.029297,93.824486
65.74219,85.60547,20.478516,92.72461,15.029297,91.00758
65.56641,85.60547,20.478516,92.72461,14.589844,86.24052
65.302734,85.60547,20.478516,92.72461,14.326172,79.30661
65.12695,85.86914,20.478516,92.72461,14.238281,70.96425
65.03906,86.30859,20.478516,92.72461,14.150391,61.863487
64.95117,87.01172,20.478516,92.63672,14.150391,52.87107
64.77539,87.890625,20.478516,92.54883,14.0625,43.336945
64.42383,88.85742,20.478516,92.54883,13.623047,34.019505
63.896484,89.73633,20.478516,92.54883,13.623047,24.702059
63.720703,90.703125,20.478516,92.54883,13.798828,16.359697
63.10547,91.58203,20.654297,92.54883,13.798828,10.617551
62.578125,92.28516,20.654297,92.54883,13.798828,6.8255687
61.78711,92.90039,20.654297,92.63672,13.798828,4.442037
60.908203,93.515625,20.654297,92.90039,13.798828,3.9003248
59.501953,94.21875,20.654297,92.90039,13.798828,2.8169014
58.095703,94.921875,20.654297,92.90039,13.974609,1.9501624
56.25,95.88867,20.654297,93.07617,14.150391,1.4084507
53.964844,96.94336,21.00586,93.515625,14.238281,1.0834236
51.240234,98.17383,21.708984,93.7793,14.589844,0.8667389
48.603516,99.4043,22.1484375,93.69141,14.853516,0.8667389
45.439453,100.546875,22.324219,93.603516,15.380859,0.8667389
42.01172,101.865234,22.41211,93.603516,15.556641,0.8667389
38.583984,103.359375,22.8515625,93.603516,15.732422,0.8667389
34.98047,105.0293,23.642578,93.603516,15.644531,0.8667389
30.9375,106.875,24.785156,93.86719,15.380859,0.8667389
27.333984,109.16016,26.103516,93.86719,15.205078,0.8667389
23.203125,111.708984,27.509766,93.69141,15.205078,0.8667389
20.390625,114.521484,29.267578,93.69141,15.205078,0.8667389
17.578125,117.86133,31.376953,93.69141,15.292969,0.8667389
14.941406,121.11328,33.3984375,93.7793,15.644531,0.8667389
13.447266,124.27734,35.5078125,93.95508,15.996094,0.8667389
11.777344,127.5293,37.441406,93.95508,16.171875,0.8667389
9.84375,130.60547,39.46289,93.95508,16.083984,0.8667389
7.91015625,133.76953,41.396484,93.86719,16.083984,0.8667389
5.80078125,137.109375,43.2421875,93.7793,16.083984,0.8667389
4.921875,140.09766,44.6484375,93.7793,16.083984,0.8667389
4.74609375,143.34961,46.49414,93.86719,16.083984,0.8667389
4.74609375,146.42578,48.07617,94.30664,16.171875,0.8667389
4.74609375,149.85352,49.658203,94.921875,16.5234375,0.8667389
4.921875,153.984375,51.591797,95.53711,16.875,0.8667389
4.658203,157.32422,53.4375,96.06445,17.314453,0.8667389
4.5703125,161.2793,55.10742,96.85547,17.490234,0.8667389
5.09765625,165.32227,56.33789,97.4707,17.666016,0.8667389
5.7128906,169.27734,58.183594,97.822266,17.841797,0.8667389
6.2402344,173.14453,60.29297,98.34961,17.841797,0.8667389
6.9433594,176.39648,62.666016,98.70117,17.666016,0.8667389
8.0859375,179.38477,65.21484,98.78906,17.666016,0.8667389
8.173828,181.9336,68.02734,98.87695,17.666016,0.8667389
8.173828,184.13086,70.13672,98.87695,17.666016,0.8667389
8.0859375,186.328125,72.509766,98.87695,17.666016,0.8667389
7.6464844,188.17383,74.44336,99.052734,17.666016,0.8667389
7.3828125,189.22852,76.11328,99.66797,17.666016,0.8667389
7.55859375,189.49219,77.69531,100.546875,17.666016,0.8667389
7.8222656,189.58008,79.27734,100.72266,17.753906,0.8667389
7.91015625,189.58008,81.03516,100.81055,18.017578,0.8667389
7.91015625,189.58008,83.32031,100.10742,18.017578,0.8667389
7.91015625,189.58008,86.13281,98.61328,17.9296875,0.8667389
7.998047,189.58008,89.73633,96.416016,17.314453,0.8667389
8.4375,189.58008,93.603516,93.427734,16.875,0.8667389
9.140625,189.58008,98.26172,89.91211,16.699219,0.8667389
9.84375,189.58008,103.0957,86.2207,16.78711,0.8667389
10.283203,189.58008,108.45703,82.353516,16.96289,0.8667389
10.283203,189.58008,113.90625,78.48633,17.314453,0.8667389
10.283203,189.58008,119.17969,74.70703,17.490234,0.8667389
10.1953125,189.58008,124.7168,70.66406,17.578125,0.8667389
10.107422,189.58008,129.99023,67.32422,17.2265625,0.8667389
10.107422,189.58008,134.91211,64.42383,16.611328,0.8667389
10.107422,189.58008,139.7461,62.753906,15.732422,0.8667389
10.107422,189.58008,143.78906,62.05078,14.853516,0.8667389
10.371094,189.58008,147.30469,61.78711,14.150391,0.8667389
10.458984,189.58008,150.20508,62.13867,13.535156,0.8667389
10.634766,189.140625,152.578125,63.01758,12.832031,0.8667389
10.634766,188.96484,155.12695,64.24805,12.128906,0.8667389
10.458984,189.140625,157.06055,65.83008,11.25,0.8667389
10.458984,189.4043,158.55469,67.5,10.1953125,0.8667389
10.283203,190.01953,160.48828,69.08203,8.701172,0.8667389
10.107422,190.19531,162.2461,70.40039,7.470703,0.8667389
9.84375,190.19531,163.30078,71.45508,6.15234375,0.8667389
9.84375,190.19531,164.35547,72.1582,4.74609375,0.8667389
9.84375,190.19531,165.67383,72.59766,3.8671875,0.8667389
9.667969,190.19531,166.55273,73.21289,3.0761719,0.8667389
9.931641,190.19531,166.99219,73.740234,2.3730469,0.8667389
10.283203,190.19531,167.25586,74.35547,1.6699219,0.8667389
10.458984,190.19531,167.51953,74.53125,1.0546875,0.8667389
10.722656,190.19531,167.51953,74.26758,0.703125,0.8667389
10.722656,190.19531,167.51953,74.17969,0.52734375,0.8667389
10.722656,190.19531,167.51953,74.17969,0.3515625,0.8667389
10.722656,190.19531,167.51953,74.17969,0.263671875,0.8667389
10.722656,190.19531,167.51953,74.17969,0.263671875,0.8667389
10.722656,190.19531,167.51953,74.0918,0.263671875,0.8667389
10.722656,190.19531,167.51953,74.0918,0.263671875,0.8667389
10.722656,190.19531,167.51953,74.0918,0.263671875,0.8667389
10.722656,190.19531,167.51953,74.0918,0.263671875,0.8667389
10.722656,190.19531,167.51953,74.0918,0.263671875,0.65005416
10.722656,190.19531,167.51953,74.0918,0.263671875,0.65005416
10.722656,190.19531,167.51953,74.0918,0.263671875,0.65005416
10.722656,190.19531,167.51953,74.0918,0.263671875,0.65005416
10.722656,190.19531,167.51953,74.0918,0.263671875,0.65005416
10.722656,190.19531,167.51953,74.0918,0.263671875,0.65005416
10.722656,190.19531,167.51953,74.0918,0.263671875,0.65005416
10.722656,190.19531,167.51953,74.0918,0.263671875,0.65005416
10.722656,190.19531,167.51953,74.0918,0.263671875,0.65005416
10.722656,190.19531,167.51953,74.0918,0.263671875,0.65005416
10.722656,190.19531,167.51953,74.0918,0.263671875,0.65005416
10.722656,190.19531,167.51953,74.0918,0.263671875,0.65005416
10.722656,190.19531,167.51953,74.0918,0.263671875,0.65005416
10.722656,190.19531,167.51953,74.0918,0.263671875,0.65005416
10.722656,190.19531,167.51953,74.0918,0.263671875,0.65005416
10.722656,190.19531,167.51953,74.0918,0.263671875,0.65005416
10.722656,190.19531,167.51953,74.0918,0.263671875,0.65005416
10.722656,190.19531,167.51953,74.0918,0.263671875,0.65005416
10.722656,190.19531,167.51953,74.0918,0.263671875,0.65005416
10.722656,190.19531,167.51953,74.0918,0.263671875,0.65005416
10.722656,190.19531,167.51953,74.0918,0.263671875,0.65005416
10.722656,190.19531,167.51953,74.0918,0.263671875,0.65005416
10.722656,190.19531,167.51953,74.0918,0.263671875,0.65005416
10.722656,190.19531,167.51953,74.0918,0.263671875,0.65005416
10.722656,190.19531,167.51953,74.0918,0.263671875,0.65005416
10.722656,190.19531,167.51953,74.0918,0.263671875,0.65005416
10.722656,190.19531,167.51953,74.0918,0.263671875,0.65005416
10.722656,190.19531,167.51953,74.0918,0.263671875,0.65005416
10.722656,190.19531,167.51953,74.0918,0.263671875,0.65005416
10.722656,190.19531,167.51953,74.0918,0.263671875,0.65005416
10.722656,190.19531,167.51953,74.0918,0.263671875,0.65005416
10.722656,190.19531,167.51953,74.0918,0.263671875,0.65005416
10.722656,190.19531,167.51953,74.0918,0.263671875,0.65005416
10.722656,190.19531,167.51953,74.0918,0.263671875,0.65005416
10.722656,190.19531,167.51953,74.0918,0.263671875,0.65005416
10.722656,190.19531,167.51953,74.0918,0.263671875,0.65005416
10.722656,190.19531,167.51953,74.0918,0.263671875,0.65005416
10.722656,190.19531,167.51953,74.0918,0.263671875,0.65005416
10.722656,190.19531,167.51953,74.0918,0.17578125,0.65005416
10.722656,190.19531,167.51953,74.0918,0.17578125,0.65005416
9.84375,190.19531,167.51953,73.916016,0.7910156,0.75839657
8.7890625,190.19531,167.51953,73.56445,1.1425781,0.75839657
7.6464844,190.19531,167.51953,73.56445,1.7578125,0.75839657
6.6796875,190.19531,167.51953,73.38867,2.5488281,0.75839657
5.80078125,190.19531,167.51953,73.30078,3.6035156,0.65005416
5.185547,190.19531,167.51953,73.30078,4.482422,0.65005416
4.21875,190.19531,167.51953,73.21289,5.185547,0.65005416
3.4277344,190.19531,167.51953,73.21289,5.5371094,0.65005416
2.98828125,190.19531,167.51953,73.21289,5.5371094,0.65005416
2.63671875,190.19531,167.51953,73.21289,5.5371094,0.65005416
2.1972656,190.19531,167.51953,73.21289,5.5371094,0.65005416
2.0214844,190.19531,167.51953,73.21289,5.5371094,0.65005416
2.0214844,190.19531,167.51953,73.21289,5.5371094,0.65005416
2.0214844,190.19531,167.51953,73.21289,5.5371094,0.65005416
2.0214844,190.19531,167.51953,73.21289,5.5371094,0.65005416
2.0214844,190.19531,167.51953,73.21289,5.80078125,0.65005416
2.0214844,190.19531,167.51953,73.21289,6.15234375,0.65005416
2.109375,190.19531,167.51953,73.21289,6.4160156,0.65005416
2.1972656,190.19531,167.51953,73.21289,6.591797,0.65005416
2.1972656,190.19531,167.51953,73.21289,6.591797,0.65005416
2.1972656,190.19531,167.51953,73.21289,6.767578,0.65005416
2.1972656,190.19531,167.51953,73.21289,6.767578,0.65005416
2.1972656,190.19531,167.51953,73.21289,6.767578,0.65005416
2.1972656,190.19531,167.51953,73.21289,6.767578,0.65005416
2.1972656,190.19531,167.51953,73.21289,6.767578,0.65005416
2.1972656,190.19531,167.51953,73.21289,6.767578,0.65005416
2.63671875,190.19531,167.51953,73.21289,6.767578,0.65005416
3.1640625,190.19531,167.51953,73.21289,6.50390625,0.65005416
3.515625,190.19531,167.51953,73.21289,6.328125,0.65005416
3.6035156,190.19531,167.51953,73.21289,6.50390625,0.65005416
3.6035156,190.19531,167.51953,73.21289,6.328125,0.65005416
3.6035156,190.19531,167.51953,73.21289,6.2402344,0.65005416
3.6035156,190.19531,167.51953,72.509766,5.9765625,0.65005416
3.6035156,190.19531,167.51953,72.07031,5.625,0.65005416
4.04296875,190.19531,167.51953,71.80664,5.185547,0.65005416
4.482422,190.19531,167.51953,71.71875,5.185547,0.65005416
5.09765625,190.19531,167.51953,71.80664,5.2734375,0.65005416
5.7128906,190.19531,167.51953,71.98242,5.625,0.65005416
6.15234375,190.19531,167.25586,72.07031,5.7128906,0.65005416
6.50390625,189.75586,166.9043,72.1582,5.80078125,0.65005416
6.591797,188.34961,164.61914,72.509766,6.2402344,0.65005416
6.591797,186.15234,161.80664,72.59766,6.85546875,0.65005416
6.6796875,183.25195,158.64258,73.65234,7.6464844,0.65005416
6.85546875,179.91211,154.6875,75.146484,7.470703,0.65005416
6.85546875,176.3086,149.765625,76.728516,8.173828,0.65005416
6.591797,172.79297,145.2832,79.453125,8.349609,0.65005416
6.591797,169.453125,140.44922,81.38672,9.140625,0.65005416
6.767578,166.20117,135.08789,83.4082,9.404297,0.65005416
6.6796875,163.03711,129.63867,86.04492,10.371094,0.65005416
6.591797,159.69727,123.92578,88.59375,10.986328,0.65005416
5.9765625,156.6211,118.30078,91.31836,11.865234,0.65005416
5.5371094,153.01758,112.58789,93.95508,12.919922,0.65005416
4.74609375,149.765625,107.05078,96.5918,14.238281,0.65005416
3.9550781,146.60156,101.42578,99.4043,15.556641,0.65005416
2.98828125,142.82227,95.44922,102.041016,17.050781,0.65005416
2.109375,139.6582,90.43945,103.271484,18.28125,0.65005416
1.3183594,136.75781,85.51758,103.447266,19.863281,0.65005416
0.87890625,133.76953,81.47461,104.0625,21.269531,0.65005416
0.263671875,130.95703,77.87109,104.50195,22.58789,0.65005416
-0.17578125,128.32031,74.44336,104.853516,23.5546875,0.65005416
-0.439453125,126.12305,71.103516,105.0293,24.433594,0.65005416
-0.52734375,124.01367,68.64258,105.11719,25.048828,0.65005416
-0.52734375,121.99219,66.5332,105.20508,26.015625,0.65005416
-0.439453125,119.88281,64.77539,105.20508,26.71875,0.65005416
-0.439453125,117.77344,63.19336,105.20508,27.246094,0.65005416
-0.3515625,115.48828,61.875,105.20508,27.949219,0.65005416
0.0,113.02734,60.38086,105.20508,28.21289,0.65005416
0.7910156,110.74219,59.0625,105.20508,28.4765625,0.65005416
1.58203125,108.45703,57.83203,105.20508,28.564453,0.65005416
2.3730469,106.43555,56.42578,105.20508,28.740234,0.65005416
3.33984375,104.853516,55.371094,105.20508,28.916016,0.65005416
3.9550781,103.53516,54.66797,105.20508,29.003906,0.65005416
4.39453125,102.83203,54.140625,105.20508,28.828125,0.65005416
4.74609375,102.39258,53.876953,105.20508,28.740234,1.4084507
5.09765625,101.953125,53.70117,105.20508,28.652344,3.4669557
5.185547,101.60156,53.61328,105.20508,28.388672,6.1755147
5.185547,101.51367,53.61328,105.20508,28.21289,10.617551
5.185547,101.51367,53.61328,105.20508,28.21289,16.359697
5.09765625,101.60156,53.61328,105.20508,28.21289,20.476706
4.8339844,101.60156,53.70117,105.20508,28.21289,25.24377
4.658203,101.60156,54.316406,105.20508,28.21289,30.444204
4.5703125,101.60156,55.01953,105.20508,28.21289,35.536297
4.482422,101.60156,55.8984375,105.20508,28.21289,41.27844
4.482422,101.60156,56.33789,105.20508,28.21289,45.178764
4.39453125,101.77734,57.041016,105.20508,28.21289,47.562298
4.39453125,102.12891,57.48047,105.20508,28.21289,49.07909
4.39453125,102.30469,57.56836,105.20508,28.21289,49.729145
4.39453125,102.39258,57.56836,105.20508,28.21289,49.837486
4.39453125,102.56836,57.56836,105.20508,28.21289,49.837486
4.39453125,102.65625,57.56836,105.20508,28.21289,50.05417
4.39453125,102.65625,58.0078125,105.20508,28.21289,51.02925
4.39453125,102.65625,58.447266,105.20508,28.21289,51.895992
3.9550781,102.56836,58.79883,105.20508,28.21289,53.08776
3.515625,102.56836,59.765625,105.20508,28.21289,54.387867
2.98828125,102.65625,60.73242,104.94141,28.21289,55.57963
2.8125,102.65625,61.96289,104.50195,28.21289,56.446373
2.28515625,102.65625,63.6328125,103.359375,28.21289,56.663055
1.8457031,102.65625,65.6543,101.42578,28.21289,56.55471
1.6699219,102.74414,68.203125,98.87695,28.21289,56.446373
1.58203125,102.83203,71.015625,96.94336,28.21289,56.229687
1.8457031,102.83203,73.740234,94.74609,28.21289,56.33803
2.1972656,102.83203,76.28906,92.63672,28.21289,56.988083
2.5488281,102.83203,78.83789,90.703125,28.125,57.31311
2.8125,102.83203,81.38672,88.59375,27.861328,57.42145
3.1640625,102.83203,83.93555,86.2207,27.333984,57.42145
3.33984375,102.83203,86.396484,83.93555,27.333984,57.42145
3.6035156,102.74414,88.50586,82.00195,27.333984,57.638138
3.9550781,102.65625,90.08789,80.33203,27.333984,58.288193
4.3066406,102.12891,90.791016,79.27734,27.333984,58.72156
4.658203,101.16211,91.49414,78.134766,27.158203,59.26327
5.09765625,99.93164,92.021484,77.16797,26.63086,59.69664
5.44921875,98.52539,92.28516,76.552734,26.455078,60.238354
5.888672,97.20703,92.37305,75.76172,26.279297,60.671722
6.328125,96.06445,92.46094,74.44336,26.015625,60.88841
6.591797,94.921875,92.8125,72.77344,25.6640625,60.88841
6.6796875,93.86719,93.603516,71.54297,25.40039,60.88841
6.6796875,92.8125,94.13086,70.3125,25.3125,60.34669
6.591797,91.75781,94.74609,69.16992,25.136719,58.938248
6.50390625,90.615234,95.09766,68.90625,24.9609375,57.85482
6.50390625,89.64844,95.18555,68.55469,24.9609375,56.87974
6.50390625,88.59375,95.27344,67.85156,24.9609375,56.988083
6.591797,88.06641,95.09766,67.23633,24.873047,55.57963
6.591797,87.890625,95.009766,66.796875,24.521484,54.821236
6.591797,87.53906,94.833984,66.35742,24.2578125,54.71289
6.591797,87.1875,94.833984,66.18164,24.2578125,54.60455
6.6796875,87.1875,94.833984,66.09375,24.2578125,53.846157
6.767578,87.1875,94.74609,65.74219,24.2578125,52.112675
6.767578,87.1875,94.74609,65.302734,24.2578125,49.945827
6.767578,87.36328,94.74609,64.6875,24.2578125,46.262188
6.767578,87.45117,94.74609,64.072266,24.169922,41.061756
7.03125,87.802734,94.74609,63.36914,23.81836,35.536297
7.20703125,88.1543,94.74609,63.01758,23.378906,30.119177
7.3828125,88.50586,94.833984,62.490234,23.203125,23.943663
7.734375,88.59375,94.833984,61.875,22.41211,18.634886
7.734375,88.59375,94.57031,61.875,22.1484375,15.492958
7.55859375,88.59375,94.04297,61.875,21.533203,14.626219
7.470703,88.59375,93.86719,61.875,20.7421875,14.517877
7.470703,88.76953,93.86719,62.13867,20.390625,14.517877
7.470703,89.12109,93.86719,62.490234,20.126953,14.517877
7.470703,89.56055,93.86719,62.666016,19.863281,14.517877
7.470703,90.35156,93.86719,63.808594,19.511719,14.517877
7.3828125,91.14258,93.95508,64.59961,19.248047,14.517877
7.3828125,92.197266,93.95508,65.302734,19.248047,14.517877
7.3828125,93.33984,93.7793,66.26953,19.072266,14.517877
7.3828125,94.57031,93.16406,67.93945,18.6328125,14.517877
7.3828125,95.71289,92.37305,69.96094,18.105469,14.517877
7.470703,96.85547,91.05469,72.86133,17.578125,14.517877
7.470703,98.26172,89.296875,75.234375,17.138672,14.517877
7.470703,99.66797,87.27539,77.34375,16.78711,14.517877
7.55859375,100.98633,84.72656,79.98047,16.611328,14.517877
7.55859375,101.865234,81.82617,83.4082,16.5234375,14.517877
7.6464844,102.2168,78.134766,87.53906,16.435547,14.517877
7.6464844,102.2168,73.828125,92.109375,16.611328,14.517877
7.734375,102.12891,69.3457,96.06445,16.78711,14.517877
7.998047,101.953125,64.42383,99.228516,16.699219,14.517877
8.4375,101.953125,59.15039,101.60156,16.611328,14.517877
9.052734,102.041016,53.964844,103.00781,16.347656,14.517877
9.84375,102.2168,49.746094,103.359375,16.083984,14.517877
10.986328,102.83203,45.878906,103.88672,15.644531,14.517877
12.568359,103.71094,43.066406,104.41406,15.380859,14.517877
14.238281,104.765625,40.95703,104.677734,15.029297,14.517877
16.083984,105.82031,39.19922,104.94141,14.677734,14.517877
18.105469,106.875,37.88086,105.0293,14.326172,14.517877
20.214844,107.92969,37.089844,105.0293,13.7109375,14.409534
22.5,108.984375,36.123047,105.0293,13.271484,14.409534
25.048828,109.77539,35.15625,105.0293,12.744141,14.409534
27.7734375,110.6543,34.1015625,104.853516,12.392578,14.409534
30.498047,111.44531,33.134766,104.58984,11.865234,14.409534
33.75,112.41211,32.60742,103.79883,11.6015625,14.409534
37.089844,113.4668,32.25586,102.2168,11.162109,14.409534
40.51758,114.43359,31.904297,100.37109,10.8984375,14.409534
43.76953,115.22461,31.640625,98.17383,11.074219,14.409534
46.933594,115.75195,31.376953,96.328125,11.074219,14.409534
49.746094,116.015625,31.201172,94.6582,11.074219,14.409534
52.20703,116.015625,31.02539,93.515625,11.074219,14.409534
54.316406,115.75195,30.84961,92.8125,11.162109,14.409534
55.98633,115.13672,30.84961,92.109375,11.6015625,14.409534
57.3046875,114.43359,30.84961,91.31836,12.3046875,14.409534
58.271484,113.4668,30.673828,90.43945,12.919922,14.409534
59.589844,112.23633,30.058594,89.56055,13.359375,14.409534
60.64453,110.56641,29.267578,88.68164,13.886719,14.409534
61.875,108.7207,27.949219,87.62695,14.501953,14.409534
63.28125,107.05078,26.982422,86.66016,15.1171875,14.409534
64.95117,105.64453,26.455078,85.51758,15.732422,14.409534
66.44531,104.41406,26.279297,84.19922,16.347656,14.409534
67.76367,103.18359,26.191406,82.96875,17.050781,14.409534
68.99414,102.2168,26.015625,81.82617,17.841797,14.409534
69.96094,101.51367,25.839844,80.5957,18.6328125,14.409534
70.66406,100.72266,25.6640625,79.89258,19.072266,14.409534
71.015625,100.2832,25.488281,79.365234,19.3359375,14.409534
71.2793,100.10742,25.488281,79.01367,19.511719,14.409534
71.45508,100.01953,25.488281,78.83789,19.59961,14.409534
71.54297,99.58008,25.488281,78.66211,19.77539,14.409534
71.54297,99.31641,25.488281,78.57422,19.77539,14.409534
71.54297,99.052734,25.488281,78.57422,19.77539,14.409534
71.54297,98.78906,25.488281,78.57422,19.6875,14.409534
71.54297,98.70117,25.488281,78.57422,19.3359375,14.409534
71.54297,98.70117,25.488281,78.66211,19.248047,14.409534
71.45508,98.70117,25.488281,78.75,19.248047,14.842903
71.36719,98.70117,25.488281,78.75,19.248047,18.093174
71.2793,98.70117,25.488281,78.75,18.984375,23.726978
71.19141,98.70117,25.488281,78.75,18.6328125,30.119177
71.015625,98.34961,25.488281,78.83789,18.36914,38.894905
70.927734,98.08594,25.488281,79.01367,18.19336,47.995667
70.927734,97.99805,25.488281,79.365234,18.105469,57.42145
70.927734,97.55859,25.488281,79.80469,18.105469,66.088844
70.927734,97.20703,25.488281,79.89258,17.9296875,72.58938
71.015625,97.03125,25.488281,79.98047,17.578125,76.70639
71.103516,96.94336,25.488281,79.98047,17.314453,78.98158
71.103516,96.94336,25.488281,80.15625,17.2265625,80.065
71.103516,97.11914,25.488281,80.5957,17.138672,80.28169
71.015625,97.11914,25.3125,80.771484,17.138672,80.065
70.927734,97.20703,25.136719,80.771484,17.138672,79.63164
70.83984,97.20703,25.136719,80.947266,16.96289,78.656555
70.57617,97.11914,25.136719,81.47461,16.611328,77.68147
70.48828,97.11914,25.136719,81.73828,16.435547,77.03142
70.40039,97.11914,25.136719,81.82617,16.259766,76.70639
70.3125,97.11914,25.136719,81.82617,16.083984,76.16468
70.3125,97.11914,25.136719,81.82617,15.556641,75.29794
70.3125,97.11914,25.136719,81.82617,15.380859,73.99783
70.40039,97.11914,25.136719,81.82617,15.205078,72.04767
70.40039,97.11914,24.9609375,81.82617,15.029297,68.90574
70.40039,97.11914,24.697266,81.73828,14.677734,64.89707
70.40039,97.11914,24.521484,81.73828,14.4140625,59.371613
70.40039,97.11914,24.345703,81.5625,14.326172,52.437706
70.3125,97.11914,23.81836,81.29883,13.974609,44.312027
69.96094,97.11914,23.203125,81.12305,13.535156,35.21127
69.697266,97.11914,22.8515625,81.12305,13.271484,26.11051
69.3457,97.20703,22.763672,81.12305,13.0078125,17.334778
68.81836,97.4707,22.763672,81.12305,12.568359,11.0509205
68.37891,97.646484,22.763672,81.12305,12.3046875,7.1505957
67.85156,97.91016,22.763672,81.12305,12.216797,4.6587214
67.41211,98.17383,22.763672,81.12305,12.128906,4.0086675
66.796875,98.78906,23.027344,81.12305,12.128906,2.9252439
65.91797,99.31641,23.291016,81.12305,12.128906,1.9501624
65.12695,99.93164,23.81836,81.12305,12.128906,1.4084507
64.072266,100.458984,24.169922,81.12305,12.128906,1.0834236
62.490234,100.98633,24.345703,81.29883,11.953125,0.8667389
60.46875,101.60156,24.345703,81.47461,11.6015625,0.8667389
58.183594,102.30469,24.345703,81.82617,11.425781,0.8667389
55.1953125,103.447266,24.345703,81.82617,11.074219,0.8667389
51.6796875,104.94141,25.048828,81.82617,10.634766,0.8667389
47.90039,106.69922,26.279297,82.00195,10.371094,0.8667389
43.68164,108.63281,27.509766,82.00195,10.1953125,0.8667389
39.28711,110.6543,29.1796875,82.00195,10.371094,0.8667389
35.24414,112.58789,30.761719,82.00195,10.634766,0.8667389
31.201172,114.78516,32.08008,82.00195,10.986328,0.8667389
27.333984,116.71875,33.222656,82.00195,11.513672,0.8667389
23.027344,118.828125,34.365234,82.00195,12.041016,0.8667389
18.896484,120.9375,35.41992,82.177734,12.568359,0.8667389
14.677734,123.22266,36.47461,82.61719,13.271484,0.8667389
12.216797,125.33203,37.529297,82.79297,13.886719,0.8667389
10.546875,127.5293,38.496094,83.05664,14.238281,0.8667389
9.580078,129.81445,39.46289,83.759766,14.4140625,0.8667389
9.316406,132.1875,40.69336,84.46289,14.589844,0.8667389
8.0859375,135.08789,42.27539,84.72656,14.765625,0.8667389
6.85546875,138.07617,44.121094,84.81445,14.765625,0.8667389
5.0097656,141.41602,46.23047,85.166016,14.765625,0.8667389
3.8671875,144.84375,48.251953,85.95703,14.765625,0.8667389
3.8671875,148.359375,50.009766,87.27539,14.589844,0.8667389
4.3066406,151.69922,51.064453,88.85742,14.326172,0.8667389
3.9550781,155.21484,52.11914,90.615234,14.326172,0.8667389
3.69140625,159.4336,53.0859375,92.197266,14.677734,0.8667389
3.1640625,162.86133,54.316406,93.69141,14.589844,0.8667389
3.515625,167.34375,54.93164,95.53711,14.326172,0.8667389
4.21875,171.47461,56.25,95.71289,14.238281,0.8667389
3.9550781,175.86914,57.74414,97.29492,14.589844,0.8667389
4.04296875,180.52734,60.20508,98.26172,13.974609,0.8667389
5.5371094,184.21875,62.9296875,98.87695,14.326172,0.8667389
5.80078125,187.4707,65.302734,100.37109,14.589844,0.8667389
5.44921875,189.05273,66.09375,102.2168,14.853516,0.8667389
5.5371094,189.3164,66.708984,103.271484,15.556641,0.8667389
5.80078125,189.49219,68.203125,103.359375,15.46875,0.8667389
5.80078125,189.66797,70.04883,103.53516,15.46875,0.8667389
5.80078125,189.75586,71.45508,103.447266,15.556641,0.8667389
5.80078125,189.75586,73.30078,103.447266,15.732422,0.8667389
5.80078125,189.75586,75.84961,102.83203,15.8203125,0.8667389
5.80078125,189.75586,79.10156,102.12891,15.8203125,0.8667389
5.80078125,189.75586,82.5293,101.33789,15.908203,0.8667389
5.80078125,189.75586,86.484375,100.01953,15.908203,0.8667389
5.888672,189.75586,91.14258,98.34961,15.908203,0.8667389
5.888672,189.75586,95.88867,96.416016,15.8203125,0.8667389
5.888672,189.75586,100.72266,93.7793,15.46875,0.8667389
5.888672,189.75586,106.083984,90.52734,15.029297,0.8667389
5.888672,189.75586,111.5332,87.802734,14.4140625,0.8667389
6.15234375,189.75586,117.07031,84.990234,13.886719,0.8667389
6.50390625,189.75586,122.43164,82.353516,13.271484,0.8667389
7.20703125,189.75586,127.88086,80.24414,13.0078125,0.8667389
8.0859375,189.75586,133.0664,78.66211,13.359375,0.8667389
9.316406,189.75586,138.25195,77.69531,14.0625,0.8667389
10.546875,189.75586,142.91016,76.81641,14.150391,0.8667389
11.6015625,189.75586,147.2168,76.02539,13.886719,0.8667389
12.480469,189.75586,151.52344,75.41016,13.447266,0.8667389
13.271484,189.75586,154.95117,74.17969,12.480469,0.8667389
13.7109375,189.75586,157.93945,74.35547,12.3046875,0.8667389
14.0625,189.75586,160.22461,74.44336,10.986328,0.8667389
15.029297,189.75586,162.07031,74.53125,11.074219,0.8667389
14.941406,189.75586,162.86133,74.53125,10.8984375,0.8667389
15.1171875,189.75586,163.74023,74.53125,10.8984375,0.8667389
14.941406,189.75586,163.74023,74.53125,11.162109,0.8667389
14.941406,189.75586,164.35547,74.53125,11.074219,0.8667389
14.941406,189.75586,164.79492,74.35547,11.6015625,0.8667389
14.677734,189.75586,165.14648,74.35547,12.128906,0.8667389
14.238281,189.75586,165.76172,74.35547,12.3046875,0.8667389
13.798828,189.75586,166.20117,74.35547,12.216797,0.8667389
13.359375,189.75586,166.72852,74.26758,11.074219,0.8667389
12.832031,189.75586,167.25586,74.17969,10.283203,0.8667389
12.3046875,189.75586,167.43164,74.17969,10.019531,0.8667389
11.777344,189.75586,167.51953,74.17969,10.107422,0.8667389
11.6015625,189.75586,167.51953,74.17969,9.931641,0.8667389
11.6015625,189.75586,167.51953,74.17969,9.228516,0.8667389
11.689453,189.75586,167.51953,74.0918,8.173828,0.8667389
11.689453,189.75586,167.51953,74.00391,7.1191406,0.8667389
11.689453,189.75586,167.51953,73.916016,6.328125,0.8667389
11.6015625,189.75586,167.51953,73.916016,5.888672,0.8667389
11.6015625,189.75586,167.51953,73.916016,5.625,0.8667389
11.6015625,189.75586,167.51953,73.916016,5.185547,0.8667389
11.337891,189.75586,167.51953,73.916016,4.658203,0.8667389
11.25,189.75586,167.51953,73.916016,4.482422,0.8667389
11.074219,189.75586,167.51953,73.916016,4.3066406,0.8667389
10.986328,189.75586,167.51953,73.916016,4.21875,0.8667389
10.986328,189.75586,167.51953,73.916016,4.1308594,0.8667389
10.986328,189.75586,167.51953,73.916016,4.1308594,0.8667389
10.986328,189.75586,167.51953,73.916016,4.1308594,0.8667389
10.986328,189.75586,167.51953,73.916016,4.1308594,0.8667389
10.986328,189.75586,167.51953,73.916016,4.1308594,0.8667389
10.986328,189.75586,167.51953,73.916016,4.1308594,0.8667389
10.986328,189.75586,167.51953,73.916016,4.1308594,0.8667389
10.986328,189.75586,167.51953,73.916016,4.1308594,0.8667389
10.986328,189.75586,167.51953,73.916016,4.1308594,0.8667389
10.986328,189.75586,167.51953,73.916016,4.1308594,0.8667389
10.986328,189.75586,167.51953,73.916016,4.1308594,0.8667389
10.986328,189.75586,167.51953,73.916016,4.1308594,0.8667389
10.986328,189.75586,167.51953,73.916016,4.1308594,0.8667389
10.986328,189.75586,167.51953,73.916016,4.1308594,0.8667389
10.986328,189.75586,167.51953,73.916016,4.1308594,0.8667389
10.986328,189.75586,167.51953,73.916016,4.1308594,0.8667389
10.986328,189.75586,167.51953,73.916016,4.1308594,0.8667389
10.986328,189.75586,167.51953,73.916016,4.1308594,0.8667389
10.986328,189.75586,167.51953,73.916016,4.1308594,0.8667389
10.986328,189.75586,167.51953,73.916016,4.1308594,0.8667389
10.986328,189.75586,167.51953,73.916016,4.1308594,0.8667389
10.986328,189.75586,167.51953,73.916016,4.1308594,0.8667389
10.986328,189.75586,167.51953,73.916016,4.1308594,0.8667389
10.986328,189.75586,167.51953,73.916016,4.1308594,0.8667389
10.986328,189.75586,167.51953,73.916016,4.1308594,0.8667389
10.986328,189.75586,167.51953,73.916016,4.1308594,0.8667389
10.986328,189.75586,167.51953,73.916016,4.1308594,0.8667389
10.986328,189.75586,167.51953,73.916016,4.1308594,0.8667389
10.986328,189.75586,167.51953,73.916016,4.1308594,0.8667389
10.986328,189.75586,167.51953,73.916016,4.1308594,0.8667389
10.986328,189.75586,167.51953,73.916016,4.1308594,0.8667389
10.986328,189.75586,167.51953,73.916016,4.1308594,0.8667389
10.986328,189.75586,167.51953,73.916016,4.1308594,0.8667389
10.986328,189.75586,167.51953,73.916016,4.1308594,0.8667389
10.986328,189.75586,167.51953,73.916016,4.1308594,0.8667389
10.986328,189.75586,167.51953,73.916016,4.1308594,0.8667389
