6.580541,-98.916214,97.15026,-13.262495,6.178266,1.2362638
6.580541,-98.916214,97.15026,-13.262495,6.178266,1.2362638
6.580541,-98.916214,97.15026,-13.183785,6.178266,1.2362638
5.8538556,-98.916214,97.75475,-12.396694,5.6898656,0.96153843
4.158256,-98.916214,98.445595,-10.428965,4.6153846,0.82417583
2.1396852,-98.916214,98.87737,-7.6741443,3.052503,0.82417583
0.4440856,-98.916214,99.136444,-4.7619047,1.2454213,0.82417583
-0.6863141,-98.916214,99.30915,-2.479339,0.36630037,0.82417583
-1.8974566,-98.83285,99.30915,-0.9838646,-0.17094018,0.82417583
-2.3819137,-98.83285,99.30915,-0.118063755,-0.12210012,0.82417583
-2.6241422,-98.83285,99.30915,0.2754821,-0.46398047,0.82417583
-2.7856278,-98.83285,99.30915,0.43290043,-1.0012211,0.82417583
-2.7856278,-98.83285,99.30915,0.43290043,-1.1965812,0.82417583
-2.4626565,-98.83285,99.30915,0.43290043,-1.1965812,0.82417583
-2.3011708,-98.83285,99.30915,0.5116096,-1.0989012,0.82417583
-2.3011708,-98.83285,99.30915,0.5116096,-1.1965812,0.82417583
-2.3011708,-98.83285,99.30915,0.5903188,-1.1965812,0.82417583
-2.3011708,-98.83285,99.30915,0.5903188,-1.1965812,0.82417583
-2.3819137,-98.83285,99.30915,0.5903188,-1.0989012,0.82417583
-2.4626565,-98.83285,99.30915,0.5903188,-1.1965812,0.82417583
-2.4626565,-98.83285,99.30915,0.5903188,-1.1965812,0.82417583
-2.4626565,-98.83285,99.30915,0.5903188,-1.1965812,0.82417583
-2.3011708,-98.83285,99.30915,0.5903188,-1.1965812,0.82417583
-2.3011708,-98.83285,99.30915,0.5903188,-1.1965812,0.82417583
-2.3011708,-98.83285,99.30915,0.5903188,-1.1965812,0.82417583
-2.3011708,-98.83285,99.30915,0.5903188,-1.1965812,0.82417583
-2.3011708,-98.83285,99.30915,0.5903188,-1.1965812,0.82417583
-2.3011708,-98.83285,99.30915,0.5903188,-1.1965812,0.82417583
-2.3011708,-98.83285,99.30915,0.5903188,-1.1965812,0.82417583
-2.3011708,-98.83285,99.30915,0.5903188,-1.1965812,0.82417583
-2.3011708,-98.83285,99.30915,0.5903188,-1.1965812,0.82417583
-2.3011708,-98.83285,99.30915,0.5903188,-1.1965812,0.82417583
-2.3011708,-98.83285,99.30915,0.5903188,-1.0500611,0.82417583
-2.3011708,-98.83285,99.30915,0.5903188,-0.7570208,0.82417583
-2.3011708,-98.83285,99.30915,0.5903188,-0.5616606,0.82417583
-2.3011708,-98.83285,99.30915,0.5903188,-0.41514042,0.82417583
-2.3011708,-98.83285,99.30915,0.5903188,-0.46398047,0.82417583
-2.3819137,-98.83285,99.30915,0.5903188,-0.7081807,0.82417583
-2.3819137,-98.83285,99.30915,0.5903188,-0.61050063,0.82417583
-2.3011708,-98.83285,99.30915,0.5903188,-0.36630037,0.82417583
-2.220428,-98.83285,99.30915,0.2754821,0.024420025,0.82417583
-2.3819137,-98.83285,99.30915,0.039354585,0.024420025,0.82417583
-2.5433993,-98.83285,99.30915,-0.118063755,-0.024420025,0.82417583
-2.6241422,-98.83285,99.30915,-0.118063755,0.07326008,0.82417583
-2.5433993,-98.83285,99.30915,-0.118063755,0.41514042,0.82417583
-2.3011708,-98.83285,99.30915,-0.118063755,0.85470086,0.82417583
-2.3011708,-98.83285,99.30915,-0.118063755,1.0989012,0.82417583
-2.3011708,-98.83285,99.30915,-0.118063755,0.7081807,0.82417583
-2.4626565,-98.83285,99.30915,-0.118063755,-0.024420025,0.82417583
-2.6241422,-98.83285,99.30915,-0.118063755,-1.1965812,0.82417583
-2.704885,-98.83285,99.30915,-0.35419127,-2.4175825,0.82417583
-2.5433993,-98.83285,99.30915,-0.8264463,-2.7106228,0.82417583
-1.8974566,-98.83285,99.30915,-1.1412829,-2.905983,0.82417583
-1.4129996,-98.83285,99.30915,-1.2987013,-2.954823,0.82417583
-1.1707711,-98.83285,99.30915,-1.2987013,-3.4920635,0.82417583
-1.1707711,-98.83285,99.30915,-1.1412829,-4.029304,0.82417583
-0.9285426,-98.83285,99.30915,-0.7477371,-4.224664,0.82417583
-0.9285426,-98.83285,99.30915,-0.19677292,-4.3223443,0.82417583
-1.0092854,-98.83285,99.2228,0.43290043,-4.4688644,0.82417583
-1.1707711,-98.83285,98.704666,1.3774104,-4.4688644,0.82417583
-1.1707711,-98.83285,98.18653,2.479339,-4.4688644,0.82417583
-1.251514,-98.83285,97.668396,3.502558,-4.4688644,0.82417583
-1.251514,-98.83285,96.89119,4.368359,-4.2735043,0.82417583
-1.0900283,-98.24927,96.02763,4.998032,-4.078144,0.82417583
-1.0092854,-97.248856,95.07772,5.23416,-3.7362638,0.82417583
-1.0092854,-96.248436,94.12781,5.23416,-3.7851038,0.82417583
-1.0092854,-95.16465,93.26425,5.23416,-3.7851038,0.82417583
-1.0092854,-93.9975,92.40069,5.23416,-3.7851038,0.82417583
-1.1707711,-92.66361,91.62349,5.23416,-3.6385837,0.82417583
-1.3322568,-91.413086,90.93264,5.23416,-3.7851038,0.82417583
-1.4129996,-90.32931,90.50086,5.23416,-3.7851038,0.82417583
-1.3322568,-89.16215,90.328156,5.155451,-3.8339438,0.82417583
-1.1707711,-88.2451,90.2418,4.6044865,-3.8339438,0.82417583
-1.0092854,-87.32806,90.2418,3.974813,-3.882784,0.82417583
-1.0092854,-86.57774,90.2418,3.2664306,-4.126984,0.82417583
-1.0092854,-85.9108,90.2418,2.558048,-4.3223443,0.82417583
-1.0092854,-85.24385,90.069084,1.7709563,-4.3223443,0.82417583
-1.0092854,-84.41017,89.72366,1.0625738,-4.175824,0.82417583
-1.0092854,-83.326385,89.378235,0.118063755,-3.931624,0.82417583
-1.0092854,-82.15923,89.032814,-1.1412829,-3.7851038,0.82417583
-1.0092854,-80.82534,88.77375,-2.6367571,-3.6874237,0.82417583
-1.0092854,-79.65819,88.42832,-4.053522,-3.6385837,0.82417583
-1.0092854,-78.3243,88.0829,-5.391578,-3.6385837,0.82417583
-0.9285426,-76.74031,87.65112,-6.8870525,-3.6385837,0.82417583
-0.76705694,-74.98958,87.13299,-8.539945,-3.6385837,0.82417583
-0.4440856,-73.238846,86.528496,-10.114128,-3.6385837,0.82417583
-0.121114254,-71.57149,85.924,-11.609603,-3.6385837,0.82417583
0.20185709,-69.65402,85.146805,-13.026367,-3.6385837,0.82417583
0.28259993,-67.90329,84.369606,-14.600551,-3.6385837,0.82417583
0.28259993,-66.402664,83.5924,-16.096025,-3.6385837,0.82417583
0.28259993,-64.90205,82.90156,-17.5915,-3.6385837,0.82417583
0.28259993,-63.484787,82.12435,-18.929556,-3.6385837,0.82417583
0.20185709,-62.234264,81.260796,-20.346321,-3.6385837,0.82417583
0.20185709,-60.900375,80.56995,-21.763086,-3.5897436,0.82417583
0.28259993,-59.649853,79.965454,-23.022432,-3.4432235,0.82417583
0.36334276,-58.315964,79.36097,-24.281778,-3.1501832,0.82417583
0.4440856,-56.982075,78.842834,-25.619835,-2.7594628,0.82417583
0.60557127,-55.398083,78.41106,-26.957891,-2.4175825,0.82417583
0.76705694,-53.563984,77.72021,-28.059818,-2.0757022,0.82417583
0.8477998,-51.479782,76.68394,-29.00433,-1.7338217,0.82417583
0.9285426,-49.47895,75.56131,-29.634003,-1.3919414,0.82417583
0.9285426,-47.39475,74.17962,-30.027548,-1.0012211,0.82417583
0.9285426,-45.477283,72.62521,-30.184967,-0.6593407,0.82417583
0.9285426,-43.80992,71.07081,-30.184967,-0.41514042,0.82417583
1.4129996,-42.392662,69.775475,-30.184967,-0.31746033,0.82417583
1.8974566,-41.058773,68.48014,-30.184967,-0.36630037,0.82417583
2.3819137,-39.97499,67.35751,-30.184967,-0.5616606,0.82417583
3.1085992,-38.80784,66.14853,-30.421095,-1.0500611,0.82417583
3.5123134,-37.724052,64.93955,-30.972057,-1.0500611,0.82417583
3.5123134,-36.640266,63.816925,-31.444313,-1.0500611,0.82417583
3.5123134,-35.55648,62.6943,-31.916569,-1.0500611,0.82417583
3.5123134,-34.556065,61.65803,-32.310116,-1.0500611,0.82417583
3.189342,-33.55565,60.88083,-32.782368,-1.0500611,0.82417583
2.9471135,-32.6386,60.189983,-33.490753,-1.0012211,0.82417583
2.9471135,-31.471447,59.58549,-34.43526,-0.95238096,0.82417583
2.9471135,-30.387661,58.894646,-35.222355,-1.3431014,0.82417583
2.9471135,-29.303877,57.944733,-35.694607,-2.0268621,0.82417583
2.9471135,-28.30346,57.081173,-36.009445,-2.5152626,0.82417583
2.9471135,-27.386412,56.13126,-36.009445,-2.857143,0.82417583
2.6241422,-26.719467,55.267704,-36.009445,-3.1990232,0.82417583
2.220428,-26.219257,54.74957,-36.009445,-3.5409036,0.82417583
1.735971,-25.802418,54.31779,-35.694607,-3.931624,0.82417583
1.1707711,-25.635681,54.231434,-35.379772,-4.175824,0.82417583
0.8477998,-25.635681,54.231434,-35.064934,-4.7619047,0.82417583
0.8477998,-25.552313,54.231434,-35.064934,-5.5921855,0.82417583
0.8477998,-25.552313,54.231434,-35.064934,-6.080586,0.82417583
1.0900283,-25.552313,54.231434,-34.986225,-6.5201464,0.82417583
1.3322568,-25.552313,54.231434,-34.986225,-6.8620267,0.82417583
1.3322568,-25.552313,54.231434,-34.907516,-7.203907,0.82417583
1.1707711,-25.552313,54.231434,-34.907516,-7.6923075,0.82417583
1.0092854,-25.552313,54.231434,-34.907516,-8.180708,0.82417583
0.6863141,-25.218842,54.231434,-34.907516,-8.473748,0.82417583
0.60557127,-24.718634,54.058723,-34.67139,-8.815629,0.82417583
0.60557127,-24.218424,53.7133,-34.277843,-9.059829,0.82417583
0.8477998,-23.801584,53.367874,-33.72688,-9.40171,0.82417583
1.3322568,-23.384743,52.936096,-33.254623,-9.645909,0.82417583
2.0589423,-22.967903,52.41796,-32.782368,-9.89011,0.82417583
2.7856278,-22.551064,51.554405,-32.231403,-10.13431,0.82417583
3.5930562,-22.134222,50.690845,-31.68044,-10.52503,0.82417583
4.4004846,-21.717382,49.82729,-31.208185,-11.013431,0.82417583
5.12717,-21.38391,49.13644,-30.65722,-11.843712,0.82417583
5.69237,-21.133806,48.61831,-30.263676,-12.918193,0.82417583
6.25757,-21.050438,48.186527,-30.184967,-14.1391945,0.82417583
6.580541,-21.050438,48.013817,-30.027548,-15.360195,0.82417583
6.661284,-21.050438,47.92746,-29.87013,-16.532356,0.82417583
6.661284,-21.050438,47.92746,-29.87013,-17.802198,0.82417583
6.661284,-20.96707,47.92746,-29.712711,-18.632479,0.82417583
6.580541,-20.96707,47.92746,-29.555294,-19.16972,0.82417583
6.4997983,-20.96707,47.92746,-29.397875,-19.072039,0.82417583
6.4190555,-20.96707,47.92746,-29.240456,-18.534798,0.82417583
6.3383126,-20.96707,47.92746,-29.00433,-17.802198,0.82417583
6.0153413,-20.96707,47.92746,-28.92562,-17.167276,0.82417583
5.773113,-20.96707,47.92746,-28.84691,-16.385836,0.82417583
5.4501414,-20.96707,47.92746,-28.610783,-15.2136755,0.82417583
5.0464272,-20.96707,47.92746,-28.610783,-13.748474,0.82417583
4.8849416,-20.96707,47.92746,-28.295946,-12.087913,0.82417583
4.8849416,-20.96707,47.92746,-27.98111,-10.23199,0.82417583
4.8849416,-20.96707,47.92746,-27.666273,-8.327229,0.82417583
4.8849416,-20.96707,47.92746,-27.587564,-6.4713063,0.82417583
4.9656844,-20.96707,47.92746,-27.587564,-4.7130647,0.82417583
5.0464272,-20.96707,47.92746,-27.587564,-3.1501832,0.82417583
5.12717,-20.96707,47.92746,-27.587564,-1.6849817,0.82417583
5.12717,-20.96707,47.92746,-27.430145,-0.31746033,0.82417583
5.207913,-20.96707,47.92746,-26.800472,1.0012211,0.82417583
5.207913,-20.96707,47.92746,-25.855963,2.3687425,0.82417583
5.207913,-20.96707,47.92746,-24.675325,3.7362638,0.82417583
5.2886558,-20.96707,47.92746,-23.573397,5.152625,0.82417583
5.3693986,-20.96707,47.92746,-22.550177,6.6178265,0.82417583
5.69237,-20.96707,47.92746,-21.526958,7.8876677,0.82417583
5.9345984,-20.96707,47.92746,-20.503738,8.864469,0.82417583
6.096084,-20.96707,47.92746,-19.637938,9.645909,0.82417583
6.4190555,-20.96707,47.92746,-18.61472,10.08547,0.82417583
6.742027,-20.96707,47.92746,-17.670208,10.81807,0.82417583
6.9035125,-20.96707,47.92746,-17.119244,11.4529915,0.82417583
6.9842553,-20.96707,47.92746,-17.040535,11.4529915,0.82417583
6.9035125,-20.96707,47.92746,-17.119244,11.159951,0.82417583
6.742027,-20.96707,47.92746,-17.355371,10.769231,0.82417583
6.580541,-20.96707,47.92746,-17.748919,10.32967,0.82417583
6.580541,-20.96707,47.92746,-18.221172,9.8412695,0.82417583
6.4997983,-21.050438,47.92746,-18.61472,9.206349,0.82417583
6.4997983,-21.133806,47.92746,-19.086973,8.376068,0.82417583
6.4997983,-21.133806,47.92746,-19.716646,7.4481072,0.82417583
6.4997983,-21.133806,47.92746,-20.582447,6.4224663,0.82417583
6.4997983,-21.133806,47.92746,-21.448248,5.4945054,0.82417583
6.661284,-21.133806,47.92746,-22.23534,4.7130647,0.82417583
6.9035125,-21.133806,47.92746,-22.943724,4.029304,0.82417583
7.3879695,-21.133806,47.92746,-23.415977,3.6874237,0.82417583
7.9531693,-21.133806,47.92746,-23.730814,3.4920635,0.82417583
8.679854,-21.133806,47.92746,-23.809525,3.2967033,0.82417583
9.568026,-21.133806,47.58204,-23.809525,3.1501832,0.82417583
10.53694,-21.050438,47.063904,-23.809525,3.003663,0.82417583
11.748082,-20.633596,46.027634,-23.809525,2.905983,0.82417583
12.959225,-19.883286,44.645943,-23.809525,2.8083029,0.82417583
14.331853,-18.882868,43.264248,-23.809525,2.7594628,0.82417583
15.785224,-17.632347,41.709843,-23.809525,2.7594628,0.82417583
17.238596,-16.21509,40.069084,-23.809525,2.8083029,0.82417583
18.691967,-14.631096,38.16926,-23.809525,2.8083029,0.82417583
20.145336,-12.880367,36.183075,-23.730814,2.8083029,0.82417583
21.598707,-11.046269,34.110535,-23.652105,2.7106228,0.82417583
22.971336,-9.045436,31.692574,-23.652105,2.6129427,0.82417583
24.182478,-6.9612336,29.360968,-23.652105,2.5152626,0.82417583
25.474363,-5.0437684,26.943005,-23.652105,2.5152626,0.82417583
26.685507,-3.2096708,24.611399,-23.573397,2.5152626,0.82417583
27.815907,-1.3755732,22.279793,-23.25856,2.5152626,0.82417583
28.946306,0.12505211,20.034542,-22.786304,2.5641026,0.82417583
29.834476,1.2922051,18.221071,-22.628887,2.6129427,0.82417583
30.48042,2.1258857,16.925734,-22.628887,2.4664226,0.82417583
30.80339,2.2926219,16.321243,-22.628887,2.1733823,0.82417583
30.80339,2.2092538,16.234888,-22.628887,2.1245422,0.82417583
30.80339,2.2092538,16.234888,-22.628887,2.1245422,0.82417583
30.722649,1.9591496,16.493956,-22.628887,2.2222223,0.82417583
30.238192,1.3755732,17.616581,-22.707596,2.2710624,0.82417583
29.834476,0.7086286,18.998272,-22.786304,2.3199024,0.82417583
29.35002,-0.041684035,20.552677,-22.786304,2.5152626,0.82417583
28.865562,-0.8753647,22.10708,-22.786304,2.6617827,0.82417583
28.21962,-1.7090454,23.661486,-23.022432,2.8083029,0.82417583
27.492935,-2.7928302,25.388601,-23.337269,2.954823,0.82417583
26.685507,-3.9599833,27.28843,-23.573397,3.1013432,0.82417583
25.878078,-5.2938724,29.1019,-23.966942,3.1990232,0.82417583
24.909164,-6.7944975,30.91537,-24.281778,3.2478633,0.82417583
23.859507,-8.378491,32.901554,-24.439198,3.2478633,0.82417583
22.80985,-10.045853,34.715027,-24.596615,3.2478633,0.82417583
21.598707,-11.796582,36.614853,-24.675325,3.2478633,0.82417583
20.306822,-13.714047,38.687393,-24.754034,3.1990232,0.82417583
18.934195,-15.798249,40.673576,-24.754034,3.052503,0.82417583
17.400082,-17.88245,42.65976,-24.754034,2.905983,0.82417583
15.785224,-20.133389,44.559586,-24.754034,2.6129427,0.82417583
14.008882,-22.384327,46.45941,-24.596615,2.4175825,0.82417583
12.232539,-24.718634,48.272884,-24.360489,2.3199024,0.82417583
10.294711,-26.802835,49.913643,-24.281778,2.3199024,0.82417583
8.437626,-28.553564,51.38169,-24.281778,2.3199024,0.82417583
6.580541,-30.137558,52.763386,-24.281778,2.2710624,0.82417583
4.56197,-31.554815,54.145077,-24.281778,2.1733823,0.82417583
2.704885,-32.6386,55.267704,-24.517906,1.9291819,0.82417583
0.8477998,-33.47228,56.303974,-24.675325,1.4407815,0.82417583
-0.76705694,-34.139225,57.081173,-24.911451,0.9035409,0.82417583
-2.220428,-34.639435,57.685665,-24.990162,0.41514042,0.82417583
-3.5123134,-34.806168,57.944733,-24.990162,-0.12210012,0.82417583
-4.8041987,-34.806168,57.944733,-25.06887,-0.8058608,0.82417583
-6.3383126,-34.639435,57.944733,-25.06887,-1.5384616,0.82417583
-7.9531693,-33.97249,57.944733,-25.06887,-2.0757022,0.82417583
-9.487283,-32.888702,57.512955,-25.06887,-2.5152626,0.82417583
-11.182882,-31.471447,56.908463,-25.06887,-2.905983,0.82417583
-12.878482,-29.970821,55.95855,-24.990162,-3.2478633,0.82417583
-14.412596,-28.553564,54.74957,-24.596615,-3.5897436,0.82417583
-15.704481,-27.052938,53.367874,-24.360489,-3.931624,0.82417583
-16.754139,-25.71905,51.899826,-24.124361,-4.2735043,0.82417583
-17.64231,-24.301792,50.345425,-23.652105,-4.5177045,0.82417583
-18.288252,-22.884535,48.704662,-23.25856,-4.908425,0.82417583
-18.934195,-21.550646,47.063904,-23.022432,-5.3968253,0.82417583
-19.33791,-20.05002,45.42314,-22.550177,-5.8363857,0.82417583
-19.903109,-18.716131,43.696026,-22.156631,-6.227106,0.82417583
-20.468307,-17.215506,41.96891,-21.605667,-6.5689864,0.82417583
-20.872023,-15.631514,40.15544,-20.818575,-7.008547,0.82417583
-21.35648,-13.964151,38.25561,-20.26761,-7.4481072,0.82417583
-21.598707,-12.130054,36.355785,-19.795357,-7.8388276,0.82417583
-21.679451,-10.379325,34.62867,-19.244392,-8.034188,0.82417583
-21.679451,-8.461859,32.642487,-18.4573,-8.034188,0.82417583
-21.517965,-6.7111297,30.569948,-17.51279,-8.034188,0.82417583
-21.35648,-4.8770323,28.49741,-16.56828,-8.034188,0.82417583
-21.194994,-3.1263027,26.42487,-15.859898,-8.034188,0.82417583
-21.033508,-1.3755732,24.438688,-15.308933,-8.034188,0.82417583
-20.872023,0.20842017,22.366148,-14.67926,-8.034188,0.82417583
-20.549051,1.8757815,20.207254,-14.049587,-8.034188,0.82417583
-20.22608,3.376407,18.048359,-13.419913,-8.034188,0.82417583
-19.741623,4.9604,15.803109,-12.79024,-8.034188,0.82417583
-19.176424,6.5443935,13.385147,-12.081858,-7.9853477,0.82417583
-18.611223,8.1283865,11.139896,-11.294765,-7.9853477,0.82417583
-17.96528,9.71238,8.721934,-10.586383,-7.9853477,0.82417583
-17.480824,11.379742,6.2176166,-9.641873,-7.9853477,0.82417583
-17.157852,13.047103,3.626943,-8.7760725,-7.9853477,0.82417583
-17.157852,14.631096,1.0362694,-7.6741443,-8.034188,0.82417583
-17.157852,15.881618,-1.4680483,-6.6509247,-8.083028,0.82417583
-17.157852,17.04877,-3.972366,-5.5489964,-8.083028,0.82417583
-17.319338,18.215923,-6.3039722,-4.368359,-8.083028,0.82417583
-17.561567,18.966236,-8.549223,-3.1877213,-8.083028,0.82417583
-17.723053,19.466444,-10.44905,-2.085793,-8.083028,0.82417583
-17.803795,19.549812,-11.658031,-1.3774104,-8.034188,0.82417583
-17.803795,19.549812,-12.262522,-1.0625738,-8.034188,0.82417583
-17.803795,19.549812,-12.348877,-1.0625738,-8.034188,0.82417583
-17.64231,19.383076,-12.348877,-1.0625738,-8.034188,0.82417583
-17.561567,18.966236,-11.744387,-1.0625738,-7.9365077,0.82417583
-17.480824,18.132555,-10.276339,-1.0625738,-7.7899876,0.82417583
-17.400082,16.798666,-7.944732,-1.0625738,-7.6434674,0.82417583
-17.319338,14.964568,-5.0086355,-1.0625738,-7.5946274,0.82417583
-17.319338,12.880367,-1.64076,-1.0625738,-7.4481072,0.82417583
-17.319338,10.546061,1.8134716,-1.1412829,-7.399267,0.82417583
-17.319338,8.045019,5.699482,-1.3774104,-7.301587,0.82417583
-17.319338,5.2938724,9.412781,-1.5348288,-7.203907,0.82417583
-17.319338,2.459358,13.12608,-1.5348288,-7.008547,0.82417583
-17.157852,-0.7086286,16.753023,-1.5348288,-6.8620267,0.82417583
-16.83488,-3.8766153,20.120897,-1.5348288,-6.6666665,0.82417583
-16.51191,-7.211338,23.402418,-1.5348288,-6.4713063,0.82417583
-15.94671,-10.796165,26.25216,-1.2987013,-6.275946,0.82417583
-15.220024,-14.380992,28.929188,-0.9051555,-5.982906,0.82417583
-14.412596,-18.132555,31.519861,-0.7477371,-5.7387056,0.82417583
-13.524425,-21.967487,34.110535,-0.6690279,-5.3968253,0.82417583
-12.5555105,-25.71905,36.442142,-0.43290043,-5.054945,0.82417583
-11.425111,-29.55398,38.773746,-0.35419127,-4.7619047,0.82417583
-10.375454,-33.13881,41.105354,-0.35419127,-4.3711843,0.82417583
-9.083569,-36.5569,43.177895,-0.35419127,-3.931624,0.82417583
-7.8724265,-39.97499,45.42314,-0.35419127,-3.5897436,0.82417583
-6.8227696,-43.142975,47.668392,-0.35419127,-3.3455434,0.82417583
-6.0153413,-46.227596,49.740932,-0.35419127,-3.1501832,0.82417583
-5.3693986,-48.97874,51.986183,-0.35419127,-3.003663,0.82417583
-4.8849416,-51.813255,54.145077,-0.35419127,-2.6617827,0.82417583
-4.56197,-54.564404,56.476685,-0.35419127,-2.2710624,0.82417583
-4.4812274,-57.315548,58.63558,-0.35419127,-1.8315018,0.82417583
-4.3197417,-59.89996,60.967186,-0.35419127,-1.4896215,0.82417583
-4.238999,-62.401,63.212437,-0.039354585,-1.0989012,0.82417583
-4.077513,-64.735306,65.02591,0.5116096,-0.46398047,0.82417583
-3.8352847,-66.986244,66.75302,1.1412829,0.12210012,0.82417583
-3.673799,-69.15382,68.39378,1.4561197,0.7081807,0.82417583
-3.5123134,-71.15465,70.120895,1.4561197,0.95238096,0.82417583
-3.4315705,-72.98875,71.76166,1.5348288,1.3919414,0.82417583
-3.189342,-74.57274,73.31606,1.5348288,1.978022,0.82417583
-3.189342,-76.15673,75.043175,1.3774104,2.6129427,0.82417583
-3.189342,-77.65736,77.115715,0.6690279,3.2478633,0.82417583
-3.189342,-79.074615,79.44733,-0.35419127,3.7851038,0.82417583
-3.189342,-80.24177,81.86529,-1.6922472,4.4200244,0.82417583
-3.1085992,-81.24219,84.28325,-3.1090121,4.6153846,0.82417583
-2.9471135,-81.90913,86.61485,-4.919323,4.810745,0.82417583
-2.6241422,-82.2426,88.94646,-6.808343,5.054945,0.82417583
-2.3011708,-82.15923,90.58722,-8.697363,5.103785,0.82417583
-2.220428,-81.65903,91.450775,-10.586383,5.250305,0.82417583
-2.3011708,-81.07545,91.70985,-12.868949,5.4456654,0.82417583
-2.4626565,-80.1584,91.70985,-15.308933,5.7875457,0.82417583
-2.6241422,-78.657776,91.450775,-18.221172,6.275946,0.82417583
-2.6241422,-76.40684,90.84628,-21.054703,6.373626,0.82417583
-2.0589423,-73.90579,90.50086,-23.888233,6.373626,0.82417583
-1.3322568,-71.07128,90.15544,-26.800472,6.373626,0.82417583
-0.60557127,-68.07003,89.72366,-29.555294,6.373626,0.82417583
0.52482843,-65.06878,89.291885,-32.073986,6.373626,0.82417583
1.6552281,-62.484367,88.94646,-34.277843,6.324786,0.82417583
2.704885,-59.89996,88.601036,-36.24557,6.129426,0.82417583
3.673799,-57.23218,87.82384,-38.213303,5.885226,0.82417583
4.4004846,-54.564404,86.873924,-40.18103,5.5433455,0.82417583
5.207913,-51.89662,85.837654,-42.07005,5.3479853,0.82417583
5.9345984,-49.228844,84.54231,-43.722942,5.250305,0.82417583
6.580541,-46.644436,82.90156,-45.297127,5.201465,0.82417583
7.226484,-44.22676,81.17444,-46.63518,5.201465,0.82417583
7.8724265,-42.392662,79.36097,-47.73711,5.103785,0.82417583
8.356883,-41.058773,77.54749,-48.524204,4.859585,0.82417583
8.760597,-40.558567,76.079445,-49.153877,4.5177045,0.82417583
9.164311,-40.558567,74.87047,-49.78355,4.175824,0.82417583
9.245054,-40.641933,73.8342,-50.413223,3.8339438,0.82417583
9.325797,-40.975407,73.14335,-51.200314,3.3455434,0.82417583
9.245054,-41.22551,72.62521,-51.987408,3.052503,0.82417583
9.002826,-41.558983,72.36615,-52.61708,2.905983,0.82417583
8.84134,-41.72572,72.27979,-53.246754,2.8083029,0.82417583
8.518369,-41.72572,72.193436,-53.797718,2.7106228,0.82417583
8.27614,-41.64235,72.193436,-54.42739,2.7106228,0.82417583
8.27614,-41.392246,72.193436,-55.21448,2.8083029,0.82417583
8.437626,-40.641933,72.193436,-56.080284,2.954823,0.82417583
8.760597,-39.808254,72.193436,-57.02479,3.052503,0.82417583
9.164311,-38.72447,72.193436,-57.811886,3.052503,0.82417583
9.40654,-37.140476,72.193436,-58.520267,2.954823,0.82417583
9.729511,-35.306377,72.45251,-59.22865,2.7594628,0.82417583
9.810254,-33.305546,73.14335,-59.858322,2.7106228,0.82417583
9.890997,-31.054605,73.74784,-59.93703,2.7106228,0.82417583
9.97174,-28.803669,74.52504,-59.93703,2.7106228,0.82417583
9.97174,-26.55273,75.21589,-59.858322,2.7106228,0.82417583
9.890997,-24.635265,75.90674,-59.307358,2.7106228,0.82417583
9.890997,-23.384743,76.51122,-58.36285,2.7106228,0.82417583
9.890997,-22.884535,77.115715,-57.02479,2.7106228,0.82417583
9.890997,-22.801167,77.806564,-55.29319,2.5641026,0.82417583
9.890997,-22.801167,78.23834,-53.48288,2.3687425,0.82417583
9.890997,-22.801167,78.58376,-51.59386,2.0268621,0.82417583
9.810254,-23.051271,78.842834,-49.54742,1.6361417,0.82417583
9.810254,-23.884953,79.188255,-47.02873,1.3919414,0.82417583
9.890997,-25.218842,79.36097,-44.273907,1.3919414,0.82417583
9.890997,-26.886202,79.36097,-41.28296,1.3919414,0.82417583
9.890997,-28.887035,79.36097,-37.977173,1.2454213,0.82417583
9.810254,-30.971237,79.36097,-34.7501,1.1965812,0.82417583
9.648768,-33.05544,79.36097,-31.68044,1.1965812,0.82417583
9.164311,-34.639435,79.36097,-29.161747,1.2942613,0.82417583
8.679854,-35.973324,79.36097,-27.351437,1.4896215,0.82417583
8.195397,-36.97374,79.27461,-25.541126,1.7826618,0.82417583
7.549455,-37.724052,79.01554,-24.439198,2.0757022,0.82417583
6.8227696,-37.974155,79.01554,-24.360489,2.0757022,0.82417583
6.3383126,-38.057526,78.92919,-24.832743,1.8315018,0.82417583
6.096084,-38.057526,78.92919,-25.619835,1.7826618,0.82417583
5.9345984,-38.057526,78.842834,-26.564344,1.8315018,0.82417583
5.9345984,-38.057526,78.842834,-27.744982,1.8315018,0.82417583
5.9345984,-38.057526,78.842834,-29.476583,1.7826618,0.82417583
5.9345984,-38.057526,78.842834,-31.365604,1.8803419,0.82417583
5.773113,-38.22426,78.842834,-33.56946,2.0757022,0.82417583
5.611627,-38.6411,78.75648,-35.6159,2.2222223,0.82417583
5.4501414,-39.05794,78.41106,-37.50492,2.3687425,0.82417583
5.2886558,-39.47478,78.06563,-39.47265,2.5152626,0.82417583
5.207913,-40.058357,77.46114,-41.20425,2.5641026,0.82417583
5.207913,-40.80867,76.94301,-42.778435,2.6129427,0.82417583
5.2886558,-41.558983,76.51122,-44.195198,2.4664226,0.82417583
5.611627,-42.309296,76.079445,-45.533257,2.3687425,0.82417583
6.0153413,-43.226345,75.64767,-46.399055,2.3199024,0.82417583
6.4997983,-44.060024,75.3886,-47.107437,2.3199024,0.82417583
7.064998,-44.893707,75.21589,-47.343567,2.1245422,0.82417583
7.549455,-45.56065,75.21589,-47.343567,1.9291819,0.82417583
8.033912,-46.06086,75.21589,-47.107437,1.5873016,0.82417583
8.679854,-46.39433,75.21589,-46.477764,1.0989012,0.82417583
9.487283,-46.561066,75.21589,-45.375835,0.85470086,0.82417583
10.456197,-46.727802,75.12953,-43.880363,0.6593407,0.82417583
11.667339,-46.727802,74.87047,-41.912632,0.46398047,0.82417583
12.878482,-46.644436,74.52504,-39.551357,-0.17094018,0.82417583
14.089624,-46.4777,74.17962,-37.42621,-0.95238096,0.82417583
15.38151,-46.144226,73.66148,-35.301064,-2.0268621,0.82417583
16.673395,-46.06086,72.97064,-33.097206,-2.6129427,0.82417583
17.96528,-46.06086,72.45251,-30.578512,-3.1501832,0.82417583
18.772709,-46.06086,71.93437,-28.138529,-3.6874237,0.82417583
19.09568,-46.06086,71.502594,-25.777252,-4.5665445,0.82417583
19.176424,-46.06086,71.24352,-23.652105,-5.152625,0.82417583
19.176424,-46.144226,71.157166,-21.526958,-5.7387056,0.82417583
18.934195,-46.39433,71.157166,-19.716646,-6.178266,0.82417583
18.449738,-46.89454,71.157166,-17.906336,-7.008547,0.82417583
17.803795,-47.478115,71.157166,-16.253443,-7.7899876,0.82417583
17.157852,-48.14506,71.157166,-14.915388,-8.571428,0.82417583
16.431168,-48.812004,71.157166,-13.419913,-9.548229,0.82417583
15.38151,-49.562317,71.157166,-12.003148,-10.72039,0.82417583
14.493339,-50.145893,71.157166,-10.586383,-11.941392,0.82417583
13.928139,-50.562733,71.157166,-9.248327,-13.113553,0.82417583
13.362939,-50.896206,71.157166,-8.539945,-14.285714,0.82417583
12.878482,-50.896206,71.157166,-8.382526,-15.653235,0.82417583
12.5555105,-50.896206,71.157166,-7.988981,-16.825397,0.82417583
12.313282,-50.896206,71.157166,-7.5167255,-17.802198,0.82417583
11.667339,-50.896206,71.157166,-7.12318,-18.485958,0.82417583
10.940654,-50.896206,71.157166,-6.5722156,-18.925518,0.82417583
10.213968,-50.896206,71.157166,-5.942542,-19.316238,0.82417583
9.40654,-51.22968,71.157166,-5.155451,-19.60928,0.82417583
8.437626,-51.89662,71.157166,-4.28965,-19.85348,0.82417583
7.710941,-52.646935,71.157166,-3.2664306,-20.0,0.82417583
7.064998,-53.397247,71.157166,-2.3219204,-19.902319,0.82417583
6.4190555,-54.314297,71.157166,-1.2987013,-19.65812,0.82417583
5.773113,-55.231346,71.157166,-0.039354585,-19.316238,0.82417583
5.0464272,-56.231762,71.157166,1.4561197,-18.925518,0.82417583
4.3197417,-57.14881,71.157166,3.2664306,-18.485958,0.82417583
3.5123134,-58.149227,71.157166,5.076741,-18.144077,0.82417583
2.7856278,-59.066277,71.157166,7.044471,-17.948717,0.82417583
2.220428,-59.89996,71.157166,9.248327,-17.704517,0.82417583
1.735971,-60.73364,71.157166,11.530893,-17.606838,0.82417583
1.3322568,-61.567318,71.157166,13.813459,-17.704517,0.82417583
1.0092854,-62.31763,71.157166,15.938607,-17.704517,0.82417583
0.76705694,-63.151314,71.157166,17.906336,-17.753357,0.82417583
0.28259993,-63.901627,71.157166,19.795357,-17.753357,0.82417583
-0.36334276,-64.735306,71.157166,21.684376,-17.753357,0.82417583
-1.0900283,-65.65235,71.157166,23.809525,-17.948717,0.82417583
-1.9781995,-66.48604,71.157166,25.855963,-18.241758,0.82417583
-2.9471135,-67.31972,71.157166,27.823692,-18.58364,0.82417583
-3.7545419,-68.1534,71.157166,29.555294,-19.072039,0.82417583
-4.56197,-68.82034,71.157166,30.893349,-19.511599,0.82417583
-5.207913,-69.403915,71.07081,31.916569,-20.04884,0.82417583
-6.176827,-69.90413,70.63903,33.018497,-20.63492,0.82417583
-7.145741,-70.404335,70.29361,33.884296,-21.172161,0.82417583
-8.27614,-71.07128,70.120895,34.51397,-21.758242,0.82417583
-9.40654,-71.90496,70.034546,35.222355,-22.393162,0.82417583
-10.698425,-72.57191,70.034546,35.6159,-23.076923,0.82417583
-11.667339,-73.07211,70.034546,35.6159,-23.760683,0.82417583
-12.636253,-73.40559,70.034546,35.6159,-24.688644,0.82417583
-13.524425,-73.73906,70.034546,35.301064,-25.763126,0.82417583
-14.25111,-73.73906,70.034546,34.907516,-26.739927,0.82417583
-15.058538,-73.57232,70.034546,34.828808,-27.521368,0.82417583
-16.108196,-73.15548,69.775475,34.828808,-28.107449,0.82417583
-17.157852,-72.73864,69.25734,34.907516,-28.595848,0.82417583
-18.449738,-72.238434,68.65285,34.907516,-28.986568,0.82417583
-19.741623,-71.654854,67.962006,34.907516,-29.23077,0.82417583
-21.275736,-71.07128,67.09844,34.907516,-29.47497,0.82417583
-22.648365,-70.32097,66.14853,35.143642,-29.572649,0.82417583
-23.94025,-69.48729,65.198616,35.379772,-29.62149,0.82417583
-25.151392,-68.48687,64.162346,35.6159,-29.62149,0.82417583
-26.443277,-67.569824,63.212437,35.852028,-29.62149,0.82417583
-27.573677,-66.65277,62.176167,36.402992,-29.62149,0.82417583
-28.704077,-65.735725,61.139896,37.190083,-29.62149,0.82417583
-29.67299,-64.90205,60.189983,37.819756,-29.572649,0.82417583
-30.561163,-64.15173,59.153713,38.68556,-29.377289,0.82417583
-31.449333,-63.31805,58.117443,39.708775,-29.27961,0.82417583
-32.418247,-62.651104,57.081173,40.731995,-29.13309,0.82417583
-33.38716,-61.98416,56.13126,41.440376,-29.03541,0.82417583
-34.356075,-61.400585,55.267704,42.07005,-29.03541,0.82417583
-35.244247,-60.900375,54.57686,42.857143,-29.08425,0.82417583
-36.21316,-60.566902,54.058723,43.408108,-29.181929,0.82417583
-37.101334,-60.483536,53.88601,43.486816,-29.27961,0.82417583
-37.747276,-60.23343,53.799656,43.880363,-29.377289,0.82417583
-38.39322,-59.89996,53.7133,44.273907,-29.52381,0.82417583
-39.119904,-59.483116,53.7133,44.431328,-29.67033,0.82417583
-39.60436,-58.98291,53.7133,44.667454,-29.86569,0.82417583
-39.765846,-58.4827,53.7133,44.746162,-30.01221,0.82417583
-39.84659,-58.06586,53.45423,44.982292,-30.15873,0.82417583
-39.92733,-57.482285,52.67703,45.375835,-30.35409,0.82417583
-40.008076,-56.89871,51.727116,45.84809,-30.647131,0.82417583
-40.088818,-56.148396,50.86356,46.16293,-30.94017,0.82417583
-40.2503,-55.398083,49.82729,46.63518,-31.33089,0.82417583
-40.49253,-54.64777,48.96373,46.713894,-31.672771,0.82417583
-40.49253,-53.81409,48.272884,46.713894,-31.916971,0.82417583
-40.49253,-53.063778,47.58204,46.63518,-32.014652,0.82417583
-40.41179,-52.230095,46.804836,46.477764,-32.06349,0.82417583
-40.331047,-51.313046,46.027634,46.320347,-31.965813,0.82417583
-40.16956,-50.396,45.164078,46.084217,-31.721611,0.82417583
-39.765846,-49.39558,44.386875,46.084217,-31.428572,0.82417583
-39.281387,-48.395164,43.696026,45.769382,-31.08669,0.82417583
-38.635445,-47.39475,43.177895,45.13971,-30.74481,0.82417583
-37.90876,-46.227596,42.746113,44.510036,-30.35409,0.82417583
-37.34356,-44.810337,42.055267,44.11649,-29.96337,0.82417583
-36.778362,-43.226345,41.278065,43.644234,-29.62149,0.82417583
-36.374645,-41.475616,40.32815,43.171978,-29.32845,0.82417583
-36.051674,-39.47478,39.11917,42.699726,-29.03541,0.82417583
-35.728703,-37.557316,37.73748,42.463596,-28.742369,0.82417583
-35.486477,-35.306377,36.010365,42.463596,-28.44933,0.82417583
-35.163506,-32.972073,34.110535,42.542305,-28.302809,0.82417583
-35.08276,-30.637766,31.951641,42.857143,-28.25397,0.82417583
-35.002018,-28.636932,29.533678,43.80165,-28.400488,0.82417583
-35.002018,-26.55273,27.115717,44.90358,-28.69353,0.82417583
-35.08276,-24.885368,24.784111,45.9268,-29.03541,0.82417583
-35.08276,-23.384743,22.366148,47.107437,-29.47497,0.82417583
-35.163506,-22.21759,20.120897,48.288074,-30.01221,0.82417583
-35.32499,-21.300543,18.048359,49.46871,-30.69597,0.82417583
-35.728703,-20.883701,16.234888,50.72806,-31.428572,0.82417583
-36.21316,-20.55023,14.507772,51.9087,-32.258854,0.82417583
-36.939846,-20.466862,13.12608,53.010624,-33.040295,0.82417583
-37.82802,-20.466862,11.917098,54.033844,-33.870575,0.82417583
-38.877674,-20.466862,10.880829,54.899647,-34.700855,0.82417583
-40.088818,-20.466862,10.362695,55.52932,-35.433456,0.82417583
-41.29996,-20.466862,10.276339,56.001575,-36.166058,0.82417583
-42.67259,-20.800333,10.276339,56.080284,-36.89866,0.82417583
-44.125957,-21.300543,10.276339,56.2377,-37.631256,0.82417583
-45.82156,-22.050854,10.535406,56.2377,-38.51038,0.82417583
-47.51716,-23.301376,11.398964,56.2377,-39.24298,0.82417583
-49.454987,-24.551897,12.6079445,56.001575,-39.8779,0.82417583
-51.231327,-25.802418,14.075994,55.52932,-40.56166,0.82417583
-52.846184,-26.886202,15.803109,55.135773,-41.14774,0.82417583
-54.218815,-27.969988,17.530224,54.742226,-41.684982,0.82417583
-55.5107,-28.803669,18.998272,54.5061,-42.124542,0.82417583
-56.560356,-29.720716,20.466322,54.42739,-42.61294,0.82417583
-57.367783,-30.554398,21.675303,54.42739,-43.0525,0.82417583
-58.417442,-31.554815,22.53886,54.42739,-43.49206,0.82417583
-59.22487,-32.555233,23.14335,54.5061,-43.833942,0.82417583
-60.11304,-33.388912,23.402418,54.663517,-44.029305,0.82417583
-60.436012,-34.22259,23.402418,54.742226,-43.980465,0.82417583
-60.274525,-34.7228,23.402418,54.742226,-43.882782,0.82417583
-59.87081,-35.22301,23.402418,54.978355,-43.638584,0.82417583
-59.144127,-35.55648,23.402418,54.978355,-43.247864,0.82417583
-58.255955,-35.63985,23.402418,55.135773,-42.857143,0.82417583
-57.125557,-35.63985,23.402418,55.52932,-42.368744,0.82417583
-55.995155,-35.63985,23.316063,56.080284,-41.8315,0.82417583
-54.864758,-35.723217,23.229706,56.867374,-41.294262,0.82417583
-53.572872,-35.63985,22.970638,57.497047,-40.6105,0.82417583
-52.1195,-35.63985,22.452505,58.28414,-39.8779,0.82417583
-50.504642,-35.63985,21.675303,58.913815,-39.194138,0.82417583
-48.809044,-35.63985,20.8981,59.14994,-38.412697,0.82417583
-46.951958,-35.306377,19.948187,59.14994,-37.72894,0.82417583
-45.175617,-34.7228,18.911917,59.14994,-37.094017,0.82417583
-43.480015,-33.97249,17.702936,59.14994,-36.410255,0.82417583
-41.865158,-33.05544,16.58031,59.22865,-35.726494,0.82417583
-40.41179,-32.13839,15.544042,59.22865,-35.140415,0.82417583
-39.119904,-31.137974,14.594128,58.992523,-34.505493,0.82417583
-37.989502,-30.220926,13.816926,58.598976,-33.821735,0.82417583
-37.020588,-29.13714,13.12608,57.890594,-32.99145,0.82417583
-36.13242,-28.053356,12.521589,57.02479,-32.16117,0.82417583
-35.486477,-26.96957,11.830743,56.2377,-31.08669,0.82417583
-34.75979,-25.552313,10.880829,55.45061,-29.86569,0.82417583
-34.19459,-24.05169,9.84456,55.057064,-28.44933,0.82417583
-33.790874,-22.467695,8.462867,54.978355,-26.984127,0.82417583
-33.38716,-20.55023,6.735751,55.135773,-25.323565,0.82417583
-32.983448,-18.7995,5.0086355,55.686737,-23.663004,0.82417583
-32.74122,-17.13214,3.28152,56.2377,-22.051283,0.82417583
-32.49899,-15.798249,2.1588945,56.39512,-20.43956,0.82417583
-32.095276,-14.964568,1.4680483,56.39512,-18.827839,0.82417583
-31.610819,-14.297624,1.0362694,56.39512,-17.313797,0.82417583
-31.126362,-13.964151,0.8635579,56.2377,-15.946276,0.82417583
-30.48042,-13.630679,0.8635579,55.844154,-14.578754,0.82417583
-29.834476,-13.4639435,0.8635579,55.52932,-13.357754,0.82417583
-29.107792,-13.21384,0.77720207,55.21448,-12.185593,0.82417583
-28.381105,-13.047103,0.69084626,54.82094,-11.159951,0.82417583
-27.65442,-12.880367,0.69084626,54.42739,-10.28083,0.82417583
-26.846992,-12.630262,0.69084626,54.112553,-9.69475,0.82417583
-25.95882,-12.29679,0.5181347,53.797718,-9.206349,0.82417583
-25.07065,-11.713214,0.0,53.40417,-8.815629,0.82417583
-24.020992,-11.213005,-0.8635579,53.089336,-8.376068,0.82417583
-22.890593,-10.546061,-1.8134716,52.69579,-7.8876677,0.82417583
-21.840937,-9.962484,-2.763385,52.302242,-7.4481072,0.82417583
-20.629793,-9.378908,-3.7132988,51.751278,-6.8620267,0.82417583
-19.499395,-8.878699,-4.490501,51.042896,-6.227106,0.82417583
-18.368996,-8.295123,-5.1813474,50.413223,-5.5433455,0.82417583
-17.319338,-7.8782825,-5.7858377,49.70484,-4.908425,0.82417583
-16.269682,-7.4614425,-6.131261,48.917747,-4.224664,0.82417583
-15.300767,-7.211338,-6.3039722,48.209366,-3.4920635,0.82417583
-14.493339,-7.044602,-6.476684,47.422276,-2.857143,0.82417583
-13.847396,-6.9612336,-6.476684,46.477764,-2.1245422,0.82417583
-13.362939,-6.877866,-6.476684,45.454544,-1.3919414,0.82417583
-12.959225,-6.7944975,-6.476684,44.273907,-0.61050063,0.82417583
-12.797739,-6.7111297,-6.476684,43.01456,0.12210012,0.82417583
-12.716996,-6.6277614,-6.476684,41.597797,0.95238096,0.82417583
-12.636253,-6.3776574,-6.476684,40.25974,1.6849817,0.82417583
-12.636253,-6.127553,-6.476684,39.000393,2.3687425,0.82417583
-12.474768,-5.7940807,-6.476684,37.819756,2.905983,0.82417583
-12.232539,-5.3772407,-6.476684,36.796535,3.4920635,0.82417583
-11.909568,-5.127136,-6.476684,35.852028,4.078144,0.82417583
-11.5865965,-4.8770323,-6.476684,34.907516,4.3711843,0.82417583
-11.344368,-4.793664,-6.476684,34.041718,4.4688644,0.82417583
-10.940654,-4.793664,-6.476684,33.333332,4.6642246,0.82417583
-10.617682,-4.8770323,-5.8721933,32.54624,4.908425,0.82417583
-10.53694,-5.127136,-4.5768566,31.601732,5.103785,0.82417583
-10.456197,-5.6273446,-2.763385,30.578512,5.006105,0.82417583
-10.456197,-6.127553,-0.69084626,29.79142,4.908425,0.82417583
-10.53694,-6.877866,1.7271158,29.083038,4.908425,0.82417583
-10.698425,-7.7949147,3.972366,28.374655,5.054945,0.82417583
-10.940654,-8.878699,6.2176166,27.666273,4.908425,0.82417583
-11.102139,-10.295957,8.376512,26.800472,4.6642246,0.82417583
-11.263625,-11.713214,10.189982,26.1708,4.908425,0.82417583
-11.263625,-13.4639435,11.917098,25.462416,5.4456654,0.82417583
-11.344368,-15.29804,13.644215,24.832743,6.178266,0.82417583
-11.344368,-17.46561,15.457685,24.124361,6.4713063,0.82417583
-10.940654,-19.63318,17.271156,23.652105,6.5689864,0.82417583
-10.375454,-22.050854,19.08463,23.573397,6.6178265,0.82417583
-9.810254,-24.468529,20.811745,23.573397,6.6178265,0.82417583
-9.164311,-27.136307,22.625216,23.573397,6.5689864,0.82417583
-8.195397,-29.720716,24.611399,23.573397,6.227106,0.82417583
-7.630198,-32.388496,26.42487,23.888233,5.6898656,0.82417583
-7.3072267,-35.056274,28.324697,24.20307,4.859585,0.82417583
-7.064998,-37.640682,29.965458,24.596615,4.6642246,0.82417583
-7.064998,-40.058357,31.519861,25.06887,4.6642246,0.82417583
-7.145741,-42.476032,32.642487,25.619835,4.7619047,0.82417583
-7.4687123,-44.6436,33.5924,26.406927,4.810745,0.82417583
-7.4687123,-46.811172,34.45596,27.272728,4.7619047,0.82417583
-6.9842553,-48.895374,35.319515,27.744982,4.2735043,0.82417583
-6.3383126,-50.979576,36.528496,27.902401,3.3943834,0.82417583
-5.3693986,-52.81367,37.392056,28.295946,2.2710624,0.82417583
-4.3197417,-54.314297,37.996544,28.689493,1.0500611,0.82417583
-2.7856278,-55.48145,38.34197,29.240456,-0.12210012,0.82417583
-1.0900283,-56.3985,38.687393,29.476583,-1.2454213,0.82417583
0.76705694,-57.065445,39.032814,29.476583,-2.2710624,0.82417583
2.8663707,-57.482285,39.29188,29.476583,-2.905983,0.82417583
5.2886558,-57.732388,39.29188,29.712711,-3.2478633,0.82417583
7.064998,-57.815758,39.29188,30.421095,-3.4432235,0.82417583
8.84134,-57.815758,39.29188,31.68044,-3.7851038,0.82417583
10.375454,-57.815758,39.29188,33.333332,-4.4200244,0.82417583
11.505854,-57.815758,39.29188,35.301064,-5.054945,0.82417583
12.5555105,-57.815758,39.29188,36.875244,-5.6410255,0.82417583
13.605167,-57.815758,39.29188,38.37072,-6.227106,0.82417583
14.654824,-57.815758,39.29188,39.866196,-6.7155066,0.82417583
15.139281,-57.982494,39.29188,41.361668,-6.8131866,0.82417583
15.220024,-58.315964,39.29188,42.935852,-6.7155066,0.82417583
15.220024,-58.732807,39.29188,44.431328,-6.4224663,0.82417583
15.220024,-59.316383,39.29188,45.690674,-5.885226,0.82417583
14.897053,-60.066696,39.29188,47.26486,-5.201465,0.82417583
14.574081,-60.98374,39.20553,48.99646,-4.6153846,0.82417583
14.574081,-62.067528,39.20553,50.64935,-4.175824,0.82417583
14.574081,-63.31805,39.20553,52.302242,-4.175824,0.82417583
14.574081,-64.65194,39.20553,53.71901,-4.6153846,0.82417583
14.81631,-66.0692,39.20553,55.135773,-4.859585,0.82417583
15.139281,-67.48645,39.20553,56.709957,-4.957265,0.82417583
15.139281,-68.987076,39.20553,58.36285,-5.201465,0.82417583
15.139281,-70.404335,39.20553,60.330578,-5.4456654,0.82417583
15.058538,-71.654854,39.20553,62.14089,-5.6898656,0.82417583
14.897053,-72.65527,39.20553,64.10862,-5.934066,0.82417583
14.81631,-73.57232,39.20553,65.91893,-6.324786,0.82417583
14.735567,-74.239265,39.20553,67.88666,-6.7155066,0.82417583
14.654824,-74.656105,39.20553,69.460846,-7.057387,0.82417583
14.654824,-74.90621,39.11917,71.03503,-7.4481072,0.82417583
14.654824,-74.90621,38.687393,72.5305,-7.8876677,0.82417583
14.574081,-74.73947,37.823833,73.947266,-8.327229,0.82417583
14.008882,-74.32263,37.04663,75.20661,-8.913309,0.82417583
13.362939,-73.90579,36.010365,76.22983,-9.743589,0.82417583
12.716996,-73.48895,35.146805,77.01692,-10.671551,0.82417583
11.828825,-73.32222,34.542313,77.6466,-11.648352,0.82417583
11.505854,-73.32222,34.110535,78.19756,-12.576313,0.82417583
11.344368,-73.32222,33.5924,78.82723,-13.357754,0.82417583
11.344368,-73.32222,33.074265,79.69303,-14.041514,0.82417583
11.425111,-73.40559,32.642487,80.55884,-14.627595,0.82417583
10.940654,-73.40559,32.297066,81.42464,-15.2136755,0.82417583
10.375454,-73.90579,32.12435,82.21173,-15.897436,0.82417583
9.648768,-74.57274,31.951641,83.07753,-16.630037,0.82417583
8.599112,-75.32305,31.778929,83.864624,-17.313797,0.82417583
7.7916837,-76.073364,31.606218,84.73042,-18.046398,0.82417583
6.8227696,-77.24052,31.606218,85.75364,-18.925518,0.82417583
5.9345984,-78.3243,31.606218,86.69815,-19.7558,0.82417583
5.207913,-79.074615,31.606218,87.72137,-20.58608,0.82417583
4.3197417,-79.74156,31.606218,88.74459,-21.41636,0.82417583
3.1085992,-80.4085,31.606218,89.61039,-22.246643,0.82417583
1.8974566,-81.07545,31.606218,90.24007,-23.076923,0.82417583
0.36334276,-81.90913,31.519861,90.71232,-23.956043,0.82417583
-0.60557127,-82.57607,31.34715,91.105865,-24.981686,0.82417583
-1.4129996,-82.74281,31.260794,91.34199,-25.860806,0.82417583
-2.704885,-82.74281,31.433506,91.34199,-27.032967,0.82417583
-3.9160275,-82.65944,31.519861,91.34199,-28.107449,0.82417583
-5.207913,-82.65944,31.692574,91.34199,-28.986568,0.82417583
-6.580541,-82.325966,31.865286,91.26328,-29.76801,0.82417583
-8.195397,-81.9925,32.12435,91.02715,-30.45177,0.82417583
-9.487283,-81.49229,32.55613,90.5549,-31.233212,0.82417583
-11.182882,-80.908714,33.24698,90.00394,-32.06349,0.82417583
-13.12071,-80.4085,33.937824,89.37426,-33.040295,0.82417583
-15.462253,-79.908295,34.542313,88.74459,-34.114773,0.82417583
-17.803795,-79.57482,35.146805,88.27233,-35.140415,0.82417583
-20.306822,-79.15798,35.319515,87.9575,-36.166058,0.82417583
-22.890593,-78.57441,35.319515,87.80008,-37.094017,0.82417583
-25.393621,-77.8241,35.319515,87.64266,-37.77778,0.82417583
-27.65442,-76.99041,35.233162,87.32783,-38.412697,0.82417583
-29.834476,-75.99,34.974094,87.0917,-38.94994,0.82417583
-31.610819,-74.822845,34.283245,87.012985,-39.29182,0.82417583
-33.467903,-73.65569,33.41969,86.77686,-39.584858,0.82417583
-35.486477,-72.57191,32.38342,86.54073,-39.82906,0.82417583
-37.58579,-71.57149,31.260794,86.3046,-40.1221,0.82417583
-39.92733,-70.65444,30.224525,86.068474,-40.46398,0.82417583
-42.18813,-69.65402,29.27461,85.83235,-40.75702,0.82417583
-44.44893,-68.987076,28.756477,85.438805,-41.196583,0.82417583
-46.548244,-68.23676,28.49741,84.966545,-41.636143,0.82417583
-48.486073,-67.65319,28.49741,84.25816,-42.075703,0.82417583
-50.020187,-67.06961,28.49741,83.47108,-42.466423,0.82417583
-51.392815,-66.48604,28.49741,82.526566,-42.954823,0.82417583
-52.76544,-65.90246,28.49741,81.582054,-43.443222,0.82417583
-54.218815,-65.318886,28.49741,80.63754,-43.980465,0.82417583
-55.752926,-64.735306,28.49741,79.69303,-44.517704,0.82417583
-57.28704,-64.15173,28.49741,78.74853,-45.103786,0.82417583
-58.821156,-63.401417,28.49741,77.7253,-45.689865,0.82417583
-60.436012,-62.651104,28.49741,76.859505,-46.227108,0.82417583
-61.88938,-61.65069,28.411053,75.993706,-46.715508,0.82417583
-63.019783,-59.983326,27.806562,75.20661,-47.106228,0.82417583
-63.988697,-58.649437,27.115717,74.34081,-47.594627,0.96153843
-64.71538,-57.482285,26.42487,73.31759,-48.18071,1.0302198
-65.28058,-56.3985,25.647669,72.21566,-48.76679,1.4423077
-65.684296,-55.231346,24.870466,71.11373,-49.255188,2.2664835
-66.00726,-53.980824,23.920553,69.9331,-49.74359,2.8159342
-66.2495,-52.230095,23.056995,68.90988,-50.18315,3.2280219
-66.41098,-50.396,22.279793,68.044075,-50.57387,3.2280219
-66.41098,-48.645267,21.070812,67.49311,-50.86691,2.9532967
-66.08801,-46.97791,19.516407,66.78473,-51.01343,2.1978023
-65.60355,-45.393913,17.875648,66.233765,-51.01343,1.3736264
-65.03835,-43.80992,16.234888,65.84022,-51.01343,0.96153843
-64.47315,-42.392662,14.680484,65.76151,-50.86691,0.82417583
-63.90795,-40.80867,12.953368,65.76151,-50.67155,0.75549453
-63.58498,-39.47478,11.312608,65.76151,-50.57387,0.75549453
-63.50424,-38.390995,9.930916,65.6828,-50.525032,0.75549453
-63.50424,-37.39058,8.635578,65.44668,-50.57387,0.75549453
-63.50424,-36.390163,7.4265976,65.21055,-50.57387,0.75549453
-63.50424,-35.306377,6.131261,64.817,-50.57387,0.75549453
-63.58498,-34.055855,4.5768566,64.34475,-50.72039,0.75549453
-63.58498,-32.721966,2.849741,63.9512,-50.81807,0.75549453
-63.58498,-31.054605,1.0362694,63.636364,-50.915752,0.75549453
-63.58498,-29.303877,-1.208981,63.478947,-51.01343,0.75549453
-63.58498,-27.303043,-3.626943,63.400234,-51.11111,0.75549453
-63.58498,-25.218842,-6.3039722,63.400234,-51.306473,0.75549453
-63.58498,-23.13464,-8.894646,63.400234,-51.55067,0.75549453
-63.58498,-21.217175,-11.398964,63.400234,-51.89255,0.75549453
-63.58498,-19.466444,-13.816926,63.400234,-52.136753,0.75549453
-63.50424,-17.965818,-15.630397,63.321526,-52.33211,0.75549453
-63.50424,-16.465195,-17.530224,63.321526,-52.429794,0.75549453
-63.50424,-14.964568,-19.430052,63.321526,-52.429794,0.75549453
-63.50424,-13.380575,-21.243523,63.321526,-52.429794,0.75549453
-63.181267,-11.796582,-23.14335,63.321526,-52.429794,0.75549453
-62.858295,-10.129221,-25.043179,63.321526,-52.429794,0.75549453
-62.535324,-8.545227,-26.943005,63.321526,-52.429794,0.75549453
-62.13161,-7.044602,-28.842833,63.400234,-52.429794,0.75549453
-62.05087,-5.6273446,-30.483593,63.636364,-52.185593,0.75549453
-62.05087,-4.2934556,-32.12435,63.9512,-51.99023,0.75549453
-62.05087,-2.8761985,-33.765114,64.26604,-51.59951,0.75549453
-62.13161,-1.5423093,-35.405872,64.73829,-51.25763,0.75549453
-62.293095,-0.20842017,-37.04663,65.28925,-50.86691,0.75549453
-62.454582,0.8753647,-38.25561,65.84022,-50.525032,0.75549453
-62.454582,1.5423093,-39.032814,66.233765,-50.23199,0.75549453
-62.535324,2.2092538,-39.55095,66.469894,-49.98779,0.75549453
-62.535324,2.7928302,-39.896374,66.5486,-49.694748,0.75549453
-62.616066,3.2930388,-40.15544,66.62731,-49.304028,0.75549453
-62.69681,3.7932472,-40.32815,66.62731,-48.815628,0.75549453
-62.858295,4.2934556,-40.500862,66.94215,-48.083027,0.75549453
-62.939037,4.793664,-40.58722,67.33569,-47.155067,0.75549453
-62.777554,5.2938724,-40.58722,67.96537,-46.080585,0.75549453
-62.454582,5.7940807,-40.58722,68.67375,-45.006104,0.75549453
-62.05087,6.127553,-40.58722,69.61826,-43.882782,0.75549453
-61.48567,6.294289,-40.58722,70.48406,-42.66178,0.75549453
-60.920467,6.294289,-40.58722,71.42857,-41.48962,0.75549453
-60.274525,6.294289,-40.500862,72.21566,-40.415142,0.75549453
-59.628582,6.294289,-39.810017,72.84534,-39.43834,0.75549453
-59.063385,6.2109213,-39.20553,73.3963,-38.754578,0.75549453
-58.659668,6.294289,-39.11917,74.2621,-38.1685,0.75549453
-58.336697,6.5443935,-39.11917,75.67886,-37.631256,0.75549453
-57.85224,7.5448103,-39.723663,77.33176,-37.191696,0.75549453
-57.52927,8.962068,-41.45078,79.45691,-36.605618,0.75549453
-57.125557,10.712797,-43.955093,82.13302,-35.970695,0.75549453
-56.72184,13.130471,-46.977547,85.04526,-35.238094,0.75549453
-55.995155,15.714881,-50.690845,88.35104,-34.456654,0.75549453
-55.349213,18.299292,-54.92228,91.81425,-33.577534,0.75549453
-54.541786,19.799917,-58.54922,94.80519,-32.698414,0.75549453
-53.734356,20.05002,-60.88083,96.694214,-31.916971,0.75549453
-52.76544,19.799917,-61.74439,97.32389,-31.08669,0.75549453
-51.715786,19.049604,-61.65803,97.95356,-30.30525,0.75549453
-50.908356,17.88245,-60.535404,98.34711,-29.377289,0.75549453
-50.262413,16.715298,-58.894646,98.504524,-29.03541,0.75549453
-49.697216,15.881618,-57.16753,98.58324,-28.937729,0.75549453
-49.212757,15.29804,-56.13126,98.66194,-28.69353,0.75549453
-48.728302,14.7978325,-55.181347,98.66194,-28.498169,0.75549453
-48.243843,14.04752,-54.404144,98.66194,-28.25397,0.75549453
-47.678642,13.297207,-53.88601,98.66194,-28.058609,0.75549453
-46.951958,12.546894,-53.799656,98.66194,-27.667887,0.75549453
-45.983044,11.87995,-53.799656,98.66194,-27.130648,0.75549453
-44.933388,11.046269,-53.799656,98.66194,-26.642246,0.75549453
-43.722244,10.212588,-53.799656,98.66194,-26.495726,0.75549453
-42.43036,9.378908,-53.799656,98.66194,-25.958487,0.75549453
-41.05773,8.461859,-53.799656,98.66194,-25.421246,0.75549453
-39.60436,7.4614425,-53.799656,98.66194,-24.835165,0.75549453
-38.23173,6.5443935,-53.799656,98.66194,-24.346764,0.75549453
-36.859104,5.2938724,-53.28152,98.66194,-23.907204,0.75549453
-35.728703,4.1267195,-52.67703,98.66194,-23.418804,0.75549453
-34.598305,3.0429347,-52.07254,98.66194,-22.930403,0.75549453
-33.62939,1.7090454,-51.20898,98.66194,-22.442003,0.75549453
-32.660477,0.45852438,-49.913643,98.66194,-21.904762,0.75549453
-31.93379,-0.9587328,-48.53195,98.66194,-21.318682,0.75549453
-31.207106,-2.459358,-46.977547,98.66194,-20.732601,0.75549453
-30.399677,-3.8766153,-45.25043,98.66194,-20.14652,0.75549453
-29.67299,-5.2938724,-43.523315,98.66194,-19.706959,0.75549453
-29.027048,-6.7944975,-41.62349,98.66194,-19.41392,0.75549453
-28.542591,-8.378491,-39.810017,98.66194,-19.41392,0.75549453
-28.058134,-10.045853,-37.91019,98.66194,-19.511599,0.75549453
-27.573677,-11.713214,-35.83765,98.66194,-19.706959,0.75549453
-27.169964,-13.4639435,-33.851467,98.66194,-20.0,0.75549453
-26.766249,-15.047936,-31.865286,98.66194,-20.2442,0.75549453
-26.20105,-16.548561,-30.224525,98.66194,-20.63492,0.75549453
-25.474363,-17.965818,-28.929188,98.66194,-21.02564,0.75549453
-24.666935,-19.132973,-28.06563,98.66194,-21.367521,0.75549453
-23.69802,-20.383493,-27.115717,98.66194,-21.758242,0.75549453
-22.80985,-21.884119,-25.647669,98.66194,-22.197802,0.75549453
-22.406136,-23.384743,-23.920553,98.66194,-22.735043,0.75549453
-22.406136,-24.968737,-21.93437,98.66194,-23.467644,0.75549453
-22.406136,-26.802835,-19.775475,98.66194,-24.542124,0.75549453
-22.567621,-28.22009,-17.789291,98.66194,-25.714285,0.75549453
-23.132822,-29.637348,-16.148533,98.66194,-26.739927,0.75549453
-23.536535,-30.721134,-14.939551,98.66194,-27.619047,0.75549453
-23.778765,-31.471447,-14.421416,98.66194,-28.44933,0.75549453
-23.859507,-31.888287,-14.421416,98.66194,-29.181929,0.75549453
-23.859507,-32.055023,-14.421416,98.66194,-29.67033,0.75549453
-23.69802,-32.13839,-14.507772,98.66194,-29.96337,0.75549453
-23.69802,-32.055023,-14.853195,98.66194,-30.01221,0.75549453
-23.69802,-31.804918,-15.544042,98.66194,-30.01221,0.75549453
-23.69802,-31.72155,-15.975821,98.66194,-30.01221,0.75549453
-23.69802,-31.72155,-15.975821,98.66194,-30.01221,0.75549453
-23.778765,-31.72155,-15.975821,98.66194,-30.01221,0.75549453
-23.536535,-31.72155,-15.975821,98.66194,-30.01221,0.75549453
-23.213564,-31.804918,-15.630397,98.66194,-30.01221,0.75549453
-22.971336,-32.388496,-14.680484,98.66194,-30.01221,0.75549453
-22.48688,-33.222176,-13.471502,98.66194,-29.76801,0.75549453
-22.24465,-34.22259,-12.262522,98.66194,-29.47497,0.75549453
-22.002422,-35.22301,-11.571675,98.66194,-29.08425,0.75549453
-21.598707,-36.05669,-11.226253,98.66194,-28.498169,0.75549453
-21.11425,-36.807003,-11.226253,98.66194,-27.619047,0.75549453
-20.22608,-37.473946,-11.226253,98.66194,-26.495726,0.75549453
-19.014938,-38.057526,-11.226253,98.66194,-25.225885,0.75549453
-17.64231,-38.390995,-11.226253,98.66194,-23.711843,0.75549453
-15.94671,-38.6411,-11.226253,98.66194,-22.100122,0.75549453
-14.493339,-38.80784,-11.312608,98.66194,-20.488401,0.75549453
-13.362939,-38.97457,-11.398964,98.66194,-18.876678,0.75549453
-12.394025,-39.141308,-11.398964,98.66194,-17.411478,0.75549453
-11.5865965,-39.224678,-11.485319,98.66194,-15.995116,0.75549453
-11.102139,-39.47478,-11.485319,98.66194,-14.6764345,0.75549453
-10.213968,-39.641518,-11.485319,98.58324,-13.455434,0.75549453
-9.245054,-39.89162,-11.485319,98.504524,-12.234432,0.75549453
-8.114655,-40.225094,-11.485319,98.42582,-11.208791,0.75549453
-6.8227696,-40.475197,-11.485319,97.79614,-10.08547,0.75549453
-5.4501414,-40.725304,-11.485319,97.24518,-9.108669,0.75549453
-4.077513,-40.89204,-11.398964,96.5368,-8.229548,0.75549453
-2.4626565,-40.975407,-11.398964,95.51358,-7.252747,0.75549453
-0.8477998,-41.058773,-11.226253,94.41165,-6.275946,0.75549453
0.8477998,-41.30888,-10.7081175,93.23101,-5.103785,0.75549453
2.704885,-41.72572,-9.84456,91.81425,-4.029304,0.75549453
4.4812274,-42.22593,-8.721934,90.31877,-2.954823,0.75549453
6.3383126,-42.89287,-7.253886,88.50846,-1.9291819,0.75549453
8.033912,-43.976658,-5.1813474,86.46202,-1.0989012,0.75549453
9.648768,-45.310547,-2.6770294,83.94333,-0.41514042,0.75549453
11.102139,-46.89454,0.08635578,81.03109,-0.024420025,0.75549453
12.5555105,-48.47853,3.195164,78.11885,0.26862028,0.75549453
13.766653,-50.062527,6.2176166,75.20661,0.31746033,0.75549453
14.977796,-51.72989,9.412781,72.05824,0.31746033,0.75549453
15.785224,-53.230515,12.521589,69.0673,0.31746033,0.75549453
16.350424,-54.731136,15.716753,65.76151,0.41514042,0.75549453
16.83488,-56.148396,18.65285,62.534435,0.61050063,0.75549453
17.238596,-57.56565,21.675303,59.22865,0.7570208,0.75549453
17.319338,-58.816174,24.265976,56.080284,0.9035409,0.75549453
17.64231,-60.23343,27.029362,53.089336,1.0012211,0.75549453
17.96528,-61.817425,29.70639,50.255806,1.2454213,0.75549453
18.20751,-63.401417,32.297066,47.500984,1.2454213,0.75549453
18.449738,-65.318886,35.060448,44.82487,1.0989012,0.75549453
18.530481,-67.31972,38.0829,42.07005,1.0012211,0.75549453
18.611223,-69.65402,41.105354,39.39394,0.8058608,0.75549453
18.611223,-71.90496,44.21416,36.63912,0.41514042,0.75549453
18.449738,-74.406006,47.49568,33.805588,-0.024420025,0.75549453
18.288252,-76.90704,50.518135,31.365604,-0.5616606,0.75549453
18.288252,-79.32472,53.7133,28.84691,-1.0500611,0.75549453
18.530481,-81.40892,56.563038,26.564344,-1.4407815,0.75549453
18.691967,-83.57649,59.24007,24.517906,-1.9291819,0.75549453
18.934195,-85.32722,61.9171,22.550177,-2.3687425,0.75549453
19.09568,-86.57774,63.73057,20.739866,-2.8083029,0.75549453
19.09568,-87.41142,65.28497,19.008265,-3.2478633,0.75549453
19.09568,-87.994995,66.666664,17.119244,-3.6874237,0.75549453
19.014938,-88.411835,67.87565,14.8366785,-4.078144,0.75549453
18.934195,-88.2451,68.82556,12.160566,-4.224664,0.75549453
18.853453,-87.82826,69.43005,9.327037,-4.224664,0.75549453
18.934195,-87.161316,70.034546,6.4147973,-4.126984,0.75549453
18.934195,-86.24427,70.29361,3.3451397,-3.882784,0.75549453
18.934195,-85.160484,70.37997,0.5903188,-3.5897436,0.75549453
18.934195,-83.909966,70.37997,-2.007084,-3.2967033,0.75549453
18.611223,-82.74281,70.37997,-4.28965,-2.857143,0.75549453
18.20751,-81.40892,70.37997,-6.257379,-2.2710624,0.75549453
17.64231,-80.325134,70.37997,-8.06769,-1.5384616,0.75549453
16.996367,-79.074615,70.37997,-9.95671,-0.7570208,0.75549453
16.269682,-77.74072,70.37997,-11.84573,0.024420025,0.75549453
15.542995,-76.40684,70.37997,-13.577332,0.7081807,0.75549453
14.81631,-75.239685,70.37997,-15.387643,1.3919414,0.75549453
14.170367,-73.98916,70.37997,-17.119244,1.8315018,0.75549453
13.605167,-72.57191,70.37997,-19.008265,2.1245422,0.75549453
13.201453,-70.987915,70.20725,-20.661158,2.2710624,0.75549453
12.797739,-69.07045,69.51641,-22.23534,2.4175825,0.75549453
12.474768,-66.90288,68.48014,-23.730814,2.7106228,0.75549453
12.313282,-64.735306,67.27116,-25.06887,2.954823,0.75549453
11.990311,-62.651104,65.71675,-26.485636,3.3455434,0.75549453
11.748082,-60.483536,63.903282,-27.823692,3.3455434,0.75549453
11.263625,-58.399334,62.08981,-29.319166,3.1013432,0.75549453
11.102139,-56.48187,60.362694,-30.81464,2.6617827,0.75549453
11.344368,-54.897873,58.981003,-32.388824,2.0268621,0.75549453
11.828825,-53.647354,57.944733,-33.884296,1.2942613,0.75549453
12.394025,-52.730305,57.16753,-35.379772,0.51282054,0.75549453
13.039968,-51.979992,56.908463,-36.875244,-0.36630037,0.75549453
14.089624,-51.563152,56.908463,-38.606846,-1.3919414,0.75549453
14.897053,-51.313046,56.908463,-40.49587,-2.2222223,0.75549453
15.785224,-51.062943,56.908463,-42.463596,-2.7594628,0.75549453
16.754139,-50.979576,56.908463,-44.352615,-3.1501832,0.75549453
17.480824,-50.979576,56.908463,-46.084217,-3.3943834,0.75549453
17.96528,-50.979576,56.908463,-47.422276,-3.7362638,0.75549453
18.20751,-50.562733,56.908463,-48.602913,-4.078144,0.75549453
18.368996,-50.062527,56.908463,-49.54742,-4.029304,0.75549453
18.368996,-49.47895,56.908463,-50.255806,-3.5897436,0.75549453
18.449738,-48.812004,56.908463,-50.964188,-3.003663,0.75549453
18.288252,-47.978325,56.908463,-51.59386,-2.6617827,0.75549453
18.449738,-47.061275,56.908463,-51.987408,-2.5152626,0.75549453
18.611223,-46.06086,56.303974,-52.302242,-2.2710624,0.75549453
18.772709,-45.06044,55.440414,-52.38095,-1.8803419,0.75549453
19.09568,-44.143394,54.74957,-52.459663,-1.8803419,0.75549453
19.176424,-43.55982,54.231434,-52.459663,-2.0757022,0.75549453
19.176424,-43.39308,53.972366,-51.987408,-1.9291819,0.75549453
19.257166,-43.226345,53.972366,-51.200314,-1.8803419,0.75549453
19.257166,-43.226345,53.972366,-50.491932,-1.978022,0.75549453
19.257166,-43.142975,53.972366,-49.626133,-2.0268621,0.75549453
19.257166,-43.142975,54.145077,-48.602913,-1.978022,0.75549453
19.257166,-43.643185,54.835922,-46.87131,-1.6849817,0.75549453
19.176424,-44.476864,55.78584,-44.746162,-1.2942613,0.75549453
19.176424,-45.393913,56.735752,-42.699726,-1.0012211,0.75549453
19.176424,-46.310963,57.772022,-40.574577,-0.5616606,0.75549453
19.014938,-47.894955,59.067356,-38.29201,-0.024420025,0.75549453
18.691967,-49.729053,60.017273,-35.379772,0.46398047,0.75549453
18.20751,-51.813255,60.62176,-31.837858,0.9035409,0.75549453
17.561567,-54.14756,60.79447,-28.059818,1.2942613,0.75549453
16.996367,-56.565235,60.79447,-23.730814,1.3919414,0.75549453
16.269682,-58.89954,60.79447,-19.244392,1.1477412,0.75549453
15.704481,-61.23385,60.79447,-14.443132,0.61050063,0.75549453
15.300767,-63.31805,60.79447,-9.799292,0.36630037,0.75549453
15.139281,-65.23551,60.79447,-5.155451,0.26862028,0.75549453
15.058538,-66.90288,60.79447,-0.43290043,-0.024420025,0.75549453
14.735567,-68.32014,60.79447,3.974813,-0.41514042,0.75549453
14.331853,-69.48729,60.44905,8.303818,-0.61050063,0.75549453
13.847396,-70.4877,60.103626,12.239276,-0.9035409,0.75549453
13.282196,-71.32138,59.758205,15.859898,-1.1477412,0.75549453
12.5555105,-72.15507,59.24007,19.008265,-1.5384616,0.75549453
12.232539,-72.73864,58.462868,22.077923,-2.0268621,0.75549453
11.990311,-73.40559,57.512955,24.911451,-2.3199024,0.75549453
11.909568,-73.98916,56.476685,27.430145,-2.8083029,0.75549453
11.828825,-74.656105,55.267704,29.79142,-3.5897436,0.75549453
11.748082,-75.32305,54.058723,31.916569,-4.175824,0.75549453
11.748082,-75.90663,52.84974,33.884296,-4.7619047,0.75549453
11.748082,-76.40684,51.295338,36.009445,-5.3968253,0.75549453
11.748082,-76.90704,49.82729,38.055885,-5.982906,0.75549453
11.748082,-77.32388,48.35924,39.630066,-6.4224663,0.75549453
11.748082,-77.8241,46.891193,40.810703,-6.6666665,0.75549453
11.828825,-78.491035,45.854923,41.046833,-6.6666665,0.75549453
11.990311,-79.40809,45.164078,40.889412,-6.275946,0.75549453
12.0710535,-80.491875,44.732296,40.18103,-5.885226,0.75549453
12.0710535,-81.82576,44.645943,39.0791,-5.6898656,0.75549453
12.0710535,-83.24302,44.645943,37.66234,-5.6898656,0.75549453
12.636253,-84.49354,44.645943,36.166862,-5.8363857,0.75549453
13.039968,-85.66069,44.645943,34.67139,-5.934066,0.75549453
13.443682,-86.91122,44.645943,33.018497,-5.934066,0.75549453
14.008882,-88.07837,44.645943,31.208185,-5.934066,0.75549453
14.008882,-88.578575,44.645943,29.319166,-5.885226,0.75549453
14.008882,-88.74531,44.645943,26.957891,-5.5921855,0.75549453
14.008882,-88.995415,44.645943,24.517906,-5.201465,0.75549453
13.928139,-89.412254,44.90501,21.526958,-4.859585,0.75549453
14.008882,-89.829094,45.68221,18.221172,-4.6153846,0.75549453
14.977796,-90.412674,46.54577,14.8366785,-4.6153846,0.75549453
15.542995,-91.07961,47.409325,10.979929,-4.6153846,0.75549453
15.785224,-91.74656,48.35924,7.201889,-4.5665445,0.75549453
15.94671,-92.49687,49.222797,4.447068,-4.4688644,0.75549453
15.94671,-93.33055,50.345425,2.479339,-4.5665445,0.75549453
16.027452,-94.080864,51.727116,0.9838646,-4.5665445,0.75549453
16.027452,-94.49771,53.367874,-0.6690279,-4.4688644,0.75549453
16.027452,-95.66486,55.09499,-1.613538,-4.4200244,0.75549453
16.108196,-96.665276,57.16753,-2.9515939,-4.4200244,0.75549453
16.108196,-97.33222,59.41278,-4.840614,-4.4200244,0.75549453
15.704481,-97.74906,61.9171,-7.201889,-4.5665445,0.75549453
15.623738,-98.082535,64.162346,-9.484455,-4.908425,0.75549453
15.623738,-98.24927,65.889465,-11.452184,-4.957265,0.75549453
15.865967,-98.41601,67.87565,-13.183785,-4.957265,0.75549453
16.027452,-98.41601,70.034546,-15.230225,-5.006105,0.75549453
16.108196,-98.41601,72.45251,-17.51279,-5.152625,0.75549453
16.350424,-98.41601,74.87047,-20.110193,-5.3968253,0.75549453
17.238596,-98.41601,77.54749,-22.786304,-6.178266,0.75549453
18.126766,-98.41601,80.39724,-25.541126,-7.008547,0.75549453
18.853453,-98.41601,83.24698,-28.295946,-7.399267,0.75549453
19.660881,-98.41601,86.09672,-30.81464,-7.7411475,0.75549453
20.629793,-98.41601,88.77375,-33.097206,-7.9853477,0.75549453
20.952765,-98.41601,90.84628,-34.907516,-8.034188,0.75549453
20.872023,-98.24927,92.40069,-36.24557,-8.034188,0.75549453
20.872023,-98.1659,93.3506,-37.42621,-8.034188,0.75549453
20.387566,-98.24927,95.07772,-38.68556,-7.8876677,0.75549453
20.145336,-98.499374,96.632126,-40.10232,-7.5946274,0.75549453
19.660881,-99.24969,97.75475,-40.653286,-7.203907,0.75549453
19.014938,-99.16632,98.61831,-40.653286,-6.959707,0.75549453
18.772709,-98.916214,98.791016,-40.731995,-6.275946,0.75549453
17.884539,-98.916214,99.136444,-40.810703,-5.3968253,0.75549453
17.157852,-98.66611,99.30915,-40.49587,-4.4200244,0.75549453
16.51191,-98.33264,99.39551,-41.046833,-3.1501832,0.75549453
16.027452,-98.24927,99.481865,-42.30618,-2.5641026,0.75549453
15.704481,-98.1659,99.481865,-43.880363,-1.9291819,0.75549453
15.623738,-98.1659,99.481865,-45.690674,-1.2942613,0.75549453
15.623738,-98.1659,99.39551,-47.500984,-0.61050063,0.75549453
15.785224,-98.499374,99.39551,-49.232586,0.024420025,0.75549453
15.94671,-99.082954,99.39551,-50.72806,0.41514042,0.75549453
15.623738,-99.16632,99.39551,-52.302242,0.7081807,0.75549453
14.81631,-98.916214,99.481865,-53.955135,0.85470086,0.75549453
13.766653,-98.916214,99.56822,-54.742226,1.5384616,0.75549453
12.636253,-98.83285,99.481865,-54.82094,2.3199024,0.75549453
11.667339,-98.83285,99.39551,-54.663517,3.3943834,0.75549453
10.698425,-98.74948,99.39551,-54.033844,4.224664,0.75549453
9.97174,-98.74948,99.39551,-53.168045,4.810745,0.75549453
9.164311,-98.74948,99.39551,-52.144825,5.250305,0.75549453
8.84134,-98.74948,99.39551,-50.964188,6.031746,0.75549453
8.679854,-98.74948,99.39551,-49.70484,6.7155066,0.75549453
8.356883,-98.74948,99.39551,-48.445496,7.5457873,0.75549453
8.195397,-98.74948,99.39551,-46.87131,8.473748,0.75549453
8.033912,-98.74948,99.39551,-44.982292,9.157509,0.75549453
7.710941,-98.74948,99.39551,-42.778435,9.59707,0.75549453
7.549455,-98.74948,99.39551,-40.25974,9.79243,0.75549453
7.549455,-98.66611,99.39551,-38.055885,9.69475,0.75549453
7.549455,-98.66611,99.39551,-35.77332,9.206349,0.75549453
7.549455,-98.499374,99.39551,-33.56946,8.473748,0.75549453
8.033912,-98.24927,99.39551,-31.365604,7.6434674,0.75549453
8.599112,-98.24927,99.39551,-29.555294,6.7155066,0.75549453
9.245054,-98.24927,99.39551,-27.587564,5.934066,0.75549453
9.97174,-98.1659,99.39551,-25.777252,5.250305,0.75549453
10.859911,-98.1659,99.39551,-23.966942,4.2735043,0.75549453
11.263625,-98.1659,99.39551,-22.156631,3.2967033,0.75549453
11.667339,-98.1659,99.39551,-20.346321,2.1733823,0.75549453
11.909568,-98.1659,99.39551,-18.4573,1.0989012,0.75549453
12.151796,-98.1659,99.39551,-16.64699,0.17094018,0.75549453
12.313282,-98.1659,99.39551,-14.915388,-0.8058608,0.75549453
12.394025,-98.1659,99.39551,-13.262495,-1.7338217,0.75549453
12.474768,-98.1659,99.30915,-11.530893,-2.857143,0.75549453
12.474768,-98.1659,98.61831,-9.327037,-3.8339438,0.75549453
12.474768,-98.1659,97.75475,-6.5722156,-4.4688644,0.75549453
12.5555105,-98.1659,96.11399,-3.6599765,-4.7619047,0.75549453
12.636253,-98.1659,94.30052,-0.118063755,-4.859585,0.75549453
12.716996,-98.082535,92.487045,3.2664306,-4.810745,0.75549453
12.5555105,-98.082535,91.105354,6.257379,-4.6642246,0.75549453
12.0710535,-97.665695,90.15544,8.697363,-4.4688644,0.75549453
11.505854,-96.91538,89.46459,10.428965,-4.224664,0.75549453
10.779168,-95.99833,88.77375,11.767021,-3.882784,0.75549453
9.97174,-95.16465,87.73748,12.947659,-3.5897436,0.75549453
9.568026,-94.247604,86.528496,13.813459,-3.3455434,0.75549453
9.487283,-93.08045,84.88774,14.2070055,-2.954823,0.75549453
9.40654,-91.74656,83.16062,14.285714,-3.052503,0.75549453
9.40654,-90.24593,81.17444,14.285714,-3.4920635,0.75549453
9.487283,-88.82868,79.27461,14.285714,-3.3943834,0.75549453
9.890997,-87.32806,77.20207,14.285714,-3.1990232,0.75549453
10.052483,-85.82743,75.043175,14.285714,-3.003663,0.75549453
10.052483,-83.99333,72.71157,14.285714,-3.3455434,0.75549453
10.133225,-82.325966,70.20725,14.521842,-3.3943834,0.75549453
10.456197,-80.4085,67.61658,15.072806,-3.2967033,0.75549453
10.698425,-78.74114,65.02591,15.545061,-3.1501832,0.75549453
10.779168,-76.82368,62.521587,15.781189,-3.003663,0.75549453
10.779168,-74.98958,59.930916,16.017317,-2.905983,0.75549453
10.779168,-73.40559,57.772022,16.017317,-2.7106228,0.75549453
10.456197,-71.821594,55.52677,16.096025,-2.4664226,0.75549453
10.133225,-70.2376,53.45423,16.174734,-2.3199024,0.75549453
9.810254,-68.57024,51.554405,16.253443,-2.1245422,0.75549453
9.40654,-66.986244,49.740932,16.253443,-2.0268621,0.75549453
9.083569,-65.23551,48.013817,16.332153,-1.978022,0.75549453
8.760597,-63.484787,46.200344,16.725698,-1.9291819,0.75549453
8.599112,-61.817425,44.21416,17.748919,-1.9291819,0.75549453
8.356883,-59.983326,41.96891,19.323101,-1.9291819,0.75549453
7.8724265,-58.149227,39.637306,21.133411,-1.9291819,0.75549453
7.4687123,-56.231762,37.219345,22.707596,-2.1245422,0.75549453
7.064998,-54.314297,35.060448,24.04565,-2.3687425,0.75549453
6.580541,-52.313465,32.815197,25.304998,-2.4175825,0.75549453
6.176827,-50.396,30.31088,26.721764,-2.4175825,0.75549453
6.096084,-48.3118,27.633852,28.610783,-2.4175825,0.75549453
6.096084,-46.227596,24.525043,30.499804,-2.1733823,0.75549453
6.096084,-43.893288,21.243523,32.70366,-1.8315018,0.75549453
6.3383126,-41.392246,17.530224,34.986225,-1.4896215,0.75549453
6.4997983,-38.891205,13.73057,37.58363,-1.0500611,0.75549453
6.580541,-36.390163,9.585492,40.18103,-0.46398047,0.75549453
6.661284,-33.722385,5.4404144,42.857143,0.21978022,0.75549453
6.661284,-31.471447,1.64076,45.21842,1.0012211,0.75549453
6.661284,-29.887453,-1.5544041,46.87131,1.8315018,0.75549453
6.580541,-28.887035,-3.972366,48.130657,2.7106228,0.75549453
6.580541,-28.636932,-5.52677,48.917747,3.5409036,0.75549453
6.580541,-28.636932,-6.56304,49.232586,4.3711843,0.75549453
6.580541,-28.7203,-7.253886,49.232586,5.3479853,0.75549453
6.25757,-28.887035,-7.685665,49.232586,6.373626,0.75549453
6.096084,-28.887035,-7.772021,49.232586,7.6434674,0.75549453
6.0153413,-28.887035,-7.772021,49.232586,8.864469,0.75549453
5.773113,-28.887035,-7.5129533,49.232586,10.13431,0.75549453
6.096084,-28.887035,-6.735751,49.232586,10.81807,0.75549453
6.661284,-28.887035,-5.6131263,49.232586,11.306471,0.75549453
7.226484,-28.887035,-4.4041452,48.99646,11.746032,0.75549453
7.8724265,-28.887035,-3.0224526,48.68162,12.136752,0.75549453
8.599112,-28.803669,-1.5544041,48.445496,12.429792,0.75549453
9.487283,-28.803669,-0.17271157,48.288074,12.5274725,0.75549453
10.617682,-28.7203,0.8635579,48.288074,12.429792,0.75549453
11.505854,-28.22009,1.3816925,48.602913,12.283273,0.75549453
12.151796,-27.636515,1.4680483,49.232586,12.039072,0.75549453
12.636253,-26.886202,1.4680483,50.334515,11.550672,0.75549453
12.959225,-25.969154,1.4680483,51.59386,11.404151,0.75549453
13.039968,-24.885368,1.4680483,53.168045,11.355311,0.75549453
13.039968,-23.55148,1.3816925,54.978355,11.355311,0.75549453
12.959225,-21.967487,0.69084626,56.946083,11.355311,0.75549453
12.716996,-20.216757,-0.17271157,58.756393,11.306471,0.75549453
12.394025,-18.549397,-1.4680483,60.645416,11.4529915,0.75549453
12.151796,-16.882034,-3.1088083,62.06218,11.697191,0.75549453
11.828825,-15.29804,-4.92228,63.321526,12.039072,0.75549453
11.5865965,-13.714047,-7.0811744,64.50217,12.576313,0.75549453
11.425111,-12.130054,-9.585492,65.91893,13.260074,0.75549453
11.425111,-10.629429,-12.176166,67.25699,13.748474,0.75549453
11.667339,-9.29554,-14.680484,68.43762,14.236875,0.75549453
11.990311,-8.1283865,-17.098446,69.61826,14.578754,0.75549453
12.474768,-7.044602,-19.516407,70.87761,14.871795,0.75549453
13.12071,-6.044185,-22.10708,72.05824,15.067155,0.75549453
13.766653,-4.8770323,-24.784111,73.475006,15.2136755,0.75549453
14.412596,-3.2930388,-27.979275,75.285324,15.262515,0.75549453
14.977796,-1.3755732,-31.692574,77.41047,15.2136755,0.75549453
15.462253,0.45852438,-35.405872,79.3782,14.969475,0.75549453
15.704481,1.3755732,-38.428326,80.55884,14.529915,0.75549453
15.865967,1.6256773,-40.15544,80.79496,14.090354,0.75549453
16.108196,1.7090454,-41.19171,80.87367,13.553114,0.75549453
16.188938,1.6256773,-42.314335,80.87367,13.357754,0.75549453
16.350424,1.5423093,-42.918827,80.55884,13.455434,0.75549453
16.51191,1.5423093,-42.918827,79.61433,13.894994,0.75549453
16.83488,1.3755732,-42.65976,78.35498,13.846154,0.75549453
17.07711,1.2922051,-42.141624,76.623375,13.748474,0.75549453
17.400082,1.2922051,-41.96891,74.813065,13.650794,0.75549453
17.884539,1.208837,-41.96891,73.16017,13.748474,0.75549453
18.368996,1.208837,-41.96891,71.664696,13.943834,0.75549453
18.772709,1.208837,-41.96891,70.090515,14.285714,0.75549453
19.09568,1.208837,-41.537132,68.43762,14.822955,0.75549453
19.33791,1.208837,-40.58722,66.62731,15.311356,0.75549453
19.580137,1.208837,-39.29188,64.659584,15.457875,0.75549453
19.660881,1.208837,-37.651123,62.534435,15.457875,0.75549453
19.660881,1.125469,-35.578583,60.015743,15.555555,0.75549453
19.660881,0.79199666,-33.333332,57.182213,15.702076,0.75549453
19.660881,0.54189247,-30.91537,54.58481,15.702076,0.75549453
19.660881,0.20842017,-28.583765,51.59386,15.653235,0.75549453
19.660881,-0.12505211,-26.25216,48.76033,15.2136755,0.75549453
19.580137,-0.3751563,-24.17962,46.00551,14.725275,0.75549453
19.499395,-0.3751563,-22.884283,43.722942,14.285714,0.75549453
19.499395,-0.3751563,-21.848013,41.99134,13.846154,0.75549453
19.499395,-0.3751563,-20.984455,40.653286,13.504273,0.75549453
19.499395,-0.62526053,-19.861832,39.551357,13.015873,0.75549453
19.499395,-1.2922051,-18.393782,38.44943,12.478633,0.75549453
19.499395,-2.0425177,-16.666666,37.50492,11.892551,0.75549453
19.499395,-3.0429347,-14.853195,36.4817,11.159951,0.75549453
19.499395,-4.2934556,-12.694301,35.6159,10.32967,0.75549453
19.09568,-5.7940807,-10.535406,35.064934,9.40171,0.75549453
18.691967,-7.4614425,-8.549223,34.7501,8.327229,0.75549453
18.126766,-9.378908,-6.3039722,34.59268,7.008547,0.75549453
17.480824,-11.379742,-3.972366,34.356552,5.885226,0.75549453
16.673395,-13.380575,-1.7271158,33.963005,4.957265,0.75549453
15.865967,-15.464777,0.5181347,33.333332,3.882784,0.75549453
14.897053,-17.382242,2.6770294,32.54624,2.6129427,0.75549453
13.928139,-18.966236,4.6632123,31.601732,1.1477412,0.75549453
13.12071,-20.383493,6.3039722,30.735931,0.21978022,0.75549453
12.474768,-21.550646,7.685665,30.106256,-0.46398047,0.75549453
11.828825,-22.467695,8.549223,29.634003,-1.0500611,0.75549453
11.182882,-23.301376,9.671848,29.083038,-1.8315018,0.75549453
10.698425,-24.218424,10.880829,28.532074,-2.857143,0.75549453
10.213968,-25.135473,12.262522,28.059818,-3.7362638,0.75549453
9.890997,-25.885786,13.73057,27.587564,-4.5665445,0.75549453
9.568026,-26.636099,15.198618,27.272728,-5.3479853,0.75549453
9.164311,-27.386412,16.493956,27.115309,-6.031746,0.75549453
8.518369,-27.969988,17.530224,27.115309,-6.4713063,0.75549453
7.710941,-28.470196,18.307426,27.115309,-6.8131866,0.75549453
6.742027,-28.970404,18.998272,27.115309,-7.008547,0.75549453
5.611627,-29.387245,19.430052,27.115309,-7.155067,0.75549453
4.4004846,-29.887453,19.775475,27.115309,-7.155067,0.75549453
3.1085992,-30.304293,20.120897,27.115309,-7.155067,0.75549453
1.6552281,-30.804502,20.29361,27.115309,-6.9108667,0.75549453
0.4440856,-31.388079,20.466322,27.115309,-6.4224663,0.75549453
-0.8477998,-31.971655,20.639032,27.115309,-5.934066,0.75549453
-2.0589423,-32.555233,20.72539,27.587564,-5.4456654,0.75549453
-3.189342,-33.222176,20.72539,28.295946,-4.957265,0.75549453
-4.238999,-33.80575,20.72539,29.397875,-4.5665445,0.75549453
-5.12717,-34.389328,21.070812,30.499804,-4.126984,0.75549453
-6.0153413,-35.056274,21.588947,31.837858,-3.7362638,0.75549453
-6.742027,-35.63985,22.020725,33.333332,-3.3943834,0.75549453
-7.3072267,-35.973324,22.797928,34.986225,-3.1501832,0.75549453
-7.8724265,-36.223427,23.57513,36.56041,-3.003663,0.75549453
-8.195397,-36.306793,24.17962,38.055885,-3.003663,0.75549453
-8.356883,-36.306793,24.697754,39.39394,-3.052503,0.75549453
-8.437626,-36.306793,25.129534,40.810703,-3.2967033,0.75549453
-8.437626,-36.306793,25.388601,42.07005,-3.7362638,0.75549453
-8.518369,-36.306793,25.388601,43.80165,-4.3223443,0.75549453
-8.518369,-36.306793,25.388601,45.611965,-4.7619047,0.75549453
-8.437626,-36.306793,25.388601,47.107437,-5.103785,0.75549453
-8.760597,-36.306793,25.388601,48.366783,-5.5921855,0.75549453
-9.40654,-36.306793,25.388601,49.390003,-5.982906,0.75549453
-10.133225,-36.306793,25.302246,50.413223,-6.227106,0.75549453
-10.940654,-36.306793,25.302246,51.357735,-6.5201464,0.75549453
-11.990311,-36.306793,25.302246,52.61708,-6.7643466,0.75549453
-13.201453,-36.306793,25.302246,53.71901,-6.959707,0.75549453
-14.331853,-36.306793,25.302246,54.663517,-7.155067,0.75549453
-15.300767,-36.306793,25.302246,55.29319,-7.301587,0.75549453
-16.350424,-36.306793,25.043179,55.52932,-7.4481072,0.75549453
-17.238596,-36.306793,24.352331,55.60803,-7.4969473,0.75549453
-18.126766,-36.306793,23.661486,55.60803,-7.4969473,0.75549453
-18.934195,-36.306793,22.884283,55.45061,-7.4969473,0.75549453
-19.741623,-36.306793,22.279793,54.82094,-7.4481072,0.75549453
-20.549051,-36.306793,21.848013,53.71901,-7.252747,0.75549453
-21.194994,-36.306793,21.588947,52.69579,-7.106227,0.75549453
-21.517965,-36.306793,21.416235,51.59386,-6.9108667,0.75549453
-21.679451,-36.306793,21.32988,50.413223,-6.5689864,0.75549453
-21.679451,-36.306793,21.32988,49.232586,-6.080586,0.75549453
-21.517965,-36.306793,21.32988,48.130657,-5.6898656,0.75549453
-21.275736,-36.306793,21.32988,47.107437,-5.201465,0.75549453
-20.952765,-36.306793,21.32988,45.9268,-4.6153846,0.75549453
-20.468307,-35.889954,21.32988,44.746162,-3.980464,0.75549453
-20.064594,-35.473114,21.32988,43.171978,-3.2967033,0.75549453
-19.580137,-35.056274,21.32988,41.676506,-2.7594628,0.75549453
-19.014938,-34.4727,21.32988,40.18103,-2.3199024,0.75549453
-18.530481,-33.97249,21.32988,38.68556,-1.9291819,0.75549453
-17.884539,-33.388912,21.32988,37.42621,-1.6849817,0.75549453
-17.400082,-32.721966,21.32988,36.166862,-1.5384616,0.75549453
-16.915625,-32.055023,21.32988,35.064934,-1.4407815,0.75549453
-16.431168,-31.30471,21.243523,34.199135,-1.4407815,0.75549453
-16.027452,-30.554398,21.157167,33.490753,-1.4407815,0.75549453
-15.623738,-29.804085,21.157167,32.86108,-1.6361417,0.75549453
-15.220024,-28.970404,21.070812,32.388824,-1.9291819,0.75549453
-14.897053,-28.053356,20.552677,32.231403,-2.4175825,0.75549453
-14.654824,-26.886202,19.602764,32.152695,-2.7106228,0.75549453
-14.25111,-25.71905,18.393782,32.152695,-2.954823,0.75549453
-13.928139,-24.468529,17.01209,32.152695,-3.052503,0.75549453
-13.68591,-23.13464,15.284974,32.152695,-3.1013432,0.75549453
-13.443682,-21.634014,13.471502,32.152695,-3.1013432,0.75549453
-13.443682,-20.133389,11.398964,32.152695,-3.052503,0.75549453
-13.443682,-18.549397,9.153713,32.467533,-2.857143,0.75549453
-13.443682,-16.882034,6.8221073,33.018497,-2.7594628,0.75549453
-13.524425,-15.214673,4.2314334,33.72688,-2.5641026,0.75549453
-13.605167,-13.630679,1.8134716,34.43526,-2.7106228,0.75549453
-13.766653,-12.046686,-0.69084626,35.143642,-3.1990232,0.75549453
-13.847396,-10.379325,-3.1088083,35.852028,-3.6385837,0.75549453
-13.928139,-8.545227,-5.699482,36.56041,-3.980464,0.75549453
-13.928139,-6.6277614,-8.203799,37.50492,-4.175824,0.75549453
-13.928139,-4.626928,-10.7081175,38.528137,-4.3223443,0.75549453
-14.25111,-2.542726,-13.471502,39.236523,-4.224664,0.75549453
-14.331853,-0.54189247,-15.716753,39.47265,-3.8339438,0.75549453
-14.493339,1.208837,-17.616581,39.39394,-3.1990232,0.75549453
-14.81631,2.459358,-19.08463,39.236523,-2.4175825,0.75549453
-15.058538,3.459775,-20.034542,38.68556,-1.6849817,0.75549453
-15.139281,4.2100873,-20.811745,37.819756,-1.0500611,0.75549453
-15.139281,4.793664,-21.588947,36.953957,-0.31746033,0.75549453
-15.139281,5.2938724,-22.279793,36.402992,0.36630037,0.75549453
-15.058538,5.710713,-22.884283,36.324284,0.7081807,0.75549453
-14.977796,5.877449,-23.402418,36.56041,0.8058608,0.75549453
-14.897053,5.877449,-23.488773,37.111374,0.9035409,0.75549453
-14.81631,5.877449,-23.488773,37.50492,0.9035409,0.75549453
-14.735567,5.877449,-23.488773,38.213303,0.7570208,0.75549453
-14.735567,5.877449,-23.488773,39.236523,0.31746033,0.75549453
-14.735567,5.877449,-23.316063,40.41716,-0.36630037,0.75549453
-14.735567,5.877449,-22.71157,41.755215,-0.7570208,0.75549453
-14.735567,5.877449,-22.10708,43.171978,-1.0989012,0.75549453
-14.735567,5.877449,-21.50259,44.588745,-1.3919414,0.75549453
-14.735567,5.960817,-20.984455,45.84809,-1.8803419,0.75549453
-14.735567,5.960817,-20.72539,46.95002,-2.3687425,0.75549453
-14.735567,5.960817,-20.639032,47.97324,-2.954823,0.75549453
-14.735567,5.960817,-20.639032,49.153877,-3.5409036,0.75549453
-14.735567,5.877449,-20.639032,50.019676,-4.126984,0.75549453
-14.735567,5.877449,-20.639032,50.80677,-4.7130647,0.75549453
-14.735567,5.877449,-20.639032,51.357735,-5.250305,0.75549453
-14.735567,5.877449,-20.639032,52.066116,-5.7387056,0.75549453
-14.735567,5.877449,-20.639032,52.931915,-6.129426,0.75549453
-14.735567,5.877449,-20.639032,53.6403,-6.4224663,0.75549453
-14.735567,5.877449,-20.639032,54.033844,-6.5689864,0.75549453
-14.654824,5.877449,-20.639032,54.112553,-6.5689864,0.75549453
-14.81631,5.877449,-20.639032,54.112553,-6.5201464,0.75549453
-15.058538,5.877449,-20.639032,54.112553,-6.373626,0.75549453
-15.462253,5.877449,-20.639032,53.56159,-6.275946,0.75549453
-15.94671,5.877449,-20.8981,52.774498,-6.178266,0.75549453
-16.51191,5.877449,-21.070812,51.751278,-6.129426,0.75549453
-17.238596,5.877449,-21.070812,50.334515,-6.129426,0.75549453
-17.884539,5.877449,-21.157167,48.76033,-6.178266,0.75549453
-18.611223,5.877449,-21.416235,47.500984,-6.275946,0.75549453
-19.33791,6.044185,-21.93437,46.63518,-6.6666665,0.75549453
-20.064594,6.2109213,-22.279793,46.084217,-7.4481072,0.75549453
-20.791279,6.294289,-22.452505,45.533257,-8.522589,0.75549453
-21.517965,6.3776574,-22.452505,45.061,-9.40171,0.75549453
-22.002422,6.3776574,-22.452505,44.82487,-10.37851,0.75549453
-22.48688,6.6277614,-22.452505,44.746162,-11.355311,0.75549453
-22.890593,7.12797,-22.53886,45.13971,-12.429792,0.75549453
-23.132822,7.7115464,-22.625216,45.9268,-13.357754,0.75549453
-23.536535,8.378491,-22.625216,46.792603,-14.236875,0.75549453
-24.101736,9.128803,-22.625216,47.579693,-14.969475,0.75549453
-24.666935,9.962484,-22.53886,48.288074,-15.702076,0.75549453
-25.312878,10.712797,-22.53886,48.83904,-16.385836,0.75549453
-26.039564,11.379742,-22.970638,49.54742,-16.971916,0.75549453
-26.846992,12.130054,-23.834196,50.255806,-17.362637,0.75549453
-27.573677,12.963735,-25.043179,51.042896,-17.606838,0.75549453
-28.300364,13.714047,-26.597582,51.987408,-17.851038,0.75549453
-29.027048,14.631096,-28.324697,53.168045,-18.046398,0.75549453
-29.592249,15.381409,-30.224525,54.269974,-18.290598,0.75549453
-30.076706,16.048353,-31.865286,55.29319,-18.681318,0.75549453
-30.48042,16.63193,-33.333332,56.2377,-19.072039,0.75549453
-30.884134,17.215506,-34.887737,57.26092,-19.36508,0.75549453
-31.207106,17.799084,-36.26943,58.28414,-19.7558,0.75549453
-31.530077,18.132555,-37.219345,58.992523,-20.14652,0.75549453
-31.93379,18.38266,-37.996544,59.622196,-20.537241,0.75549453
-32.337505,18.549397,-38.51468,60.015743,-20.879122,0.75549453
-32.82196,18.549397,-38.773746,60.330578,-21.123322,0.75549453
-33.30642,18.716131,-39.11917,60.645416,-21.318682,0.75549453
-33.87162,18.966236,-39.723663,61.117672,-21.465202,0.75549453
-34.356075,19.466444,-40.41451,61.668633,-21.562881,0.75549453
-34.840534,19.966652,-41.018997,62.219597,-21.709402,0.75549453
-35.32499,20.383493,-41.537132,62.927982,-22.051283,0.75549453
-35.80945,20.716965,-42.055267,63.557655,-22.442003,0.75549453
-36.374645,21.133806,-42.573402,64.187325,-22.979242,0.75549453
-36.859104,21.550646,-43.091537,64.73829,-23.663004,0.75549453
-37.34356,22.050854,-43.86874,65.28925,-24.395605,0.75549453
-37.90876,22.467695,-44.559586,65.604095,-25.323565,0.75549453
-38.39322,22.884535,-44.991364,65.604095,-26.153847,0.75549453
-38.877674,23.051271,-45.33679,65.604095,-26.886446,0.75549453
-39.281387,23.218008,-45.595856,65.604095,-27.472527,0.75549453
-39.60436,23.384743,-45.854923,65.44668,-27.863247,0.75549453
-39.84659,23.384743,-46.11399,65.21055,-28.156288,0.75549453
-40.008076,23.384743,-46.200344,64.817,-28.205128,0.75549453
-40.008076,23.384743,-46.200344,64.26604,-28.302809,0.75549453
-40.008076,23.384743,-46.2867,63.715073,-28.44933,0.75549453
-39.92733,23.384743,-46.45941,63.0854,-28.791208,0.75549453
-39.84659,23.384743,-46.54577,62.455727,-29.377289,0.75549453
-39.765846,23.384743,-46.54577,61.904762,-30.15873,0.75549453
-39.765846,23.384743,-46.54577,61.03896,-31.037851,0.75549453
-39.84659,23.384743,-46.54577,60.09445,-32.06349,0.75549453
-40.088818,23.384743,-46.54577,59.22865,-32.893772,0.75549453
-40.2503,23.384743,-46.54577,58.44156,-33.577534,0.75549453
-40.49253,23.384743,-46.54577,57.733177,-34.114773,0.75549453
-40.815502,23.384743,-46.54577,56.946083,-34.603176,0.75549453
-41.05773,23.384743,-46.54577,56.080284,-34.945053,0.75549453
-41.29996,23.384743,-46.54577,55.21448,-35.091576,0.75549453
-41.380703,23.384743,-46.54577,54.663517,-35.189255,0.75549453
-41.461445,23.384743,-46.54577,53.955135,-35.384617,0.75549453
-41.461445,23.384743,-46.54577,53.246754,-35.579975,0.75549453
-41.461445,23.384743,-46.54577,52.931915,-35.726494,0.75549453
-41.461445,23.384743,-46.54577,52.931915,-35.775337,0.75549453
-41.380703,23.384743,-46.54577,52.853207,-35.775337,0.75549453
-41.380703,23.384743,-46.45941,52.853207,-35.726494,0.75549453
-41.29996,23.384743,-46.200344,52.853207,-35.482296,0.75549453
-41.219215,23.301376,-45.5095,52.853207,-35.042736,0.75549453
-41.219215,22.967903,-44.645943,53.010624,-34.700855,0.75549453
-41.219215,22.551064,-43.782383,53.48288,-34.310135,0.75549453
-41.219215,22.300959,-42.83247,54.033844,-33.772892,0.75549453
-41.138474,21.884119,-41.7962,54.112553,-32.99145,0.75549453
-41.138474,21.300543,-40.500862,54.112553,-32.06349,0.75549453
-41.138474,20.716965,-39.37824,54.112553,-30.94017,0.75549453
-41.138474,20.133389,-38.25561,54.112553,-29.67033,0.75549453
-41.138474,19.549812,-36.960278,53.56159,-28.156288,0.75549453
-41.05773,18.966236,-35.83765,52.853207,-26.446886,0.75549453
-41.05773,18.38266,-34.80138,52.144825,-24.542124,0.75549453
-41.05773,17.965818,-33.765114,51.279022,-22.686203,0.75549453
-41.05773,17.632347,-33.074265,50.57064,-20.78144,0.75549453
-40.896244,17.46561,-32.815197,49.940968,-18.827839,0.75549453
-40.573273,17.382242,-32.728844,49.46871,-16.971916,0.75549453
-40.2503,17.382242,-32.728844,49.153877,-15.115995,0.75549453
-39.84659,17.382242,-32.728844,48.917747,-13.455434,0.75549453
-39.362133,17.298874,-32.728844,48.76033,-11.794871,0.75549453
-38.877674,17.298874,-32.728844,48.524204,-10.32967,0.75549453
-38.39322,17.298874,-32.815197,48.209366,-9.010989,0.75549453
-37.989502,17.382242,-33.074265,47.73711,-7.9365077,0.75549453
-37.505047,17.46561,-33.506046,47.02873,-6.8131866,0.75549453
-37.020588,17.799084,-34.19689,46.16293,-5.6898656,0.75549453
-36.616875,18.466028,-35.233162,45.13971,-4.5177045,0.75549453
-36.21316,19.216341,-36.26943,44.03778,-3.2967033,0.75549453
-35.89019,20.300125,-37.3057,43.09327,-2.1733823,0.75549453
-35.56722,21.467278,-38.428326,42.30618,-1.0500611,0.75549453
-35.244247,22.634432,-39.464596,41.597797,0.024420025,0.75549453
-34.921276,23.884953,-40.32815,40.889412,0.9035409,0.75549453
-34.517563,25.30221,-41.278065,40.338448,1.6849817,0.75549453
-34.033104,26.636099,-42.400692,39.944904,2.6129427,0.75549453
-33.54865,28.136724,-43.609673,39.787487,3.6874237,0.75549453
-33.06419,29.887453,-45.25043,39.708775,4.7130647,0.75549453
-32.49899,31.554815,-46.977547,39.708775,5.6410255,0.75549453
-31.93379,33.305546,-48.704662,39.708775,6.6178265,0.75549453
-31.368591,35.056274,-50.518135,39.708775,7.155067,0.75549453
-30.722649,36.723637,-52.41796,39.708775,7.4481072,0.75549453
-30.076706,38.140892,-54.058723,39.708775,7.4481072,0.75549453
-29.430763,39.308044,-55.354057,39.708775,7.399267,0.75549453
-28.704077,40.225094,-56.476685,39.708775,7.4481072,0.75549453
-27.896648,40.89204,-57.253887,39.866196,7.4481072,0.75549453
-27.250706,41.30888,-57.944733,40.25974,7.4481072,0.75549453
-26.604763,41.64235,-58.462868,40.49587,7.4481072,0.75549453
-26.039564,41.975822,-58.894646,40.49587,7.4481072,0.75549453
-25.716593,42.14256,-59.153713,40.49587,7.301587,0.75549453
-25.393621,42.309296,-59.326424,39.944904,7.399267,0.75549453
-25.312878,42.476032,-59.58549,39.15781,7.6923075,0.75549453
-25.312878,42.476032,-59.84456,38.055885,8.229548,0.75549453
-25.312878,42.5594,-60.189983,36.796535,8.620269,0.75549453
-25.393621,42.5594,-60.62176,35.45848,8.864469,0.75549453
-25.555107,42.5594,-61.139896,34.041718,9.255189,0.75549453
-25.635849,42.5594,-61.74439,32.388824,9.49939,0.75549453
-25.635849,42.5594,-62.348877,30.578512,10.03663,0.75549453
-25.635849,42.5594,-62.780655,28.768202,10.32967,0.75549453
-25.716593,42.5594,-63.12608,26.957891,10.52503,0.75549453
-25.635849,42.5594,-63.212437,25.462416,10.573871,0.75549453
-25.393621,42.476032,-63.212437,24.124361,10.9157505,0.75549453
-25.232136,42.726135,-63.29879,23.101141,11.599511,0.75549453
-24.909164,43.142975,-63.471504,22.314049,11.892551,0.75549453
-24.666935,43.80992,-63.73057,21.684376,12.185593,0.75549453
-24.424707,44.393497,-63.73057,21.29083,12.380953,0.75549453
-24.101736,44.977074,-63.73057,21.133411,12.869353,0.75549453
-23.778765,45.56065,-63.73057,21.133411,13.0647135,0.75549453
-23.536535,46.144226,-63.73057,21.133411,13.0647135,0.75549453
-23.294308,46.644436,-63.73057,21.133411,13.0647135,0.75549453
-22.971336,47.14464,-63.73057,21.133411,12.869353,0.75549453
-22.648365,47.72822,-63.73057,21.133411,12.673993,0.75549453
-22.24465,48.395164,-63.73057,21.133411,12.429792,0.75549453
-21.921679,48.97874,-63.73057,21.133411,12.283273,0.75549453
-21.598707,49.729053,-63.73057,21.133411,12.039072,0.75549453
-21.194994,50.562733,-63.989635,21.133411,11.794871,0.75549453
-20.872023,51.313046,-64.42142,20.818575,11.599511,0.75549453
-20.468307,51.979992,-64.68048,20.346321,11.404151,0.75549453
-20.064594,52.56357,-64.853195,19.874065,11.111111,0.75549453
-19.741623,52.89704,-65.11226,19.48052,10.671551,0.75549453
-19.33791,53.063778,-65.28497,19.323101,10.18315,0.75549453
-18.853453,53.063778,-65.45769,19.244392,9.49939,0.75549453
-18.368996,53.063778,-65.630394,19.244392,8.669108,0.75549453
-17.884539,53.063778,-65.71675,19.244392,7.5457873,0.75549453
-17.319338,53.063778,-65.71675,19.40181,6.324786,0.75549453
-16.754139,53.063778,-65.71675,19.952774,5.103785,0.75549453
-16.108196,53.063778,-65.71675,20.739866,3.8339438,0.75549453
-15.542995,53.063778,-65.71675,21.684376,2.7106228,0.75549453
-14.897053,53.063778,-65.71675,22.471468,1.7826618,0.75549453
-14.412596,53.063778,-65.71675,23.17985,0.9035409,0.75549453
-14.008882,53.063778,-65.71675,24.04565,-0.024420025,0.75549453
-13.68591,53.063778,-65.71675,25.14758,-1.2942613,0.75549453
-13.524425,53.063778,-65.71675,26.01338,-2.7594628,0.75549453
-13.524425,53.063778,-65.71675,26.1708,-3.931624,0.75549453
-13.524425,53.147144,-65.71675,26.01338,-4.859585,0.75549453
-13.524425,53.147144,-65.71675,25.541126,-5.4456654,0.75549453
-13.524425,53.147144,-65.71675,24.911451,-5.6410255,0.75549453
-13.605167,53.147144,-65.71675,24.124361,-5.6410255,0.75549453
-13.605167,53.063778,-65.71675,23.17985,-5.6410255,0.75549453
-13.605167,53.063778,-65.71675,22.471468,-5.6410255,0.75549453
-13.443682,53.063778,-65.71675,21.999212,-5.6898656,0.75549453
-13.201453,53.063778,-65.71675,21.526958,-5.6898656,0.75549453
-12.959225,53.063778,-65.71675,20.975994,-5.6898656,0.75549453
-12.636253,53.063778,-65.71675,20.346321,-5.8363857,0.75549453
-12.232539,53.063778,-65.71675,19.716646,-5.7875457,0.75549453
-11.909568,53.063778,-65.71675,19.165684,-5.6898656,0.75549453
-11.5865965,53.063778,-65.71675,18.536009,-5.5433455,0.75549453
-11.505854,53.063778,-65.71675,17.827627,-5.299145,0.75549453
-11.425111,53.063778,-65.71675,17.040535,-4.908425,0.75549453
-11.425111,53.063778,-65.71675,16.332153,-4.4200244,0.75549453
-11.505854,53.063778,-65.71675,15.308933,-3.931624,0.75549453
-11.667339,53.063778,-65.71675,14.128296,-3.4432235,0.75549453
-11.828825,53.063778,-65.71675,12.947659,-2.8083029,0.75549453
-11.990311,53.063778,-65.71675,11.84573,-2.0757022,0.75549453
-12.0710535,53.063778,-65.71675,10.743802,-1.3919414,0.75549453
-12.151796,53.063778,-65.71675,9.563164,-0.6593407,0.75549453
-12.151796,53.063778,-65.71675,8.539945,-0.07326008,0.75549453
-12.151796,53.063778,-65.71675,7.5167255,0.31746033,0.75549453
-12.151796,53.063778,-65.71675,6.6509247,0.5616606,0.75549453
-12.0710535,53.063778,-65.71675,5.863833,0.9035409,0.75549453
-11.990311,53.063778,-65.71675,5.155451,1.1965812,0.75549453
-11.990311,53.230515,-65.71675,4.368359,1.5873016,0.75549453
-11.909568,53.73072,-65.889465,3.6599765,1.6849817,0.75549453
-11.909568,54.23093,-66.580315,3.030303,1.6849817,0.75549453
-11.909568,54.814507,-67.01209,2.558048,1.5384616,0.75549453
-11.748082,55.231346,-67.09844,1.9283746,1.5873016,0.75549453
-11.667339,55.731556,-67.09844,0.9051555,1.8315018,0.75549453
-11.505854,56.231762,-67.09844,-0.43290043,2.3199024,0.75549453
-11.344368,56.73197,-67.09844,-1.7709563,2.5641026,0.75549453
-11.182882,57.14881,-67.09844,-2.7941756,2.6129427,0.75549453
-11.021397,57.482285,-67.09844,-3.581267,2.5641026,0.75549453
-10.940654,57.899124,-67.44387,-4.2109404,2.3687425,0.75549453
-10.779168,58.315964,-67.87565,-4.6044865,2.3687425,0.75549453
-10.617682,58.732807,-68.30743,-4.998032,2.3687425,0.75549453
-10.456197,59.149647,-68.65285,-5.312869,2.4664226,0.75549453
-10.294711,59.483116,-68.82556,-5.7064147,2.4664226,0.75549453
-10.213968,59.733223,-68.91192,-6.17867,2.4175825,0.75549453
-10.052483,59.89996,-68.91192,-6.4935064,2.4175825,0.75549453
-10.052483,59.983326,-68.91192,-6.9657617,2.5152626,0.75549453
-9.890997,60.066696,-68.91192,-7.280598,2.6129427,0.75549453
-9.890997,60.066696,-68.91192,-7.5167255,2.7106228,0.75549453
-9.890997,60.066696,-68.91192,-7.988981,2.4664226,0.75549453
-9.890997,60.066696,-68.91192,-8.697363,2.2222223,0.75549453
-9.890997,60.066696,-68.91192,-9.878001,1.7826618,0.75549453
-9.890997,60.066696,-68.91192,-11.216057,1.7338217,0.75549453
-9.890997,60.066696,-68.91192,-12.868949,1.7338217,0.75549453
-9.890997,60.066696,-68.91192,-14.443132,1.8315018,0.75549453
-9.890997,60.066696,-68.998276,-15.859898,1.6849817,0.75549453
-9.890997,60.066696,-69.084625,-17.197954,1.3919414,0.75549453
-9.890997,60.066696,-69.25734,-18.221172,1.0500611,0.75549453
-9.97174,60.066696,-69.3437,-19.086973,0.9035409,0.75549453
-10.133225,60.066696,-69.3437,-20.26761,0.6593407,0.75549453
-10.213968,60.066696,-69.3437,-21.605667,0.31746033,0.75549453
-10.456197,60.066696,-69.3437,-23.25856,-0.21978022,0.75549453
-10.617682,60.066696,-69.3437,-25.14758,-0.61050063,0.75549453
-10.779168,60.066696,-69.3437,-27.351437,-1.1477412,0.75549453
-10.859911,60.066696,-69.51641,-29.634003,-1.6361417,0.75549453
-10.698425,60.23343,-70.29361,-32.073986,-2.1733823,0.75549453
-10.456197,61.15048,-72.02073,-34.356552,-2.2222223,0.75549453
-9.97174,62.484367,-74.52504,-35.77332,-2.1733823,0.75549453
-9.40654,64.31847,-77.72021,-36.717827,-1.9291819,0.75549453
-8.760597,66.48604,-81.51986,-37.032665,-1.7826618,0.75549453
-8.114655,68.90371,-85.146805,-37.26879,-1.7338217,0.75549453
-7.4687123,70.65444,-88.16926,-37.977173,-1.5384616,0.75549453
-7.145741,71.73823,-89.89637,-39.15781,-1.1965812,0.75549453
-6.9842553,72.15507,-90.93264,-40.41716,-0.85470086,0.75549453
-6.9842553,72.3218,-91.36442,-41.912632,-0.5616606,0.75549453
-7.064998,72.238434,-91.36442,-43.80165,-0.21978022,0.75549453
-7.3072267,72.238434,-91.36442,-45.690674,0.26862028,0.75549453
-7.8724265,72.238434,-91.36442,-47.500984,0.7081807,0.75549453
-8.518369,72.238434,-90.93264,-49.153877,1.0989012,0.75549453
-9.245054,72.15507,-89.72366,-51.042896,1.5384616,0.75549453
-10.052483,72.15507,-88.34197,-53.089336,1.8315018,0.75549453
-10.940654,72.15507,-86.70121,-55.057064,2.0757022,0.75549453
-11.667339,72.238434,-85.57858,-56.709957,2.2222223,0.75549453
-12.394025,72.3218,-84.88774,-57.811886,2.4175825,0.75549453
-13.12071,72.238434,-84.19689,-58.677685,2.8083029,0.75549453
-13.524425,72.15507,-83.24698,-59.622196,3.1501832,0.75549453
-13.524425,72.15507,-82.46977,-60.566708,3.6385837,0.75549453
-13.605167,72.15507,-81.60622,-61.27509,3.7362638,0.75549453
-13.68591,72.238434,-81.001724,-61.353798,3.8339438,0.75549453
-13.443682,72.238434,-80.56995,-61.511215,3.8339438,0.75549453
-13.12071,72.238434,-80.31088,-61.668633,3.7362638,0.75549453
-12.959225,72.238434,-80.224525,-61.432507,3.882784,0.75549453
-12.878482,72.238434,-80.224525,-61.432507,3.980464,0.75549453
-12.797739,72.238434,-80.224525,-61.353798,4.029304,0.75549453
-12.797739,72.238434,-80.224525,-61.03896,4.029304,0.75549453
-12.797739,72.238434,-80.13817,-60.881542,4.029304,0.75549453
-12.636253,72.238434,-79.79275,-61.432507,4.078144,0.75549453
-12.313282,72.238434,-79.188255,-61.98347,4.078144,0.75549453
-11.990311,72.238434,-78.92919,-62.219597,4.078144,0.75549453
-11.505854,72.238434,-78.58376,-62.29831,3.931624,0.75549453
-10.940654,72.238434,-78.3247,-62.29831,3.7362638,0.75549453
-10.375454,72.238434,-78.06563,-62.29831,3.7362638,0.75549453
-9.648768,72.238434,-77.806564,-62.29831,3.7851038,0.75549453
-8.922083,72.238434,-77.46114,-62.29831,4.078144,0.75549453
-8.195397,72.238434,-77.115715,-62.29831,3.980464,0.75549453
-7.3879695,72.238434,-76.94301,-62.29831,3.7362638,0.75549453
-6.580541,72.238434,-76.94301,-62.29831,3.3943834,0.75549453
-5.69237,72.238434,-76.94301,-62.29831,3.1501832,0.75549453
-4.8849416,72.238434,-77.115715,-62.455727,3.003663,0.75549453
-3.9967704,72.238434,-77.28843,-63.00669,3.003663,0.75549453
-3.1085992,72.238434,-77.28843,-63.400234,3.003663,0.75549453
-2.3011708,72.238434,-77.28843,-63.478947,3.052503,0.75549453
-1.5744853,72.238434,-77.28843,-63.478947,3.052503,0.75549453
-1.0900283,72.238434,-77.28843,-63.478947,2.905983,0.75549453
-0.52482843,72.48854,-77.28843,-63.478947,2.6129427,0.75549453
-0.20185709,72.82201,-77.28843,-63.478947,2.2222223,0.75549453
0.20185709,72.98875,-77.28843,-63.478947,2.0757022,0.75549453
0.76705694,73.07211,-77.28843,-63.478947,2.0268621,0.75549453
1.3322568,73.07211,-77.20207,-63.400234,2.2222223,0.75549453
2.0589423,73.07211,-77.20207,-63.400234,2.3687425,0.75549453
2.8663707,73.07211,-77.28843,-63.400234,2.2222223,0.75549453
3.673799,73.07211,-77.28843,-63.400234,1.9291819,0.75549453
4.4812274,73.07211,-77.28843,-63.242817,1.5384616,0.75549453
5.4501414,73.07211,-77.28843,-62.849274,1.3431014,0.75549453
6.25757,73.07211,-77.28843,-62.77056,1.2942613,0.75549453
7.064998,73.07211,-77.28843,-62.77056,1.3431014,0.75549453
7.710941,73.07211,-77.28843,-62.77056,1.0500611,0.75549453
8.356883,73.07211,-77.28843,-62.77056,0.5616606,0.75549453
8.760597,73.07211,-77.28843,-62.77056,0.46398047,0.75549453
9.164311,73.07211,-77.28843,-62.77056,0.46398047,0.75549453
9.487283,73.07211,-77.28843,-62.77056,0.5616606,0.75549453
9.810254,73.07211,-77.28843,-62.927982,0.6593407,0.75549453
10.052483,73.07211,-77.37479,-63.00669,0.51282054,0.75549453
10.456197,73.238846,-77.806564,-63.0854,0.26862028,0.75549453
10.940654,73.48895,-78.3247,-63.0854,-0.12210012,0.75549453
11.425111,73.48895,-78.67012,-63.0854,-0.26862028,0.75549453
12.151796,73.57232,-79.01554,-63.0854,-0.36630037,0.75549453
12.878482,73.65569,-79.36097,-63.0854,-0.46398047,0.75549453
13.68591,73.822426,-79.70639,-63.0854,-0.6593407,0.75549453
14.493339,73.90579,-80.05181,-63.16411,-0.8058608,0.75549453
15.220024,73.90579,-80.13817,-63.321526,-1.0012211,0.75549453
15.94671,73.90579,-80.224525,-63.478947,-1.1965812,0.75549453
16.592653,73.90579,-80.224525,-63.636364,-1.3919414,0.75549453
17.238596,73.90579,-80.224525,-63.715073,-1.4896215,0.75549453
17.723053,73.90579,-80.224525,-63.715073,-1.4896215,0.75549453
18.046024,73.90579,-80.224525,-63.715073,-1.4896215,0.75549453
18.20751,73.90579,-80.224525,-63.715073,-1.4896215,0.75549453
18.20751,73.90579,-80.224525,-63.715073,-1.4896215,0.75549453
18.126766,73.90579,-80.224525,-63.715073,-1.4896215,0.75549453
17.884539,73.90579,-80.224525,-63.715073,-1.4407815,0.75549453
17.561567,73.90579,-80.224525,-63.715073,-1.3431014,0.75549453
16.996367,73.90579,-80.224525,-63.636364,-1.1965812,0.75549453
16.350424,73.98916,-80.224525,-63.478947,-1.0012211,0.75549453
15.542995,74.239265,-80.56995,-63.16411,-0.7570208,0.75549453
14.493339,74.48937,-81.17444,-62.613144,-0.51282054,0.75549453
13.282196,74.90621,-81.86529,-61.589924,-0.31746033,0.75549453
11.909568,75.32305,-82.64249,-61.19638,-0.12210012,0.75549453
10.456197,75.73989,-83.50604,-61.03896,0.12210012,0.75549453
8.84134,76.15673,-84.369606,-60.881542,0.36630037,0.75549453
7.3072267,76.490204,-85.146805,-60.645416,0.6593407,0.75549453
5.773113,76.90704,-86.09672,-60.409286,0.9035409,0.75549453
4.238999,77.49062,-87.04663,-60.17316,1.2454213,0.75549453
2.6241422,77.90746,-87.91019,-59.858322,1.6361417,0.75549453
1.0900283,78.40767,-88.86011,-59.22865,1.7826618,0.75549453
-0.121114254,79.074615,-89.89637,-58.598976,1.7826618,0.75549453
-1.0900283,79.57482,-90.67358,-58.20543,1.7826618,0.75549453
-1.8974566,80.07503,-91.27807,-57.890594,1.7826618,0.75549453
-2.4626565,80.65861,-92.05527,-57.02479,1.7826618,0.75549453
-2.5433993,81.15881,-92.832466,-55.765446,1.6361417,0.75549453
-2.5433993,81.40892,-93.43696,-54.112553,1.1965812,0.75549453
-2.4626565,81.57565,-93.95509,-51.9087,0.7081807,0.75549453
-2.220428,81.65903,-94.38687,-49.54742,0.17094018,0.75549453
-1.8974566,81.65903,-94.64594,-47.579693,-0.51282054,0.75549453
-1.5744853,81.65903,-94.81865,-45.9268,-1.1477412,0.75549453
-1.0092854,81.65903,-94.81865,-44.746162,-1.6849817,0.75549453
-0.36334276,81.74239,-94.81865,-43.880363,-2.2710624,0.75549453
0.36334276,81.74239,-94.81865,-43.01456,-2.857143,0.75549453
1.251514,81.74239,-94.81865,-42.30618,-3.7851038,0.75549453
2.220428,81.65903,-94.81865,-41.361668,-4.7130647,0.75549453
3.189342,81.57565,-94.81865,-40.023613,-5.7875457,0.75549453
4.238999,81.325554,-94.81865,-38.606846,-6.7155066,0.75549453
5.2886558,80.908714,-94.81865,-37.26879,-7.350427,0.75549453
6.4190555,80.24177,-94.81865,-35.45848,-7.8876677,0.75549453
7.630198,79.40809,-94.81865,-33.097206,-8.327229,0.75549453
8.518369,78.24094,-94.81865,-30.342384,-8.327229,0.75549453
9.325797,76.82368,-94.81865,-27.115309,-8.815629,0.75549453
9.890997,75.32305,-94.81865,-23.337269,-9.255189,0.75549453
10.375454,73.48895,-94.81865,-19.559229,-9.40171,0.75549453
10.617682,71.73823,-94.81865,-15.308933,-9.450549,0.75549453
10.698425,69.820755,-94.81865,-11.294765,-9.450549,0.75549453
10.779168,67.986664,-94.81865,-6.9657617,-9.206349,0.75549453
10.779168,66.0692,-94.81865,-2.6367571,-8.864469,0.75549453
10.779168,64.2351,-94.81865,1.6922472,-8.522589,0.75549453
10.617682,62.401,-94.81865,5.863833,-8.180708,0.75549453
10.617682,60.73364,-94.81865,9.878001,-7.8876677,0.75549453
10.53694,59.149647,-94.81865,13.813459,-7.6923075,0.75549453
10.53694,57.56565,-94.81865,17.51279,-7.399267,0.75549453
10.53694,55.98166,-94.7323,21.29083,-7.057387,0.75549453
10.53694,54.397667,-94.30052,24.832743,-6.6178265,0.75549453
10.53694,52.730305,-93.43696,27.823692,-5.982906,0.75549453
10.617682,50.979576,-92.487045,30.735931,-5.4945054,0.75549453
10.859911,49.47895,-91.62349,33.175915,-5.006105,0.75549453
11.102139,48.06169,-91.105354,35.45848,-4.4688644,0.75549453
11.425111,46.644436,-90.2418,37.58363,-3.980464,0.75549453
11.748082,44.72697,-88.601036,39.551357,-3.4920635,0.75549453
12.232539,42.5594,-86.183075,41.28296,-2.905983,0.75549453
12.5555105,39.808254,-82.98791,42.699726,-2.1245422,0.75549453
12.636253,36.97374,-78.92919,43.408108,-1.2942613,0.75549453
12.716996,33.889122,-73.8342,43.565525,-0.46398047,0.75549453
12.716996,30.637766,-68.39378,43.80165,0.12210012,0.75549453
12.716996,27.303043,-62.95337,44.273907,0.61050063,0.75549453
12.394025,24.301792,-58.2038,44.982292,1.0500611,0.75549453
12.232539,21.717382,-54.145077,46.00551,1.5873016,0.75549453
12.151796,19.63318,-51.295338,47.02873,2.2222223,0.75549453
12.0710535,17.632347,-49.050087,48.05195,3.052503,0.75549453
12.0710535,15.798249,-47.32297,49.153877,3.6385837,0.75549453
12.0710535,14.04752,-46.200344,50.57064,4.126984,0.75549453
11.990311,12.380158,-45.68221,52.223534,4.3223443,0.75549453
11.828825,10.796165,-45.25043,54.033844,4.6153846,0.75549453
11.667339,9.29554,-44.90501,55.765446,5.006105,0.75549453
11.425111,7.7949147,-44.732296,57.26092,5.3968253,0.75549453
11.182882,6.6277614,-44.645943,58.756393,5.8363857,0.75549453
10.779168,5.4606085,-44.645943,60.25187,5.8363857,0.75549453
10.53694,4.376824,-44.645943,62.06218,5.6898656,0.75549453
10.456197,3.459775,-44.645943,63.87249,5.6898656,0.75549453
10.456197,2.626094,-44.645943,65.99764,5.8363857,0.75549453
10.456197,1.7090454,-44.645943,68.20149,5.8363857,0.75549453
10.617682,1.0421009,-44.645943,70.16923,5.7387056,0.75549453
10.940654,0.54189247,-44.645943,71.900826,5.6410255,0.75549453
11.182882,0.12505211,-44.645943,73.475006,5.885226,0.75549453
11.505854,-0.3751563,-44.645943,74.813065,6.324786,0.75549453
11.5865965,-0.62526053,-44.645943,75.91499,6.7643466,0.75549453
11.505854,-0.79199666,-44.732296,76.859505,6.8131866,0.75549453
11.344368,-0.8753647,-45.33679,78.04014,6.959707,0.75549453
11.102139,-0.8753647,-46.11399,79.14207,7.203907,0.75549453
10.859911,-0.8753647,-46.804836,80.243996,7.7411475,0.75549453
10.53694,-0.8753647,-47.58204,81.582054,7.7899876,0.75549453
10.133225,-0.8753647,-48.53195,83.156235,7.5946274,0.75549453
10.052483,-0.8753647,-49.222797,84.73042,7.301587,0.75549453
9.97174,-0.9587328,-49.82729,86.46202,7.4481072,0.75549453
9.97174,-0.9587328,-50.431778,88.35104,7.8876677,0.75549453
10.052483,-0.9587328,-50.690845,90.161354,7.5457873,0.75549453
10.052483,-0.9587328,-50.690845,91.81425,7.057387,0.75549453
10.052483,-0.9587328,-50.086357,92.916176,6.7155066,0.75549453
10.294711,-0.9587328,-49.309155,94.018105,6.8131866,0.75549453
10.375454,-0.9587328,-48.53195,95.19874,7.106227,0.75549453
10.456197,-0.9587328,-47.49568,96.22196,6.8620267,0.75549453
10.456197,-0.9587328,-46.11399,97.08776,6.178266,0.75549453
10.375454,-0.9587328,-44.90501,97.16647,6.080586,0.75549453
10.375454,-0.9587328,-43.955093,97.71744,6.178266,0.75549453
10.456197,-0.9587328,-43.350605,98.268394,6.5201464,0.75549453
10.213968,-0.9587328,-42.487045,98.504524,6.5689864,0.75549453
9.810254,-0.9587328,-42.055267,98.66194,6.275946,0.75549453
9.325797,-0.9587328,-41.7962,98.66194,6.5201464,0.75549453
8.760597,-0.9587328,-41.19171,98.66194,6.7155066,0.75549453
8.114655,-0.9587328,-40.500862,98.66194,6.9108667,0.75549453
7.3879695,-0.9587328,-39.723663,98.66194,6.7155066,0.75549453
6.8227696,-0.9587328,-38.51468,98.66194,6.275946,0.75549453
6.4190555,-0.9587328,-37.3057,98.66194,6.178266,0.75549453
6.096084,-0.9587328,-35.924007,98.66194,5.934066,0.75549453
5.8538556,-0.9587328,-34.369602,98.66194,5.5921855,0.75549453
5.69237,-0.9587328,-32.728844,98.66194,5.201465,0.75549453
5.5308843,-0.9587328,-31.174438,98.66194,5.201465,0.75549453
5.4501414,-0.9587328,-29.70639,98.66194,5.299145,0.75549453
5.2886558,-0.9587328,-28.583765,98.66194,5.3479853,0.75549453
5.0464272,-0.9587328,-27.979275,98.66194,5.152625,0.75549453
4.8041987,-0.9587328,-27.806562,98.66194,4.859585,0.75549453
4.56197,-0.9587328,-27.806562,98.66194,4.6642246,0.75549453
4.4812274,-0.8753647,-27.806562,98.66194,4.3711843,0.75549453
4.4004846,-0.45852438,-27.806562,98.66194,4.126984,0.75549453
4.4004846,-0.041684035,-27.806562,98.66194,3.931624,0.75549453
4.4004846,0.29178825,-27.806562,98.66194,3.7851038,0.75549453
4.4812274,0.62526053,-27.806562,98.66194,3.5897436,0.75549453
4.56197,0.7086286,-27.806562,98.66194,3.4432235,0.75549453
4.56197,0.7086286,-27.720207,98.66194,3.3455434,0.75549453
4.642713,0.7086286,-27.202072,98.66194,3.2478633,0.75549453
4.723456,0.7086286,-26.597582,98.66194,3.1990232,0.82417583
4.8849416,0.7086286,-25.906736,98.66194,3.1501832,1.3049451
5.0464272,0.79199666,-25.302246,98.66194,3.1013432,2.9532967
5.207913,0.79199666,-24.870466,98.66194,3.003663,4.6703296
5.4501414,0.79199666,-24.525043,98.66194,2.7594628,5.425824
5.611627,0.7086286,-24.438688,98.66194,2.905983,5.0137362
5.69237,0.7086286,-24.438688,98.66194,3.052503,3.5714285
5.69237,0.7086286,-24.438688,98.66194,3.2478633,2.1978023
5.69237,0.7086286,-24.438688,98.66194,3.1013432,1.3736264
5.5308843,0.7086286,-24.438688,98.66194,3.1013432,0.96153843
5.5308843,0.7086286,-24.438688,98.66194,3.1013432,0.75549453
5.4501414,0.7086286,-24.438688,98.66194,3.2478633,0.6868132
5.4501414,0.7086286,-24.438688,98.66194,3.2967033,0.6181319
5.5308843,0.7086286,-24.438688,98.66194,3.3455434,0.6181319
5.773113,0.7086286,-24.352331,98.66194,3.3943834,0.6181319
6.0153413,0.7086286,-23.834196,98.66194,3.3943834,0.6181319
6.3383126,0.7086286,-23.57513,98.66194,3.1501832,0.6181319
6.4997983,0.7086286,-23.57513,98.66194,3.1013432,0.6181319
6.4190555,0.7086286,-23.57513,98.66194,3.1013432,0.6181319
6.25757,0.7086286,-23.57513,98.66194,3.1013432,0.6181319
6.096084,0.7086286,-23.57513,98.66194,3.1013432,0.6181319
5.69237,1.2922051,-23.920553,98.66194,3.1501832,0.6181319
5.3693986,1.9591496,-24.956821,98.66194,3.5897436,0.6181319
5.0464272,2.9595666,-26.25216,98.66194,3.980464,0.6181319
4.8849416,4.1267195,-27.979275,98.66194,4.3711843,0.6181319
4.723456,5.4606085,-29.965458,98.740654,4.908425,0.6181319
4.642713,6.877866,-32.297066,98.81936,5.3968253,0.6181319
4.642713,8.295123,-34.887737,98.81936,5.982906,0.6181319
4.4812274,9.4622755,-37.823833,98.81936,6.373626,0.6181319
4.4812274,10.379325,-40.58722,98.81936,6.5689864,0.6181319
4.8041987,10.796165,-43.091537,98.81936,6.959707,0.6181319
5.2886558,10.962901,-45.5095,98.81936,7.5457873,0.6181319
5.773113,10.962901,-47.409325,98.81936,7.5457873,0.6181319
6.25757,10.962901,-48.79102,98.81936,7.301587,0.6181319
6.9035125,10.962901,-49.740932,98.81936,7.252747,0.6181319
7.549455,10.962901,-50.086357,98.81936,7.4969473,0.6181319
7.710941,10.962901,-50.086357,98.81936,7.9853477,0.6181319
7.710941,10.962901,-50.086357,98.81936,7.8388276,0.6181319
7.7916837,10.962901,-50.086357,98.81936,7.5946274,0.6181319
7.710941,10.712797,-50.0,98.81936,7.5946274,0.6181319
7.710941,10.212588,-49.395508,98.81936,7.8876677,0.6181319
7.9531693,9.4622755,-48.272884,98.81936,7.6434674,0.6181319
8.114655,8.461859,-46.804836,98.81936,7.4481072,0.6181319
8.518369,7.6281786,-45.42314,98.81936,7.252747,0.6181319
9.164311,7.044602,-44.559586,98.81936,7.252747,0.6181319
9.729511,6.3776574,-44.04145,98.81936,7.301587,0.6181319
10.133225,5.7940807,-43.436962,98.81936,7.008547,0.6181319
10.53694,4.8770323,-42.65976,98.81936,6.8620267,0.6181319
10.779168,3.8766153,-41.882557,98.81936,6.8620267,0.6181319
11.021397,3.0429347,-41.19171,98.81936,7.008547,0.6181319
11.102139,2.2092538,-40.75993,98.81936,6.959707,0.6181319
11.102139,1.4589412,-40.58722,98.81936,6.5689864,0.6181319
11.021397,0.62526053,-40.58722,98.81936,6.373626,0.6181319
11.021397,-0.20842017,-40.58722,98.81936,6.373626,0.6181319
11.021397,-1.125469,-40.58722,98.81936,6.6178265,0.6181319
11.021397,-2.0425177,-40.58722,98.81936,6.324786,0.6181319
10.859911,-2.8761985,-40.41451,98.81936,5.885226,0.6181319
10.859911,-3.7932472,-40.15544,98.81936,5.6410255,0.6181319
10.859911,-4.4601917,-40.069084,98.81936,5.6410255,0.6181319
10.940654,-5.2105045,-39.982727,98.81936,5.934066,0.6181319
10.940654,-5.7940807,-39.982727,98.81936,5.982906,0.6181319
10.940654,-6.461025,-39.982727,98.81936,5.8363857,0.6181319
10.940654,-7.211338,-39.896374,98.81936,5.6898656,0.6181319
10.940654,-7.8782825,-39.37824,98.81936,5.4456654,0.6181319
10.940654,-8.795331,-38.428326,98.81936,5.4456654,0.6181319
10.940654,-9.545644,-37.651123,98.81936,5.4456654,0.6181319
10.940654,-10.045853,-37.219345,98.81936,5.6410255,0.6181319
11.021397,-10.462693,-36.787563,98.81936,5.7387056,0.6181319
11.021397,-11.046269,-36.183075,98.81936,5.7875457,0.6181319
11.021397,-11.629846,-35.233162,98.81936,5.6410255,0.6181319
10.940654,-12.213422,-34.283245,98.81936,5.3968253,0.6181319
10.859911,-12.880367,-33.074265,98.81936,5.103785,0.6181319
10.859911,-13.4639435,-32.038,98.81936,4.957265,0.6181319
10.859911,-13.964151,-31.174438,98.81936,4.908425,0.6181319
10.859911,-14.547729,-30.397236,98.81936,4.908425,0.6181319
10.859911,-15.131305,-29.70639,98.81936,4.908425,0.6181319
10.859911,-15.798249,-29.015545,98.81936,4.908425,0.6181319
10.859911,-16.548561,-28.06563,98.81936,4.908425,0.6181319
10.859911,-17.215506,-27.115717,98.81936,4.908425,0.6181319
11.102139,-17.88245,-26.079447,98.81936,5.006105,0.6181319
11.344368,-18.466028,-25.215889,98.81936,5.250305,0.6181319
11.5865965,-18.7995,-24.611399,98.81936,5.201465,0.6181319
11.909568,-19.049604,-24.17962,98.81936,4.908425,0.6181319
12.0710535,-19.216341,-23.834196,98.81936,4.6642246,0.6181319
12.232539,-19.216341,-23.57513,98.81936,4.7130647,0.6181319
12.232539,-19.216341,-22.970638,98.81936,4.7130647,0.6181319
11.909568,-19.216341,-22.020725,98.81936,4.7130647,0.6181319
11.505854,-19.216341,-20.8981,98.81936,4.7130647,0.6181319
10.859911,-19.216341,-19.775475,98.81936,4.7130647,0.6181319
10.213968,-19.216341,-18.739206,98.81936,4.7619047,0.6181319
9.40654,-19.216341,-18.221071,98.81936,4.859585,0.6181319
8.518369,-19.216341,-17.962004,98.81936,4.810745,0.6181319
7.630198,-19.216341,-17.962004,98.81936,4.5665445,0.6181319
6.580541,-19.216341,-17.962004,98.81936,4.224664,0.6181319
5.69237,-18.882868,-17.962004,98.81936,3.931624,0.6181319
4.8041987,-18.38266,-17.962004,98.81936,3.5897436,0.6181319
3.8352847,-17.632347,-17.962004,98.81936,3.1990232,0.6181319
3.0278563,-16.882034,-17.962004,98.81936,2.7594628,0.6181319
2.3011708,-15.964986,-17.962004,98.81936,2.3199024,0.6181319
1.5744853,-15.214673,-17.962004,98.81936,1.9291819,0.6181319
0.9285426,-14.631096,-17.962004,98.81936,1.8315018,0.6181319
0.28259993,-14.04752,-17.962004,98.81936,1.7338217,0.6181319
-0.4440856,-13.547312,-17.962004,98.81936,1.4896215,0.6181319
-1.3322568,-12.963735,-17.962004,98.81936,1.1965812,0.6181319
-2.3819137,-12.380158,-17.962004,98.81936,0.85470086,0.6181319
-3.5123134,-11.713214,-18.307426,98.81936,0.46398047,0.6181319
-4.8849416,-11.213005,-18.739206,98.81936,-0.024420025,0.6181319
-6.3383126,-10.879533,-19.170984,98.81936,-0.51282054,0.6181319
-7.8724265,-10.629429,-19.516407,98.81936,-1.0989012,0.6181319
-9.325797,-10.462693,-19.775475,98.81936,-1.5384616,0.6181319
-10.779168,-10.212588,-20.034542,98.81936,-1.978022,0.6181319
-12.151796,-10.045853,-20.29361,98.81936,-2.3687425,0.6181319
-13.201453,-9.795748,-20.552677,98.81936,-2.7106228,0.6181319
-14.008882,-9.4622755,-20.8981,98.81936,-3.1501832,0.6181319
-14.574081,-9.045436,-21.32988,98.81936,-3.5409036,0.6181319
-15.139281,-8.545227,-21.848013,98.81936,-4.029304,0.6181319
-15.462253,-7.961651,-22.279793,98.81936,-4.5665445,0.6181319
-15.785224,-7.2947063,-22.71157,98.81936,-5.152625,0.6181319
-16.350424,-6.6277614,-23.14335,98.81936,-5.7387056,0.6181319
-16.754139,-6.044185,-23.57513,98.81936,-6.227106,0.6181319
-17.319338,-5.543977,-23.920553,98.81936,-6.6178265,0.6181319
-17.803795,-5.2938724,-24.265976,98.81936,-6.8620267,0.6181319
-18.20751,-4.8770323,-24.697754,98.81936,-7.155067,0.6181319
-18.530481,-4.54356,-25.302246,98.81936,-7.5457873,0.6181319
-18.611223,-3.9599833,-25.993092,98.81936,-7.8388276,0.6181319
-18.611223,-3.2930388,-26.770294,98.81936,-8.083028,0.6181319
-18.611223,-2.8761985,-27.28843,98.81936,-8.327229,0.6181319
-18.530481,-2.37599,-27.806562,98.81936,-8.815629,0.6181319
-18.368996,-1.9591496,-28.238342,98.81936,-9.059829,0.6181319
-18.449738,-1.6256773,-28.583765,98.81936,-9.157509,0.6181319
-18.853453,-1.2922051,-28.929188,98.81936,-9.304029,0.6181319
-19.33791,-1.0421009,-29.1019,98.81936,-9.49939,0.6181319
-19.822367,-0.7086286,-29.360968,98.81936,-9.69475,0.6181319
-20.549051,-0.3751563,-29.70639,98.81936,-9.8412695,0.6181319
-21.275736,0.12505211,-30.051813,98.81936,-10.03663,0.6181319
-22.083164,0.54189247,-30.483593,98.81936,-10.32967,0.6181319
-22.80985,1.0421009,-30.74266,98.81936,-10.769231,0.6181319
-23.536535,1.4589412,-31.001728,98.81936,-11.257631,0.6181319
-24.182478,1.9591496,-31.260794,98.81936,-11.501831,0.6181319
-24.747679,2.37599,-31.519861,98.81936,-11.697191,0.6181319
-25.312878,2.8761985,-31.778929,98.81936,-11.794871,0.6181319
-25.797335,3.2930388,-32.038,98.81936,-12.087913,0.6181319
-26.039564,3.7098792,-32.38342,98.81936,-12.380953,0.6181319
-26.120306,4.2100873,-32.642487,98.81936,-12.429792,0.6181319
-26.120306,4.710296,-32.98791,98.81936,-12.332112,0.6181319
-26.039564,5.0437684,-33.24698,98.81936,-12.332112,0.6181319
-25.635849,5.4606085,-33.5924,98.81936,-12.429792,0.6181319
-24.989906,5.7940807,-34.110535,98.81936,-12.429792,0.6181319
-24.263222,6.127553,-34.45596,98.81936,-12.283273,0.6181319
-23.213564,6.3776574,-34.715027,98.81936,-12.283273,0.6181319
-22.002422,6.7111297,-34.887737,98.81936,-12.185593,0.6181319
-20.549051,6.9612336,-35.146805,98.81936,-11.892551,0.6181319
-19.09568,7.12797,-35.146805,98.81936,-11.404151,0.6181319
-17.400082,7.211338,-35.146805,98.81936,-10.81807,0.6181319
-15.865967,7.211338,-35.146805,98.81936,-10.32967,0.6181319
-14.25111,7.211338,-35.146805,98.81936,-10.08547,0.6181319
-12.716996,7.2947063,-35.146805,98.81936,-9.89011,0.6181319
-11.182882,7.2947063,-35.146805,98.81936,-9.69475,0.6181319
-9.810254,7.2947063,-35.146805,98.81936,-9.40171,0.6181319
-8.760597,7.2947063,-35.146805,98.81936,-9.206349,0.6181319
-7.7916837,7.2947063,-35.146805,98.81936,-9.059829,0.6181319
-7.064998,7.2947063,-35.146805,98.81936,-8.962149,0.6181319
-6.4997983,7.2947063,-35.146805,98.81936,-8.815629,0.6181319
-6.096084,7.2947063,-35.146805,98.81936,-8.717949,0.6181319
-5.611627,7.2947063,-35.146805,98.81936,-8.815629,0.6181319
-4.8041987,7.2947063,-35.146805,98.81936,-8.815629,0.6181319
-3.9160275,7.2947063,-35.146805,98.81936,-8.620269,0.6181319
-2.9471135,7.2947063,-35.146805,98.81936,-8.571428,0.6181319
-1.8167138,7.2947063,-35.146805,98.81936,-8.620269,0.6181319
-0.52482843,7.2947063,-35.146805,98.81936,-8.864469,0.6181319
0.76705694,7.2947063,-35.146805,98.81936,-8.864469,0.6181319
1.735971,7.2947063,-35.146805,98.81936,-8.962149,0.6181319
2.1396852,7.2947063,-35.146805,98.81936,-9.255189,0.6181319
2.220428,7.2947063,-35.146805,98.81936,-9.352869,0.6181319
2.1396852,7.2947063,-35.146805,98.81936,-9.49939,0.6181319
1.735971,7.2947063,-35.146805,98.81936,-9.69475,0.6181319
0.9285426,7.2947063,-35.146805,98.81936,-9.93895,0.6181319
-0.20185709,7.2947063,-35.146805,98.81936,-10.23199,0.6181319
-1.4129996,7.2947063,-35.146805,98.81936,-10.573871,0.6181319
-2.8663707,7.2947063,-35.146805,98.81936,-10.9157505,0.6181319
-4.4004846,7.2947063,-35.146805,98.81936,-11.257631,0.6181319
-5.9345984,7.2947063,-35.233162,98.81936,-11.599511,0.6181319
-7.145741,7.5448103,-35.83765,98.81936,-11.941392,0.6181319
-8.27614,8.295123,-36.87392,98.81936,-12.185593,0.6181319
-9.325797,9.128803,-37.996544,98.81936,-12.5274725,0.6181319
-10.213968,10.045853,-39.032814,98.81936,-12.869353,0.6181319
-11.102139,10.879533,-39.810017,98.81936,-13.308913,0.6181319
-11.828825,11.546477,-40.41451,98.81936,-13.504273,0.6181319
-12.5555105,12.130054,-41.018997,98.81936,-13.699634,0.6181319
-13.524425,12.630262,-41.7962,98.81936,-13.992674,0.6181319
-14.493339,13.130471,-42.487045,98.81936,-14.481074,0.6181319
-15.462253,13.630679,-43.264248,98.81936,-14.871795,0.6181319
-16.51191,14.214256,-44.127808,98.81936,-15.2136755,0.6181319
-17.561567,14.7978325,-45.07772,98.81936,-15.409036,0.6181319
-18.530481,15.381409,-45.941277,98.81936,-15.799756,0.6181319
-19.499395,15.881618,-46.632126,98.81936,-16.141636,0.6181319
-20.387566,16.381826,-47.32297,98.81936,-16.336996,0.6181319
-21.11425,16.882034,-48.013817,98.81936,-16.483517,0.6181319
-21.679451,17.46561,-48.79102,98.81936,-16.483517,0.6181319
-22.24465,17.965818,-49.481865,98.81936,-16.678877,0.6181319
-22.648365,18.38266,-50.259068,98.81936,-16.971916,0.6181319
-23.052078,18.7995,-50.949913,98.81936,-17.167276,0.6181319
-23.455793,19.049604,-51.554405,98.81936,-17.216118,0.6181319
-24.020992,19.299707,-52.24525,98.81936,-17.216118,0.6181319
-24.666935,19.466444,-52.936096,98.81936,-17.411478,0.6181319
-25.393621,19.549812,-53.45423,98.81936,-17.655678,0.6181319
-26.281792,19.549812,-53.972366,98.81936,-17.851038,0.6181319
-27.33145,19.549812,-54.4905,98.81936,-18.095238,0.6181319
-28.381105,19.549812,-54.92228,98.81936,-18.290598,0.6181319
-29.511505,19.549812,-55.181347,98.81936,-18.485958,0.6181319
-30.722649,19.549812,-55.440414,98.81936,-18.58364,0.6181319
-31.853048,19.549812,-55.52677,98.81936,-18.730158,0.6181319
-33.06419,19.549812,-55.613125,98.81936,-18.876678,0.6181319
-34.19459,19.549812,-55.613125,98.81936,-18.925518,0.6181319
-35.32499,19.549812,-55.613125,98.81936,-19.072039,0.6181319
-36.45539,19.549812,-55.613125,98.81936,-19.316238,0.6181319
-37.58579,19.549812,-55.613125,98.81936,-19.511599,0.6181319
-38.71619,19.716549,-55.699482,98.81936,-19.65812,0.6181319
-39.84659,20.216757,-56.217617,98.81936,-19.85348,0.6181319
-41.05773,20.716965,-56.908463,98.81936,-20.04884,0.6181319
-42.107388,21.217175,-57.426598,98.81936,-20.2442,0.6181319
-43.157043,21.634014,-57.772022,98.81936,-20.39072,0.6181319
-43.964474,21.967487,-58.2038,98.81936,-20.488401,0.6181319
-44.44893,22.300959,-58.63558,98.81936,-20.488401,0.6181319
-44.529675,22.634432,-58.981003,98.81936,-20.2442,0.6181319
-44.529675,22.801167,-59.153713,98.81936,-20.19536,0.6181319
-44.44893,22.967903,-59.153713,98.81936,-20.2442,0.6181319
-43.964474,23.051271,-59.153713,98.81936,-20.293041,0.6181319
-43.23779,23.051271,-59.153713,98.81936,-19.902319,0.6181319
-42.43036,23.051271,-59.153713,98.81936,-19.21856,0.6181319
-41.29996,23.051271,-59.153713,98.81936,-18.779,0.6181319
-40.008076,23.051271,-59.153713,98.81936,-18.437119,0.6181319
-38.554703,23.051271,-59.153713,98.81936,-17.997559,0.6181319
-36.939846,23.051271,-59.153713,98.81936,-17.655678,0.6181319
-35.08276,23.051271,-59.153713,98.81936,-17.167276,0.6181319
-33.14493,23.051271,-59.153713,98.81936,-16.581196,0.6181319
-30.964876,23.051271,-59.153713,98.81936,-15.946276,0.6181319
-28.78482,23.051271,-59.153713,98.81936,-15.409036,0.6181319
-26.604763,23.051271,-59.153713,98.81936,-15.067155,0.6181319
-24.424707,23.051271,-59.153713,98.81936,-14.871795,0.6181319
-22.163908,23.051271,-59.153713,98.81936,-14.529915,0.6181319
-19.822367,23.051271,-59.153713,98.81936,-14.041514,0.6181319
-17.561567,23.051271,-59.153713,98.81936,-13.455434,0.6181319
-15.38151,23.051271,-59.153713,98.81936,-12.967033,0.6181319
-13.201453,23.051271,-59.153713,98.81936,-12.429792,0.6181319
-11.102139,23.051271,-59.153713,98.81936,-11.892551,0.6181319
-9.164311,23.468111,-59.153713,98.81936,-11.355311,0.6181319
-7.3072267,23.884953,-59.153713,98.81936,-10.9157505,0.6181319
-5.5308843,24.301792,-59.153713,98.81936,-10.476191,0.6181319
-3.9160275,24.718634,-59.153713,98.81936,-10.08547,0.6181319
-2.220428,24.968737,-59.153713,98.81936,-9.645909,0.6181319
-0.4440856,25.052105,-59.153713,98.81936,-9.255189,0.6181319
1.3322568,25.052105,-59.153713,98.81936,-8.669108,0.6181319
3.1085992,25.052105,-59.153713,98.81936,-8.376068,0.6181319
4.9656844,25.052105,-59.153713,98.81936,-8.180708,0.6181319
6.661284,25.052105,-59.153713,98.81936,-7.6434674,0.6181319
8.437626,25.052105,-59.153713,98.81936,-6.9108667,0.6181319
9.648768,25.052105,-59.153713,98.81936,-6.080586,0.6181319
10.698425,25.052105,-59.153713,98.81936,-5.152625,0.6181319
11.5865965,25.052105,-59.153713,98.81936,-4.175824,0.6181319
12.0710535,25.052105,-59.153713,98.81936,-3.2478633,0.6181319
12.313282,25.052105,-59.153713,98.81936,-2.5152626,0.6181319
12.313282,24.968737,-59.153713,98.81936,-1.9291819,0.6181319
12.313282,24.885368,-59.153713,98.81936,-1.3919414,0.6181319
12.232539,24.802,-59.153713,98.81936,-0.8058608,0.6181319
12.151796,24.635265,-59.153713,98.81936,-0.21978022,0.6181319
12.0710535,24.551897,-59.153713,98.740654,0.41514042,0.6181319
11.990311,24.218424,-59.153713,98.740654,0.85470086,0.6181319
11.909568,23.884953,-59.153713,98.66194,1.3431014,0.6181319
11.909568,23.384743,-59.153713,98.58324,1.7826618,0.6181319
11.990311,22.551064,-59.153713,98.58324,2.2222223,0.6181319
11.990311,21.550646,-59.153713,98.504524,2.4664226,0.6181319
12.151796,20.133389,-58.54922,98.42582,2.6129427,0.6181319
12.636253,18.549397,-57.858376,98.42582,2.954823,0.6181319
13.12071,16.882034,-57.512955,98.42582,3.5897436,0.6181319
13.68591,15.29804,-57.34024,98.58324,3.882784,0.6181319
14.412596,13.630679,-57.081173,98.58324,4.078144,0.6181319
15.139281,12.130054,-57.081173,98.58324,3.931624,0.6181319
15.704481,10.796165,-57.081173,98.58324,4.224664,0.6181319
16.108196,9.4622755,-56.908463,98.504524,4.4688644,0.6181319
16.51191,8.211755,-56.649395,98.504524,4.7619047,0.6181319
16.754139,7.12797,-56.563038,98.504524,4.957265,0.6181319
16.915625,6.3776574,-56.563038,98.34711,5.3968253,0.6181319
17.480824,5.7940807,-56.563038,98.18969,5.6898656,0.6181319
17.96528,5.3772407,-56.563038,98.03227,5.8363857,0.6181319
18.449738,5.2938724,-56.563038,98.03227,6.031746,0.6181319
19.09568,5.2938724,-56.908463,98.03227,6.080586,0.6181319
19.499395,5.2938724,-56.99482,97.874855,6.275946,0.6181319
19.580137,5.2938724,-56.99482,97.24518,6.7155066,0.6181319
19.580137,5.2938724,-56.908463,96.14325,7.252747,0.6181319
19.580137,5.2938724,-56.217617,94.49036,7.7411475,0.6181319
19.33791,5.2938724,-55.181347,92.44392,8.229548,0.6181319
19.014938,5.2938724,-53.972366,90.161354,8.180708,0.6181319
18.934195,5.2938724,-52.67703,87.9575,8.083028,0.6181319
18.934195,5.2938724,-51.295338,85.674934,8.034188,0.6181319
19.09568,5.2938724,-49.740932,83.392365,8.034188,0.6181319
19.580137,5.2938724,-48.186527,81.03109,8.034188,0.6181319
20.064594,5.0437684,-46.37306,78.82723,8.034188,0.6181319
20.549051,4.54356,-44.300518,76.54467,8.034188,0.6181319
20.872023,3.626511,-41.62349,74.183395,8.034188,0.6181319
21.033508,2.2092538,-38.16926,71.34986,7.9365077,0.6181319
21.033508,0.12505211,-34.02418,68.20149,7.5457873,0.6181319
21.033508,-2.2092538,-29.27461,64.58087,7.252747,0.6181319
20.872023,-4.9604,-24.006908,60.645416,7.155067,0.6181319
20.710537,-7.7949147,-18.307426,56.55254,7.155067,0.6181319
20.549051,-10.879533,-12.6079445,52.538372,6.8620267,0.6181319
20.468307,-13.547312,-7.340242,48.99646,6.4713063,0.6181319
20.387566,-16.21509,-2.6770294,45.9268,6.227106,0.6181319
20.387566,-18.549397,1.7271158,43.09327,6.227106,0.6181319
20.468307,-20.716965,5.7858377,40.18103,5.885226,0.6181319
20.468307,-22.801167,9.930916,36.875244,5.4456654,0.6181319
20.387566,-25.052105,14.33506,33.333332,4.859585,0.6181319
20.064594,-26.886202,18.65285,29.555294,4.175824,0.6181319
19.660881,-28.636932,23.056995,25.698544,3.7362638,0.6181319
19.418652,-29.970821,27.115717,21.999212,3.4920635,0.6181319
18.934195,-30.88787,30.91537,18.378592,3.5409036,0.6181319
18.530481,-31.388079,34.369602,14.994097,3.1013432,0.6181319
18.368996,-31.638182,37.564766,11.452184,2.6129427,0.6181319
18.288252,-31.72155,40.75993,7.988981,2.0268621,0.6181319
18.611223,-31.72155,43.955093,4.28965,1.2454213,0.6181319
19.257166,-31.72155,47.32297,0.6690279,0.51282054,0.6181319
19.903109,-31.72155,50.259068,-2.9515939,-0.31746033,0.6181319
20.872023,-31.638182,52.936096,-6.4935064,-0.95238096,0.6181319
21.840937,-31.471447,55.181347,-10.035419,-1.2454213,0.6181319
22.406136,-30.721134,56.476685,-13.341205,-1.3919414,0.6181319
23.052078,-29.887453,57.512955,-16.56828,-1.5873016,0.6181319
23.37505,-29.220509,58.37651,-19.637938,-1.7826618,0.6181319
23.61728,-28.7203,59.153713,-22.314049,-1.9291819,0.6181319
24.182478,-28.053356,59.930916,-24.990162,-2.1733823,0.6181319
24.747679,-27.219675,60.70812,-27.587564,-2.3199024,0.6181319
25.232136,-26.302626,61.398964,-29.94884,-2.5641026,0.6181319
25.797335,-25.135473,62.08981,-31.837858,-2.905983,0.6181319
25.95882,-23.884953,62.780655,-33.41204,-2.7106228,0.6181319
25.95882,-22.384327,63.12608,-34.828808,-2.4664226,0.6181319
25.95882,-20.883701,63.644215,-36.088154,-2.1245422,0.6181319
25.635849,-19.383076,64.2487,-37.3475,-1.7338217,0.6181319
25.393621,-17.799084,64.93955,-38.68556,-1.4407815,0.6181319
25.393621,-16.131721,65.198616,-39.708775,-1.0500611,0.6181319
25.474363,-14.297624,65.45769,-40.731995,-0.7081807,0.6181319
25.95882,-12.380158,65.45769,-41.912632,-0.6593407,0.6181319
26.281792,-10.629429,65.45769,-42.699726,-0.7570208,0.6181319
26.846992,-9.045436,65.45769,-43.3294,-0.5616606,0.6181319
27.169964,-7.5448103,65.45769,-44.03778,-0.36630037,0.6181319
27.250706,-6.044185,65.45769,-44.982292,-0.31746033,0.6181319
27.169964,-4.4601917,65.45769,-46.00551,-0.5616606,0.6181319
26.927734,-2.9595666,65.45769,-46.87131,-0.5616606,0.6181319
26.766249,-1.5423093,65.45769,-47.89453,-0.31746033,0.6181319
26.604763,-0.041684035,65.45769,-49.232586,-0.26862028,0.6181319
26.524021,1.208837,65.45769,-50.334515,-0.36630037,0.6181319
26.281792,2.37599,65.28497,-51.357735,-0.46398047,0.6181319
25.716593,3.626511,64.76684,-52.302242,-0.41514042,0.6181319
25.232136,4.710296,63.903282,-53.010624,-0.41514042,0.6181319
24.50545,5.7940807,63.039722,-53.56159,-0.41514042,0.6181319
23.778765,7.044602,61.9171,-54.112553,-0.41514042,0.6181319
22.971336,8.378491,60.70812,-54.742226,-0.41514042,0.6181319
22.406136,9.795748,59.67185,-55.371902,-0.5616606,0.6181319
21.921679,11.213005,58.54922,-56.158993,-0.6593407,0.6181319
21.598707,12.880367,57.081173,-56.788666,-0.7570208,0.6181319
21.275736,14.297624,55.699482,-57.26092,-1.0500611,0.6181319
21.033508,15.798249,54.145077,-57.575756,-1.1477412,0.6181319
20.710537,17.13214,52.590675,-57.890594,-1.0989012,0.6181319
20.387566,18.466028,51.03627,-57.969303,-1.0500611,0.6181319
19.903109,19.966652,49.222797,-58.12672,-1.0500611,0.6181319
19.418652,21.550646,47.32297,-58.12672,-1.0500611,0.6181319
19.014938,23.384743,44.991364,-58.12672,-1.0500611,0.6181319
18.530481,25.218842,42.83247,-58.04801,-1.0500611,0.6181319
18.20751,26.886202,40.58722,-57.890594,-1.0500611,0.6181319
18.126766,28.470196,38.428326,-57.497047,-1.0500611,0.6181319
18.126766,29.55398,36.442142,-56.709957,-0.85470086,0.6181319
18.368996,30.554398,34.62867,-55.844154,-0.8058608,0.6181319
18.853453,31.471447,32.728844,-55.057064,-1.0989012,0.6181319
19.499395,32.471863,30.829016,-54.269974,-1.3919414,0.6181319
20.22608,33.639015,29.015545,-53.48288,-1.8315018,0.6181319
21.11425,34.889538,26.943005,-52.459663,-2.4664226,0.6181319
21.840937,35.806587,24.956821,-51.357735,-2.8083029,0.6181319
22.48688,36.723637,22.970638,-50.255806,-3.1013432,0.6181319
22.890593,37.307213,21.243523,-49.311295,-3.2967033,0.6181319
23.132822,37.724052,20.034542,-48.602913,-3.3943834,0.6181319
23.213564,37.89079,19.430052,-48.288074,-3.3943834,0.6181319
23.213564,37.974155,19.170984,-48.209366,-3.3943834,0.6181319
23.132822,37.974155,19.170984,-48.05195,-3.3455434,0.6181319
22.648365,37.974155,19.170984,-48.05195,-3.1990232,0.6181319
22.002422,37.974155,19.430052,-48.05195,-3.1990232,0.6181319
21.437222,37.724052,20.034542,-48.05195,-3.1990232,0.6181319
20.791279,37.057106,21.157167,-48.05195,-3.1990232,0.6181319
20.064594,35.973324,22.71157,-47.89453,-3.1990232,0.6181319
19.176424,34.7228,24.438688,-47.500984,-3.003663,0.6181319
18.288252,33.13881,26.25216,-47.02873,-2.8083029,0.6181319
17.157852,31.72155,27.806562,-46.477764,-2.7106228,0.6181319
16.027452,30.304293,28.842833,-45.84809,-2.7106228,0.6181319
14.81631,29.220509,29.447323,-45.13971,-2.7106228,0.6181319
13.443682,28.22009,29.620035,-44.273907,-2.7106228,0.6181319
12.232539,27.219675,29.620035,-43.486816,-2.5152626,0.6181319
10.940654,26.13589,29.620035,-42.699726,-2.3687425,0.6181319
9.890997,25.218842,29.620035,-42.07005,-2.0757022,0.6181319
9.083569,24.05169,29.620035,-41.597797,-1.7338217,0.6181319
8.356883,22.801167,29.620035,-40.889412,-1.2942613,0.6181319
7.7916837,21.38391,29.620035,-40.023613,-1.0500611,0.6181319
7.4687123,20.05002,29.620035,-39.0791,-1.0500611,0.6181319
7.064998,18.716131,29.620035,-38.213303,-1.2454213,0.6181319
6.8227696,17.46561,29.620035,-37.741047,-1.3431014,0.6181319
6.580541,16.465195,29.620035,-37.66234,-1.3431014,0.6181319
6.25757,15.548145,29.620035,-37.66234,-1.3431014,0.6181319
5.69237,14.7978325,29.620035,-37.66234,-1.3431014,0.6181319
5.12717,14.214256,29.620035,-37.819756,-1.3431014,0.6181319
4.3197417,14.130888,29.620035,-38.29201,-1.3431014,0.6181319
3.3508277,14.130888,29.620035,-38.842976,-1.3431014,0.6181319
2.3011708,14.130888,29.620035,-39.15781,-1.3431014,0.6181319
1.1707711,14.130888,29.620035,-39.236523,-1.3431014,0.6181319
0.040371418,14.130888,29.620035,-39.39394,-1.3431014,0.6181319
-1.0900283,14.130888,29.620035,-39.39394,-1.3431014,0.6181319
-2.1396852,14.130888,29.27461,-39.236523,-1.3431014,0.6181319
-3.2700849,14.547729,28.324697,-39.000393,-1.3431014,0.6181319
-4.238999,15.29804,27.115717,-38.842976,-1.3919414,0.6181319
-5.207913,16.21509,25.647669,-38.606846,-1.3919414,0.6181319
-6.096084,17.215506,24.265976,-38.29201,-1.4896215,0.6181319
-6.9842553,18.215923,22.970638,-38.134594,-1.7338217,0.6181319
-7.8724265,19.216341,21.848013,-38.055885,-2.0268621,0.6181319
-8.679854,20.300125,20.72539,-38.055885,-2.1733823,0.6181319
-9.487283,21.133806,19.68912,-37.977173,-2.2710624,0.6181319
-10.213968,22.21759,18.65285,-37.66234,-2.3687425,0.6181319
-10.859911,23.468111,17.357513,-37.50492,-2.5152626,0.6181319
-11.505854,24.885368,15.889464,-37.42621,-2.6617827,0.6181319
-12.151796,26.052523,14.507772,-36.953957,-2.7106228,0.6181319
-12.636253,27.303043,13.039723,-36.4817,-2.7106228,0.6181319
-13.039968,28.470196,11.485319,-35.930737,-2.7106228,0.6181319
-13.362939,29.387245,10.017271,-35.379772,-2.7106228,0.6181319
-13.68591,30.47103,8.549223,-34.828808,-2.7106228,0.6181319
-13.928139,31.30471,6.908463,-34.277843,-2.7106228,0.6181319
-14.170367,32.388496,5.267703,-33.490753,-2.7106228,0.6181319
-14.412596,33.305546,3.3678756,-32.310116,-2.7106228,0.6181319
-14.654824,34.139225,1.7271158,-30.893349,-2.7106228,0.6181319
-14.897053,34.806168,0.17271157,-29.397875,-2.7106228,0.6181319
-15.220024,35.55648,-1.64076,-27.587564,-2.6617827,0.6181319
-15.38151,36.390163,-3.4542315,-25.619835,-2.6129427,0.6181319
-15.542995,37.473946,-5.6131263,-24.124361,-2.6129427,0.6181319
-15.623738,38.891205,-8.117444,-22.707596,-2.6129427,0.6181319
-15.623738,40.558567,-10.880829,-21.36954,-2.6129427,0.6181319
-15.623738,42.22593,-13.816926,-19.716646,-2.6129427,0.6181319
-15.542995,43.893288,-16.925734,-17.827627,-2.6129427,0.6181319
-15.462253,45.64402,-20.379965,-15.859898,-2.6129427,0.6181319
-15.38151,47.478115,-23.920553,-14.128296,-2.6129427,0.6181319
-15.300767,49.06211,-27.547495,-12.711531,-2.6129427,0.6181319
-15.220024,50.229263,-30.483593,-11.688312,-2.6129427,0.6181319
-15.220024,50.72947,-32.469776,-11.452184,-2.6129427,0.6181319
-15.139281,50.81284,-33.678757,-11.452184,-2.6129427,0.6181319
-15.139281,50.81284,-34.542313,-11.452184,-2.6129427,0.6181319
-15.139281,50.72947,-34.715027,-11.767021,-2.6129427,0.6181319
-15.139281,50.646103,-34.715027,-12.317985,-2.6129427,0.6181319
-15.139281,50.562733,-34.715027,-12.711531,-2.6129427,0.6181319
-15.058538,50.562733,-34.369602,-13.026367,-2.6129427,0.6181319
-15.058538,50.562733,-34.02418,-13.419913,-2.6129427,0.6181319
-14.977796,50.562733,-33.851467,-13.577332,-2.6129427,0.6181319
-14.977796,50.562733,-33.851467,-13.656041,-2.6129427,0.6181319
-15.300767,50.562733,-33.851467,-13.656041,-2.6617827,0.6181319
-15.785224,50.562733,-33.851467,-13.656041,-2.8083029,0.6181319
-16.269682,50.562733,-33.851467,-13.656041,-2.905983,0.6181319
-16.996367,50.562733,-33.937824,-13.656041,-3.052503,0.6181319
-17.803795,50.562733,-34.02418,-13.656041,-3.1501832,0.6181319
-18.772709,50.646103,-34.715027,-13.656041,-3.2967033,0.6181319
-19.741623,50.979576,-35.924007,-13.656041,-3.4432235,0.6181319
-20.791279,51.64652,-37.651123,-13.656041,-3.5897436,0.6181319
-21.760193,52.4802,-39.896374,-13.183785,-3.6874237,0.6181319
-22.406136,53.230515,-42.314335,-12.396694,-3.6874237,0.6181319
-22.729107,53.980824,-44.645943,-11.452184,-3.5897436,0.6181319
-22.80985,54.64777,-46.54577,-10.586383,-3.3943834,0.6181319
-22.80985,55.06461,-48.100174,-9.878001,-3.4432235,0.6181319
-22.648365,55.231346,-49.050087,-9.327037,-3.5897436,0.6181319
-22.325394,55.231346,-49.654575,-9.169619,-3.931624,0.6181319
-21.840937,55.231346,-50.0,-9.169619,-3.931624,0.6181319
-21.194994,55.231346,-50.0,-9.169619,-3.931624,0.6181319
-20.387566,55.231346,-50.086357,-9.0122,-3.931624,0.6181319
-19.499395,55.231346,-50.086357,-8.933491,-3.931624,0.6181319
-18.691967,55.231346,-50.0,-8.933491,-3.882784,0.6181319
-17.803795,55.231346,-49.568222,-8.697363,-3.6385837,0.6181319
-16.996367,55.06461,-48.53195,-8.1463995,-3.3943834,0.6181319
-16.188938,54.564404,-47.32297,-7.5954347,-3.1990232,0.6181319
-15.38151,53.980824,-45.768566,-6.9657617,-3.003663,0.6181319
-14.654824,53.31388,-44.04145,-5.942542,-2.7594628,0.6181319
-14.008882,52.4802,-42.227978,-4.6831956,-2.4175825,0.6181319
-13.282196,51.313046,-39.896374,-3.581267,-2.2222223,0.6181319
-12.636253,49.812424,-37.3057,-2.7154663,-2.0268621,0.6181319
-11.990311,48.06169,-34.19689,-2.007084,-1.7826618,0.6181319
-11.425111,46.144226,-31.001728,-1.3774104,-1.5384616,0.6181319
-10.779168,44.060024,-27.547495,-0.7477371,-1.2454213,0.6181319
-10.213968,41.72572,-24.006908,0.039354585,-0.95238096,0.6181319
-9.568026,39.308044,-20.552677,0.9838646,-0.7081807,0.6181319
-9.002826,36.47353,-17.357513,2.007084,-0.51282054,0.6181319
-8.679854,33.639015,-14.594128,3.2664306,-0.31746033,0.6181319
-8.437626,30.554398,-12.08981,4.6831956,-0.12210012,0.6181319
-8.27614,27.553146,-10.189982,6.099961,-0.024420025,0.6181319
-8.033912,24.802,-8.635578,7.6741443,0.36630037,0.6181319
-7.7916837,22.050854,-7.0811744,9.090909,0.36630037,0.6181319
-7.549455,19.383076,-5.6131263,10.192838,0.36630037,0.6181319
-7.226484,16.63193,-4.058722,10.90122,0.12210012,0.6181319
-6.9842553,13.797416,-2.417962,10.979929,0.024420025,0.6181319
-6.580541,10.879533,-0.69084626,10.979929,0.024420025,0.6181319
-6.25757,7.961651,0.8635579,11.058639,0.17094018,0.6181319
-5.9345984,4.793664,2.2452505,11.452184,0.12210012,0.6181319
-5.611627,1.6256773,3.5405872,12.081858,0.07326008,0.6181319
-5.2886558,-1.3755732,4.4041452,13.026367,0.26862028,0.6181319
-4.723456,-4.2934556,4.92228,14.364424,0.51282054,0.6181319
-4.158256,-6.877866,5.0086355,15.938607,0.9035409,0.6181319
-3.673799,-9.29554,5.0086355,17.906336,1.0500611,0.6181319
-3.1085992,-11.129638,5.0086355,20.031485,1.0500611,0.6181319
-2.4626565,-12.713631,4.92228,22.23534,0.9035409,0.6181319
-1.8167138,-13.714047,4.5768566,24.596615,0.9035409,0.6181319
-1.251514,-14.130888,4.058722,27.194017,0.9035409,0.6181319
-0.60557127,-14.214256,3.28152,30.263676,0.9035409,0.6181319
0.040371418,-14.214256,2.5043178,33.41204,0.9035409,0.6181319
0.76705694,-14.214256,1.64076,36.63912,0.9035409,0.6181319
1.4129996,-14.214256,0.69084626,39.944904,1.0989012,0.6181319
2.1396852,-14.214256,-0.34542313,43.09327,1.3919414,0.6181319
3.0278563,-14.214256,-1.7271158,46.320347,1.6849817,0.6181319
3.7545419,-14.214256,-3.3678756,49.390003,1.9291819,0.6181319
4.4004846,-14.214256,-5.1813474,52.69579,2.2222223,0.6181319
5.207913,-14.214256,-7.0811744,55.765446,2.6129427,0.6181319
6.096084,-14.214256,-9.153713,58.835106,3.052503,0.6181319
6.9842553,-14.214256,-11.312608,61.668633,3.5897436,0.6181319
7.9531693,-14.214256,-13.73057,64.26604,3.931624,0.6181319
9.083569,-14.214256,-16.148533,66.78473,4.175824,0.6181319
10.133225,-14.214256,-18.825562,69.53955,4.4688644,0.6181319
11.344368,-14.214256,-21.588947,72.05824,4.7619047,0.6181319
12.394025,-14.214256,-23.920553,74.813065,4.957265,0.6181319
13.039968,-14.380992,-25.82038,77.489174,4.957265,0.6181319
13.12071,-14.7978325,-26.943005,79.92916,4.6642246,0.6181319
13.201453,-15.464777,-27.28843,82.526566,4.6153846,0.6181319
13.201453,-16.298458,-27.029362,84.65171,4.6153846,0.6181319
12.878482,-17.13214,-26.338514,86.77686,4.5665445,0.6181319
12.151796,-17.799084,-25.302246,88.98071,4.224664,0.6181319
11.344368,-18.466028,-23.74784,90.869736,3.7362638,0.6181319
10.617682,-18.882868,-21.848013,92.05038,3.4432235,0.6181319
9.97174,-19.132973,-20.120897,92.75876,3.1990232,0.6181319
9.40654,-19.132973,-19.08463,93.30972,3.1013432,0.6181319
9.002826,-19.132973,-18.65285,93.781975,3.1013432,0.6181319
8.84134,-19.049604,-18.65285,94.33294,3.2478633,0.6181319
8.760597,-18.966236,-18.65285,95.04132,3.3455434,0.6181319
8.760597,-18.38266,-19.25734,95.7497,3.2478633,0.6181319
8.760597,-17.548979,-20.207254,96.5368,3.052503,0.6181319
8.760597,-16.63193,-21.243523,97.08776,2.7594628,0.6181319
8.922083,-15.381409,-22.53886,97.79614,2.6617827,0.6181319
9.083569,-14.714464,-23.57513,98.34711,2.6617827,0.6181319
9.164311,-14.297624,-24.265976,98.58324,2.7106228,0.6181319
9.164311,-14.214256,-24.697754,98.66194,2.6129427,0.6181319
9.164311,-14.214256,-24.784111,98.66194,2.4175825,0.6181319
9.164311,-14.214256,-24.784111,98.66194,2.1245422,0.6181319
9.164311,-14.214256,-24.784111,98.66194,1.978022,0.6181319
9.164311,-14.214256,-24.784111,98.66194,1.8803419,0.6181319
9.164311,-14.214256,-24.697754,98.66194,1.8315018,0.6181319
9.164311,-14.214256,-24.093264,98.66194,1.7338217,0.6181319
9.164311,-14.380992,-23.488773,98.66194,1.6849817,0.6181319
9.164311,-14.46436,-22.970638,98.66194,1.6849817,0.6181319
9.245054,-14.547729,-22.625216,98.66194,1.8315018,0.6181319
9.245054,-14.631096,-22.452505,98.58324,1.9291819,0.6181319
9.245054,-14.881201,-22.279793,98.504524,1.9291819,0.6181319
9.245054,-15.29804,-21.675303,97.71744,2.0268621,0.6181319
9.568026,-15.798249,-20.8981,96.5368,2.2222223,0.6181319
10.133225,-16.131721,-20.207254,95.27745,2.7106228,0.6181319
10.698425,-16.21509,-19.948187,94.018105,3.003663,0.6181319
11.425111,-16.21509,-19.602764,92.75876,3.1990232,0.6181319
12.313282,-16.21509,-19.25734,91.4207,3.3455434,0.6181319
13.282196,-16.21509,-18.739206,90.24007,3.882784,0.6181319
14.25111,-16.21509,-18.048359,89.13814,4.5177045,0.6181319
15.462253,-16.21509,-17.530224,88.03621,5.299145,0.6181319
16.592653,-16.21509,-17.01209,87.0917,5.7875457,0.6181319
17.803795,-16.21509,-16.58031,85.83235,6.324786,0.6181319
18.934195,-16.21509,-15.975821,84.41558,6.6178265,0.6181319
20.145336,-16.21509,-15.284974,82.762695,7.155067,0.6181319
21.275736,-16.21509,-14.33506,80.95238,7.8388276,0.6181319
22.24465,-16.21509,-13.298791,79.3782,8.522589,0.75549453
23.132822,-16.21509,-12.08981,77.7253,9.059829,0.89285713
23.778765,-16.465195,-10.621761,76.15112,9.450549,1.5796703
24.343964,-16.798666,-8.981002,74.65565,9.89011,2.0604396
24.909164,-17.215506,-7.253886,73.238884,10.32967,2.3351648
25.393621,-17.632347,-5.4404144,71.900826,10.52503,2.3351648
25.797335,-17.965818,-3.7996545,70.56277,10.62271,2.0604396
26.120306,-18.049187,-2.849741,69.61826,10.671551,1.7857143
26.524021,-18.049187,-2.3316061,68.90988,10.9157505,1.5796703
26.927734,-18.049187,-2.0725389,68.280205,11.013431,1.1675824
27.169964,-18.049187,-1.8998272,67.80795,11.013431,1.0989012
27.412191,-18.049187,-1.8998272,67.49311,10.964591,0.82417583
27.573677,-18.049187,-1.8998272,67.33569,10.573871,0.6868132
27.573677,-18.049187,-1.8998272,67.33569,10.08547,0.6868132
27.573677,-18.049187,-1.8998272,67.414406,9.40171,0.6181319
27.573677,-18.049187,-1.8998272,68.044075,8.864469,0.6181319
27.573677,-17.632347,-2.6770294,69.0673,8.571428,0.6181319
27.573677,-16.798666,-3.7996545,70.24793,8.327229,0.6868132
27.977392,-15.881618,-5.094991,71.50728,8.278388,0.6868132
28.381105,-14.964568,-6.2176166,72.373085,8.424909,0.6868132
28.78482,-14.297624,-7.16753,72.766624,8.717949,0.6868132
29.430763,-13.714047,-7.944732,72.766624,9.059829,0.6868132
29.834476,-13.297207,-8.635578,72.766624,9.8412695,0.6868132
29.91522,-13.047103,-9.067357,72.766624,10.671551,0.6868132
29.91522,-12.880367,-9.412781,72.60921,11.4529915,0.6868132
29.91522,-12.713631,-9.671848,72.45179,12.136752,0.6868132
29.511505,-12.630262,-9.671848,72.21566,12.918193,0.6868132
29.430763,-12.463527,-9.671848,71.97954,13.6019535,0.6868132
29.35002,-12.130054,-9.671848,71.900826,13.943834,0.75549453
29.35002,-11.796582,-9.84456,71.900826,14.383394,0.75549453
29.35002,-11.46311,-10.189982,72.136955,14.969475,0.75549453
29.67299,-11.046269,-10.880829,73.002754,15.604396,0.75549453
29.995962,-10.796165,-11.744387,74.02597,16.581196,0.75549453
30.238192,-10.629429,-12.6079445,75.049194,17.606838,0.75549453
30.318933,-10.462693,-13.644215,75.993706,18.58364,0.75549453
30.399677,-10.129221,-14.853195,76.78079,19.511599,0.75549453
30.399677,-9.962484,-15.975821,77.56789,20.488401,0.75549453
30.318933,-9.879116,-17.098446,78.04014,21.41636,0.75549453
30.157448,-9.879116,-18.048359,78.11885,22.002441,0.75549453
29.995962,-9.879116,-18.825562,78.11885,22.393162,0.75549453
29.834476,-9.879116,-19.602764,78.11885,22.490843,0.75549453
29.834476,-9.879116,-20.120897,78.04014,22.539682,0.75549453
29.834476,-9.879116,-20.552677,77.96143,22.539682,0.75549453
29.995962,-9.71238,-21.070812,78.04014,22.442003,0.75549453
30.48042,-9.29554,-21.761658,78.35498,22.393162,0.75549453
30.964876,-8.628595,-22.71157,78.82723,22.393162,0.75549453
31.610819,-7.7115464,-23.57513,79.3782,22.393162,0.75549453
32.256763,-6.6277614,-24.525043,80.00787,22.393162,0.75549453
32.983448,-5.4606085,-25.561312,80.63754,22.393162,0.75549453
33.62939,-4.1267195,-26.511227,81.345924,22.393162,0.75549453
34.275333,-2.542726,-27.633852,82.290436,22.393162,0.75549453
34.921276,-0.8753647,-28.842833,83.156235,22.393162,0.75549453
35.486477,0.79199666,-30.051813,84.02204,22.393162,0.75549453
36.051674,2.2926219,-31.260794,84.80913,22.393162,0.75549453
36.616875,3.459775,-32.55613,85.674934,22.393162,0.75549453
37.101334,4.376824,-33.851467,86.46202,22.393162,0.75549453
37.505047,4.9604,-35.319515,87.249115,22.393162,0.75549453
37.66653,5.2938724,-36.614853,88.19363,22.295483,0.75549453
37.747276,5.3772407,-37.73748,89.059425,22.100122,0.75549453
37.747276,5.4606085,-38.860104,90.161354,21.758242,0.75549453
37.58579,5.4606085,-39.55095,91.18457,21.611721,0.75549453
37.424305,5.4606085,-39.810017,92.05038,21.611721,0.75549453
37.34356,5.4606085,-39.896374,92.83746,21.465202,0.75549453
37.262817,5.4606085,-39.896374,93.46714,21.269842,0.75549453
37.262817,5.543977,-39.896374,93.93939,21.123322,0.75549453
37.262817,5.543977,-39.896374,94.41165,20.927961,0.75549453
37.34356,5.543977,-39.896374,94.8839,20.83028,0.75549453
37.34356,5.543977,-39.896374,95.27745,20.683762,0.75549453
37.424305,5.543977,-39.896374,95.7497,20.537241,0.75549453
37.424305,5.543977,-39.896374,96.22196,20.39072,0.75549453
37.424305,5.543977,-39.896374,96.694214,20.2442,0.75549453
37.424305,5.543977,-39.896374,97.08776,20.04884,0.75549453
37.262817,5.543977,-39.896374,97.16647,19.85348,0.75549453
36.939846,5.543977,-39.896374,97.79614,19.60928,0.75549453
36.616875,5.543977,-39.896374,98.268394,19.16972,0.75549453
36.21316,5.543977,-39.896374,98.504524,19.16972,0.75549453
35.728703,5.543977,-39.896374,98.66194,19.267399,0.75549453
35.244247,5.543977,-39.896374,98.66194,19.462759,0.75549453
34.679047,5.543977,-39.896374,98.66194,19.462759,0.75549453
34.113846,5.543977,-39.896374,98.66194,19.462759,0.75549453
33.710133,5.543977,-40.15544,98.66194,19.462759,0.75549453
33.62939,5.543977,-40.673576,98.66194,19.462759,0.75549453
33.62939,5.710713,-41.36442,98.66194,19.462759,0.75549453
33.62939,5.7940807,-42.227978,98.66194,19.462759,0.75549453
33.790874,5.7940807,-43.091537,98.66194,19.462759,0.75549453
34.033104,5.7940807,-43.782383,98.66194,19.462759,0.75549453
34.19459,5.7940807,-44.47323,98.66194,19.462759,0.75549453
34.19459,5.7940807,-44.818653,98.66194,19.41392,0.75549453
34.19459,5.7940807,-44.991364,98.66194,19.316238,0.75549453
33.952362,5.7940807,-44.991364,98.66194,19.267399,0.75549453
33.790874,5.7940807,-44.991364,98.66194,19.41392,0.75549453
33.54865,5.7940807,-44.991364,98.66194,19.316238,0.75549453
33.30642,5.7940807,-44.991364,98.66194,19.16972,0.75549453
33.14493,5.7940807,-44.991364,98.66194,19.072039,0.75549453
33.06419,5.7940807,-44.991364,98.66194,19.120878,0.75549453
33.467903,5.7940807,-45.07772,98.58324,19.120878,0.75549453
33.87162,5.7940807,-45.42314,98.504524,19.21856,0.75549453
34.436817,5.7940807,-46.200344,98.34711,19.36508,0.75549453
35.244247,6.294289,-47.32297,97.95356,19.56044,0.75549453
36.051674,6.9612336,-48.61831,97.71744,19.706959,0.75549453
36.778362,7.4614425,-49.740932,97.32389,19.85348,0.75549453
37.020588,7.8782825,-50.431778,96.85163,19.902319,0.75549453
37.020588,8.1283865,-50.690845,96.37938,19.80464,0.75549453
36.939846,8.1283865,-50.86356,95.828415,19.80464,0.75549453
36.778362,8.1283865,-50.86356,95.12003,19.902319,0.75549453
36.374645,8.1283865,-50.86356,94.254234,20.097681,0.75549453
35.728703,8.1283865,-50.86356,93.38843,19.902319,0.75549453
35.08276,8.1283865,-50.518135,91.971664,19.60928,0.75549453
34.356075,8.1283865,-49.82729,90.397484,19.16972,0.75549453
33.62939,7.8782825,-48.877377,88.58717,19.072039,0.75549453
32.82196,7.5448103,-47.841106,86.85557,18.632479,0.75549453
32.014534,7.211338,-46.632126,84.80913,18.144077,0.75549453
31.368591,6.877866,-45.42314,82.68398,17.655678,0.75549453
30.884134,6.3776574,-44.21416,80.480125,16.971916,0.75549453
30.399677,6.044185,-42.918827,78.27627,16.434677,0.75549453
29.995962,5.6273446,-41.537132,75.993706,15.848596,0.75549453
29.753735,5.2938724,-39.982727,73.711136,15.262515,0.75549453
29.430763,4.793664,-38.428326,71.42857,14.627595,0.75549453
28.946306,4.4601917,-36.787563,69.38213,14.041514,0.75549453
28.381105,4.1267195,-35.146805,67.414406,13.211233,0.75549453
27.815907,3.7932472,-33.41969,65.367966,12.5274725,0.75549453
27.008478,3.459775,-31.778929,63.478947,12.039072,0.75549453
26.20105,3.1263027,-29.879103,61.19638,11.648352,0.75549453
25.393621,2.542726,-27.89292,58.835106,10.964591,0.75549453
24.50545,1.9591496,-25.82038,56.31641,10.32967,0.75549453
23.61728,0.9587328,-23.661486,53.797718,9.645909,0.75549453
22.890593,-0.12505211,-21.157167,50.88548,8.962149,0.75549453
22.325394,-1.2922051,-18.566494,47.97324,8.376068,0.75549453
21.921679,-2.626094,-15.716753,44.667454,7.7899876,0.75549453
21.517965,-3.8766153,-12.694301,41.20425,7.057387,0.75549453
21.275736,-5.127136,-9.930916,37.741047,6.373626,0.75549453
21.194994,-6.2109213,-7.4265976,34.43526,5.6410255,0.75549453
21.11425,-7.211338,-5.1813474,31.601732,5.103785,0.75549453
21.11425,-8.1283865,-3.195164,28.92562,4.5177045,0.75549453
20.952765,-8.962068,-1.4680483,26.328217,4.078144,0.75549453
20.549051,-9.71238,0.34542313,23.652105,3.3943834,0.75549453
20.22608,-10.295957,2.2452505,20.661158,2.7594628,0.75549453
19.741623,-10.629429,4.2314334,17.51279,2.2222223,0.75549453
19.176424,-10.879533,6.3039722,14.364424,1.8315018,0.75549453
18.611223,-10.962901,8.462867,10.979929,1.2942613,0.75549453
17.96528,-11.046269,10.362695,7.9102716,0.41514042,0.75549453
17.319338,-11.046269,12.176166,4.7619047,-0.6593407,0.75549453
16.83488,-11.046269,13.644215,1.9283746,-1.3431014,0.75549453
16.51191,-11.046269,14.33506,-0.039354585,-1.6361417,0.75549453
16.269682,-10.879533,14.766839,-1.8496655,-1.6849817,0.75549453
16.108196,-10.462693,15.025907,-3.581267,-1.7826618,0.75549453
15.865967,-9.879116,15.198618,-5.076741,-1.8803419,0.75549453
15.542995,-9.212172,15.284974,-6.336088,-1.8315018,0.75549453
15.139281,-8.295123,15.457685,-7.5954347,-1.8315018,0.75549453
14.654824,-7.2947063,15.630397,-9.0122,-1.8315018,0.75549453
14.089624,-6.2109213,15.716753,-10.350256,-1.8315018,0.75549453
13.524425,-5.0437684,15.803109,-11.84573,-1.8315018,0.75549453
12.797739,-3.7098792,15.803109,-13.498623,-1.6849817,0.75549453
12.232539,-2.37599,15.803109,-14.994097,-1.4407815,0.75549453
11.667339,-1.0421009,15.803109,-16.253443,-1.1965812,0.75549453
11.102139,0.3751563,15.803109,-17.51279,-1.0012211,0.75549453
10.859911,1.5423093,15.803109,-18.4573,-0.8058608,0.75549453
10.779168,2.542726,15.803109,-19.165684,-0.41514042,0.75549453
10.698425,3.2096708,15.803109,-19.716646,-0.21978022,0.75549453
10.779168,3.7098792,15.803109,-20.188902,-0.21978022,0.75549453
11.021397,4.2934556,15.716753,-20.582447,-0.5616606,0.75549453
11.344368,4.8770323,15.37133,-20.818575,-0.5616606,0.75549453
11.667339,5.7940807,14.766839,-20.897285,-0.46398047,0.75549453
11.909568,6.7944975,13.989637,-20.897285,-0.36630037,0.75549453
12.151796,7.5448103,13.298791,-20.897285,-0.61050063,0.75549453
12.313282,8.295123,12.694301,-20.818575,-1.0500611,0.75549453
12.394025,8.878699,12.176166,-20.503738,-1.1965812,0.75549453
12.474768,9.378908,11.658031,-20.42503,-1.1965812,0.75549453
12.474768,10.045853,11.05354,-20.26761,-1.1965812,0.75549453
12.474768,10.712797,10.535406,-20.110193,-1.1965812,0.75549453
12.394025,11.546477,10.103627,-20.031485,-1.1965812,0.75549453
12.313282,12.630262,9.499136,-20.031485,-1.1965812,0.75549453
12.313282,13.630679,8.8082905,-20.031485,-1.0500611,0.75549453
12.232539,14.631096,8.203799,-19.874065,-0.85470086,0.75549453
12.232539,15.381409,7.685665,-19.795357,-0.6593407,0.75549453
12.232539,15.964986,7.16753,-19.637938,-0.5616606,0.75549453
12.232539,16.548561,6.6493955,-19.48052,-0.85470086,0.75549453
11.990311,16.882034,6.044905,-19.323101,-1.4407815,0.75549453
11.505854,17.215506,5.267703,-19.086973,-1.978022,0.75549453
10.940654,17.715715,4.317789,-18.61472,-2.2710624,0.75549453
10.294711,18.299292,3.0224526,-17.985044,-2.4664226,0.75549453
9.40654,18.882868,1.64076,-17.276663,-2.6129427,0.75549453
8.356883,19.466444,0.08635578,-16.56828,-2.6129427,0.75549453
7.145741,20.133389,-1.5544041,-15.938607,-2.5641026,0.75549453
5.9345984,20.883701,-3.3678756,-15.308933,-2.5641026,0.75549453
4.56197,21.634014,-5.094991,-14.67926,-2.4175825,0.75549453
3.3508277,22.551064,-6.9948187,-14.049587,-2.2222223,0.75549453
2.220428,23.468111,-8.8082905,-13.419913,-1.978022,0.75549453
1.0092854,24.468529,-10.7081175,-12.79024,-1.6849817,0.75549453
-0.040371418,25.385578,-12.521589,-12.003148,-1.3431014,0.75549453
-1.0092854,26.302626,-14.421416,-11.137347,-0.9035409,0.75549453
-1.9781995,27.219675,-16.321243,-10.114128,-0.41514042,0.75549453
-2.704885,28.470196,-18.480139,-9.090909,0.07326008,0.75549453
-3.4315705,30.05419,-20.984455,-8.382526,0.21978022,0.75549453
-3.9967704,31.72155,-23.488773,-7.5167255,0.21978022,0.75549453
-4.56197,33.639015,-26.079447,-6.4935064,0.024420025,0.75549453
-4.9656844,35.55648,-28.842833,-5.6277056,0.024420025,0.75549453
-5.2886558,37.640682,-31.433506,-4.7619047,0.31746033,0.75549453
-5.611627,39.558147,-34.02418,-3.974813,0.6593407,0.75549453
-5.9345984,41.22551,-36.528496,-3.2664306,0.9035409,0.75549453
-6.3383126,42.64277,-38.773746,-2.6367571,1.0012211,0.75549453
-6.742027,44.060024,-40.846287,-2.007084,0.9035409,0.75549453
-7.145741,45.393913,-43.350605,-1.5348288,0.95238096,0.75549453
-7.630198,46.727802,-45.854923,-1.0625738,1.0989012,0.75549453
-8.033912,47.978325,-48.53195,-0.35419127,1.2454213,0.75549453
-8.518369,49.312214,-51.122623,0.35419127,1.1477412,0.75549453
-8.922083,50.229263,-53.28152,0.7477371,0.95238096,0.75549453
-9.40654,50.81284,-54.57686,0.8264463,0.85470086,0.75549453
-9.810254,51.146313,-55.52677,0.8264463,0.8058608,0.75549453
-10.213968,51.313046,-56.390327,0.8264463,0.85470086,0.75549453
-10.617682,51.563152,-57.253887,0.8264463,0.85470086,0.75549453
-10.940654,51.72989,-58.03109,0.8264463,0.8058608,0.75549453
-11.344368,52.14673,-59.067356,0.8264463,0.8058608,0.75549453
-11.667339,52.81367,-60.276337,0.8264463,0.8058608,0.75549453
-12.0710535,53.647354,-61.65803,0.8264463,0.7570208,0.75549453
-12.474768,54.397667,-62.780655,0.8264463,0.6593407,0.75549453
-12.959225,55.231346,-63.816925,0.8264463,0.5616606,0.75549453
-13.362939,55.98166,-64.68048,0.8264463,0.5616606,0.75549453
-13.766653,56.81534,-65.37133,0.8264463,0.5616606,0.75549453
-14.25111,57.732388,-66.234886,0.9838646,0.5616606,0.75549453
-14.654824,58.816174,-67.1848,1.0625738,0.5616606,0.75549453
-14.977796,59.733223,-68.04836,1.0625738,0.51282054,0.75549453
-15.139281,60.650272,-68.82556,1.0625738,0.51282054,0.75549453
-15.220024,61.317215,-69.51641,1.0625738,0.7081807,0.75549453
-15.220024,61.90079,-70.120895,1.0625738,0.7570208,0.75549453
-15.220024,62.567738,-70.811745,1.0625738,0.7081807,0.75549453
-15.058538,63.151314,-71.502594,1.0625738,0.36630037,0.75549453
-14.977796,63.818256,-72.27979,1.0625738,0.41514042,0.75549453
-15.220024,64.40183,-73.05699,1.0625738,0.5616606,0.75549453
-15.542995,64.98541,-73.57513,1.0625738,0.7081807,0.75549453
-15.865967,65.48562,-74.09326,1.0625738,0.85470086,0.75549453
-16.269682,66.0692,-74.6114,1.1412829,1.0012211,0.75549453
-16.83488,66.73614,-75.3886,1.2987013,1.1477412,0.75549453
-17.561567,67.48645,-76.25216,1.6922472,1.2454213,0.75549453
-18.20751,68.4035,-77.46114,2.085793,1.2454213,0.75549453
-18.368996,69.570656,-78.75648,2.479339,1.2454213,0.75549453
-18.368996,70.4877,-79.879105,2.7941756,1.4407815,0.75549453
-18.368996,71.238014,-80.82902,2.9515939,1.4896215,0.75549453
-18.288252,71.98833,-81.60622,3.1090121,1.3431014,0.75549453
-17.884539,72.65527,-82.46977,3.1877213,0.95238096,0.75549453
-17.319338,73.40559,-83.50604,3.4238489,0.7081807,0.75549453
-16.51191,74.07253,-84.369606,3.6599765,0.7081807,0.75549453
-15.623738,74.57274,-85.146805,3.7386856,0.7570208,0.75549453
-14.574081,74.73947,-85.492226,3.8961039,0.6593407,0.75549453
-13.524425,74.822845,-85.57858,4.053522,0.46398047,0.75549453
-12.474768,74.822845,-85.66494,4.132231,0.07326008,0.75549453
-11.344368,74.822845,-85.66494,4.5257773,-0.21978022,0.75549453
-10.213968,74.822845,-85.66494,5.23416,-0.41514042,0.75549453
-9.083569,74.822845,-85.66494,6.17867,-0.46398047,0.75549453
-8.033912,74.822845,-85.66494,7.280598,-0.46398047,0.75549453
-7.145741,74.822845,-85.66494,8.7760725,-0.46398047,0.75549453
-6.4190555,74.822845,-85.66494,10.507674,-0.46398047,0.75549453
-5.8538556,74.822845,-85.66494,12.396694,-0.51282054,0.75549453
-5.5308843,74.822845,-85.66494,14.128296,-0.51282054,0.75549453
-5.4501414,74.822845,-85.66494,15.781189,-0.51282054,0.75549453
-5.4501414,74.822845,-85.66494,17.119244,-0.51282054,0.75549453
-5.611627,74.822845,-85.66494,18.378592,-0.51282054,0.75549453
-5.8538556,74.656105,-85.66494,19.323101,-0.41514042,0.75549453
-6.096084,74.1559,-85.57858,20.26761,-0.41514042,0.75549453
-6.25757,73.48895,-85.57858,21.133411,-0.46398047,0.75549453
-6.3383126,72.40517,-84.88774,21.999212,-0.21978022,0.75549453
-6.3383126,70.821175,-83.50604,22.707596,0.21978022,0.75549453
-6.3383126,68.82034,-81.34715,22.943724,0.41514042,0.75549453
-6.3383126,66.73614,-78.842834,22.943724,0.46398047,0.75549453
-6.4190555,64.4852,-75.734024,22.786304,0.46398047,0.75549453
-6.580541,62.234264,-72.02073,22.314049,0.6593407,0.75549453
-6.580541,59.89996,-68.04836,21.526958,0.9035409,0.75549453
-6.8227696,57.56565,-63.73057,20.661158,1.1965812,0.75549453
-6.9842553,55.06461,-59.067356,20.031485,1.1965812,0.75549453
-7.145741,52.81367,-54.66321,19.40181,1.0012211,0.75549453
-7.226484,50.562733,-50.17271,18.772137,0.95238096,0.75549453
-7.226484,48.3118,-45.941277,18.142464,0.95238096,0.75549453
-7.226484,45.97749,-41.96891,17.51279,0.95238096,0.75549453
-7.145741,43.55982,-38.34197,16.961826,0.9035409,0.75549453
-6.9842553,40.89204,-35.060448,16.64699,0.95238096,0.75549453
-6.9035125,38.30763,-32.297066,16.56828,1.0989012,0.75549453
-6.8227696,35.973324,-29.879103,16.804407,1.3919414,0.75549453
-6.742027,33.722385,-27.89292,17.197954,1.5873016,0.75549453
-6.661284,31.388079,-26.25216,17.906336,1.8803419,0.75549453
-6.661284,29.13714,-24.870466,18.61472,2.1733823,0.75549453
-6.661284,26.886202,-23.661486,19.48052,2.5152626,0.75549453
-6.661284,24.551897,-22.797928,20.503738,2.7106228,0.75549453
-6.661284,22.134222,-21.93437,21.605667,2.7594628,0.75549453
-6.4997983,19.716549,-21.32988,22.865013,2.8083029,0.75549453
-6.0153413,17.215506,-20.811745,24.360489,2.8083029,0.75549453
-5.611627,14.380992,-20.120897,25.934671,2.857143,0.75549453
-5.12717,11.46311,-19.08463,27.666273,2.857143,0.75549453
-4.3197417,8.211755,-17.789291,29.319166,2.7106228,0.75549453
-3.5123134,4.9604,-16.148533,30.735931,2.5152626,0.75549453
-2.7856278,1.6256773,-14.33506,31.995277,2.5152626,0.75549453
-2.220428,-1.7924135,-12.521589,33.097206,2.5152626,0.75549453
-1.8167138,-5.2105045,-10.621761,34.041718,2.4664226,0.75549453
-1.4129996,-8.795331,-9.240069,34.828808,2.4175825,0.75549453
-1.0900283,-12.29679,-7.8583765,35.143642,2.4664226,0.75549453
-1.0092854,-15.798249,-6.8221073,35.143642,2.4664226,0.75549453
-0.8477998,-19.383076,-5.958549,34.828808,2.4664226,0.75549453
-0.6863141,-22.967903,-5.3540587,34.041718,2.905983,0.75549453
-0.28259993,-26.13589,-4.749568,32.467533,3.5897436,0.75549453
-0.20185709,-29.053772,-4.2314334,30.184967,4.175824,0.75549453
-0.121114254,-31.388079,-3.5405872,27.666273,3.931624,0.75549453
-0.20185709,-33.47228,-2.763385,24.990162,3.1990232,0.75549453
-0.4440856,-35.13964,-1.5544041,22.39276,2.905983,0.75549453
-0.4440856,-36.140057,-0.08635578,19.559229,2.7106228,0.75549453
-0.36334276,-36.807003,1.3816925,16.64699,2.2222223,0.75549453
0.121114254,-36.89037,2.5043178,13.813459,1.7338217,0.75549453
0.52482843,-36.47353,3.1088083,11.216057,1.2942613,0.75549453
1.0092854,-35.63985,3.5405872,9.169619,1.2942613,0.75549453
1.4937425,-34.639435,3.8860104,7.044471,1.5384616,0.75549453
2.4626565,-33.47228,4.2314334,5.155451,1.4896215,0.75549453
2.704885,-31.971655,4.4041452,3.1090121,1.3919414,0.75549453
3.0278563,-30.387661,4.490501,0.8264463,1.0012211,0.75549453
3.2700849,-28.636932,4.490501,-1.613538,0.9035409,0.75549453
3.5123134,-26.802835,4.490501,-4.053522,0.95238096,0.75549453
3.673799,-24.802,4.490501,-6.6509247,0.7081807,0.75549453
4.077513,-22.884535,4.490501,-9.327037,0.31746033,0.75549453
4.3197417,-20.800333,4.490501,-12.317985,-0.17094018,0.75549453
4.723456,-18.7995,4.4041452,-15.308933,-0.6593407,0.75549453
5.2886558,-16.715298,4.058722,-18.536009,-1.2454213,0.75549453
5.5308843,-14.631096,3.28152,-21.763086,-2.1245422,0.75549453
5.5308843,-12.546894,2.3316061,-24.911451,-2.7106228,0.75549453
5.5308843,-10.796165,1.208981,-27.666273,-3.1013432,0.75549453
5.5308843,-9.212172,0.0,-30.184967,-3.5409036,0.75549453
5.3693986,-7.4614425,-1.64076,-32.467533,-3.980464,0.75549453
5.0464272,-5.960817,-3.3678756,-34.43526,-4.4688644,0.75549453
4.56197,-4.54356,-5.0086355,-36.166862,-4.810745,0.75549453
4.158256,-3.376407,-6.6493955,-37.819756,-5.054945,0.75549453
3.8352847,-2.2926219,-8.117444,-39.236523,-5.152625,0.75549453
3.3508277,-1.4589412,-9.585492,-40.18103,-5.201465,0.75549453
2.8663707,-0.7086286,-11.05354,-40.968124,-5.201465,0.75549453
2.4626565,0.20842017,-12.521589,-41.51909,-5.299145,0.75549453
2.1396852,1.2922051,-14.075994,-41.833923,-5.3479853,0.75549453
1.8974566,2.542726,-15.630397,-41.99134,-5.3479853,0.75549453
1.5744853,3.8766153,-17.357513,-41.912632,-5.299145,0.75549453
1.251514,5.543977,-19.25734,-41.51909,-5.103785,0.75549453
0.9285426,7.4614425,-21.32988,-41.12554,-5.103785,0.75549453
0.6863141,9.4622755,-23.488773,-40.889412,-5.299145,0.75549453
0.4440856,11.629846,-25.82038,-40.41716,-5.7387056,0.75549453
0.20185709,13.880784,-28.49741,-39.866196,-5.7387056,0.75549453
0.121114254,16.21509,-31.088083,-39.15781,-5.6898656,0.75549453
0.040371418,18.466028,-33.937824,-38.213303,-5.6410255,0.75549453
-0.040371418,20.96707,-37.219345,-36.953957,-5.5921855,0.75549453
-0.121114254,23.468111,-40.75993,-35.694607,-5.6410255,0.75549453
-0.20185709,25.969154,-44.300518,-34.277843,-5.6410255,0.75549453
-0.28259993,28.386827,-47.841106,-33.018497,-5.6410255,0.75549453
-0.28259993,30.304293,-50.777203,-31.916569,-5.6410255,0.75549453
-0.28259993,31.471447,-52.84974,-31.286896,-5.6410255,0.75549453
-0.28259993,32.388496,-54.31779,-30.81464,-5.6410255,0.75549453
-0.28259993,33.13881,-55.872192,-30.421095,-5.6410255,0.75549453
-0.28259993,33.889122,-57.34024,-30.263676,-5.6410255,0.75549453
-0.28259993,34.556065,-58.721935,-30.027548,-5.6410255,0.75549453
-0.28259993,35.22301,-59.930916,-29.79142,-5.6410255,0.75549453
-0.121114254,35.806587,-60.79447,-29.712711,-5.6410255,0.75549453
0.121114254,36.390163,-61.571674,-29.712711,-5.6410255,0.75549453
0.4440856,36.97374,-62.176167,-29.712711,-5.5433455,0.75549453
0.8477998,37.640682,-62.780655,-29.712711,-5.4945054,0.75549453
1.251514,38.22426,-63.29879,-29.712711,-5.5921855,0.75549453
1.735971,38.80784,-63.471504,-29.555294,-5.885226,0.75549453
2.220428,39.391415,-63.471504,-29.00433,-6.324786,0.75549453
2.704885,39.97499,-63.557858,-28.138529,-6.8620267,0.75549453
3.189342,40.39183,-63.557858,-27.194017,-7.4481072,0.75549453
3.673799,40.558567,-63.385147,-25.934671,-7.9365077,0.75549453
4.238999,40.558567,-62.435234,-24.281778,-8.327229,0.75549453
4.56197,40.558567,-61.312607,-22.23534,-8.571428,0.75549453
4.642713,40.225094,-59.84456,-19.48052,-8.473748,0.75549453
4.723456,39.641518,-57.944733,-16.253443,-8.180708,0.75549453
4.723456,38.80784,-55.699482,-13.026367,-8.034188,0.75549453
4.723456,37.80742,-53.195164,-9.799292,-7.8388276,0.75549453
4.56197,36.807003,-50.604492,-7.280598,-7.7411475,0.75549453
4.4812274,35.473114,-47.75475,-5.312869,-7.7411475,0.75549453
4.4812274,33.97249,-44.818653,-3.502558,-7.7411475,0.75549453
4.4812274,32.13839,-41.7962,-1.9283746,-7.7411475,0.75549453
4.56197,30.137558,-39.032814,0.039354585,-7.7411475,0.75549453
4.8041987,27.969988,-36.442142,2.4006298,-7.7411475,0.75549453
4.9656844,25.802418,-34.02418,5.23416,-7.7411475,0.75549453
4.9656844,23.384743,-31.865286,8.382526,-7.7411475,0.75549453
4.723456,20.96707,-30.31088,12.317985,-7.7411475,0.75549453
4.3197417,18.716131,-29.447323,16.804407,-7.7899876,0.75549453
3.9967704,16.381826,-28.929188,21.605667,-7.7899876,0.75549453
3.3508277,13.880784,-28.49741,26.643053,-7.7899876,0.75549453
2.6241422,11.46311,-28.411053,31.365604,-7.7411475,0.75549453
1.8974566,8.795331,-28.411053,35.694607,-7.5946274,0.75549453
1.1707711,6.044185,-28.411053,39.47265,-7.301587,0.75549453
0.76705694,3.2096708,-28.411053,42.857143,-7.057387,0.75549453
0.4440856,0.12505211,-28.411053,45.690674,-6.8131866,0.75549453
0.4440856,-3.1263027,-28.411053,47.97324,-6.373626,0.75549453
0.4440856,-6.2109213,-28.411053,49.940968,-6.031746,0.75549453
0.76705694,-9.29554,-28.49741,51.9087,-5.8363857,0.75549453
1.3322568,-12.130054,-28.583765,54.269974,-5.3968253,0.75549453
1.9781995,-14.631096,-29.015545,56.709957,-4.859585,0.75549453
2.5433993,-16.465195,-30.31088,59.700905,-4.4200244,0.75549453
3.1085992,-17.88245,-31.692574,62.849274,-3.980464,0.75549453
3.9160275,-19.049604,-32.98791,65.76151,-3.6385837,0.75549453
4.56197,-20.216757,-33.937824,68.67375,-3.3455434,0.75549453
4.723456,-21.38391,-34.45596,71.34986,-3.1990232,0.75549453
4.8041987,-22.384327,-34.542313,73.63243,-3.052503,0.75549453
4.8041987,-23.468111,-34.542313,75.83629,-2.954823,0.75549453
4.723456,-24.551897,-34.02418,77.7253,-2.857143,0.75549453
4.238999,-25.385578,-33.24698,79.45691,-2.8083029,0.75549453
3.5930562,-25.969154,-32.642487,81.26722,-2.7594628,0.75549453
2.8663707,-26.219257,-32.55613,83.31366,-2.6617827,0.75549453
2.3011708,-26.219257,-32.55613,85.36009,-2.5641026,0.75549453
1.6552281,-26.219257,-32.55613,87.1704,-2.4175825,0.75549453
1.0900283,-26.13589,-32.55613,89.13814,-2.1733823,0.75549453
0.6863141,-25.969154,-32.55613,91.02715,-1.978022,0.75549453
0.28259993,-25.635681,-32.642487,93.152306,-1.7338217,0.75549453
0.040371418,-24.968737,-33.24698,95.356155,-1.3919414,0.75549453
-0.040371418,-24.468529,-33.678757,97.08776,-0.95238096,0.75549453
-0.040371418,-24.218424,-33.678757,97.79614,-0.5616606,0.75549453
-0.040371418,-24.05169,-33.678757,98.34711,-0.31746033,0.75549453
0.121114254,-23.801584,-33.678757,98.66194,-0.07326008,0.75549453
0.121114254,-23.55148,-33.678757,98.66194,0.024420025,0.75549453
0.121114254,-23.468111,-33.506046,98.66194,0.07326008,0.75549453
0.121114254,-23.218008,-32.98791,98.66194,0.07326008,0.75549453
0.121114254,-23.051271,-32.12435,98.66194,0.024420025,0.75549453
-0.28259993,-22.884535,-30.91537,98.66194,0.024420025,0.75549453
-0.60557127,-22.801167,-29.27461,98.66194,0.07326008,0.75549453
-1.0092854,-22.717798,-27.28843,98.66194,0.12210012,0.75549453
-1.5744853,-22.717798,-25.129534,98.66194,0.12210012,0.75549453
-2.0589423,-22.717798,-22.71157,98.66194,0.12210012,0.75549453
-2.1396852,-22.717798,-20.552677,98.66194,0.36630037,0.75549453
-2.1396852,-22.634432,-18.739206,98.66194,0.41514042,0.75549453
-2.1396852,-22.634432,-17.616581,98.66194,0.41514042,0.75549453
-1.9781995,-22.634432,-17.098446,98.66194,0.21978022,0.75549453
-1.735971,-22.634432,-17.01209,98.66194,0.36630037,0.75549453
-1.6552281,-22.634432,-17.01209,98.66194,0.5616606,0.75549453
-1.5744853,-22.634432,-17.01209,98.66194,0.7081807,0.75549453
-1.5744853,-22.634432,-17.01209,98.66194,0.8058608,0.75549453
-1.735971,-22.634432,-17.01209,98.66194,0.85470086,0.75549453
-1.8167138,-22.717798,-17.01209,98.66194,1.0989012,0.75549453
-1.8974566,-23.13464,-17.01209,98.66194,1.1477412,0.75549453
-1.8974566,-23.884953,-16.58031,98.66194,1.0500611,0.75549453
-1.8974566,-25.052105,-15.544042,98.66194,0.85470086,0.75549453
-1.8974566,-26.302626,-14.162349,98.66194,0.85470086,0.75549453
-1.8974566,-27.636515,-12.694301,98.66194,0.95238096,0.75549453
-1.735971,-28.636932,-11.571675,98.66194,1.2454213,0.75549453
-1.6552281,-29.470613,-10.7081175,98.66194,1.4407815,0.75549453
-1.5744853,-30.137558,-10.276339,98.504524,1.6361417,0.75549453
-1.4937425,-30.721134,-10.189982,98.504524,1.7826618,0.75549453
-2.1396852,-31.137974,-10.189982,97.874855,1.8315018,0.75549453
-2.9471135,-31.471447,-10.103627,96.85163,1.7826618,0.75549453
-4.077513,-31.72155,-10.017271,95.592285,1.6361417,0.75549453
-5.2886558,-31.804918,-10.017271,94.254234,1.3919414,0.75549453
-6.742027,-31.804918,-10.017271,92.680046,1.0012211,0.75549453
-8.437626,-31.804918,-10.017271,91.26328,0.31746033,0.75549453
-10.052483,-31.804918,-9.671848,89.61039,-0.8058608,0.75549453
-11.263625,-31.804918,-9.067357,88.03621,-2.3199024,0.75549453
-12.5555105,-31.72155,-8.8082905,86.61944,-3.931624,0.75549453
-13.524425,-31.137974,-8.721934,85.36009,-5.7387056,0.75549453
-14.735567,-30.47103,-8.721934,84.573006,-7.7899876,0.75549453
-15.94671,-29.470613,-8.721934,84.17946,-9.645909,0.75549453
-17.238596,-28.30346,-8.894646,84.02204,-11.501831,0.75549453
-18.368996,-26.719467,-9.499136,84.25816,-13.211233,0.75549453
-19.580137,-25.052105,-10.189982,84.573006,-14.920635,0.75549453
-20.791279,-23.301376,-10.967185,84.65171,-16.581196,0.75549453
-21.921679,-21.634014,-11.744387,84.80913,-18.095238,0.75549453
-23.132822,-19.883286,-12.521589,84.966545,-19.56044,0.75549453
-24.263222,-18.299292,-13.471502,85.28139,-20.9768,0.75549453
-25.474363,-16.63193,-14.421416,85.51751,-22.295483,0.75549453
-26.604763,-15.047936,-15.37133,85.51751,-23.516483,0.75549453
-27.815907,-13.380575,-16.753023,85.51751,-24.639805,0.75549453
-29.107792,-11.629846,-18.307426,85.12397,-25.470085,0.75549453
-30.157448,-9.71238,-20.034542,84.02204,-26.056166,0.75549453
-31.287848,-7.7115464,-21.848013,82.44785,-26.544567,0.75549453
-32.176018,-5.710713,-23.57513,80.480125,-26.984127,0.75549453
-33.14493,-3.9599833,-24.870466,78.669815,-27.374847,0.75549453
-34.033104,-2.459358,-25.302246,76.22983,-27.765568,0.75549453
-34.598305,-1.7090454,-25.215889,73.16017,-28.205128,0.75549453
-35.002018,-1.3755732,-24.352331,69.61826,-28.791208,0.75549453
-35.163506,-1.2922051,-22.452505,65.6828,-29.32845,0.75549453
-35.163506,-1.5423093,-20.034542,61.511215,-29.96337,0.75549453
-35.08276,-2.0425177,-16.925734,57.26092,-30.35409,0.75549453
-34.921276,-2.7094622,-13.385147,53.56159,-30.89133,0.75549453
-34.598305,-3.7098792,-9.326425,50.098385,-31.379732,0.75549453
-34.275333,-4.793664,-4.92228,47.02873,-31.868132,0.75549453
-33.952362,-6.127553,-0.6044905,44.273907,-32.405373,0.75549453
-33.54865,-7.378074,3.4542315,42.384888,-32.893772,0.75549453
-33.225677,-8.378491,6.908463,41.12554,-33.431015,0.75549453
-32.983448,-9.045436,9.671848,39.944904,-34.017094,0.75549453
-32.82196,-9.378908,12.003454,38.37072,-34.847374,0.75549453
-32.74122,-9.4622755,13.903281,36.402992,-35.775337,0.75549453
-32.74122,-9.545644,15.198618,34.59268,-36.752136,0.75549453
-32.82196,-9.545644,15.975821,33.097206,-37.72894,0.75549453
-32.902706,-9.545644,16.407598,31.68044,-38.705738,0.75549453
-32.902706,-9.545644,16.493956,29.87013,-39.6337,0.75549453
-32.902706,-9.545644,16.493956,28.059818,-40.6105,0.75549453
-32.902706,-9.545644,16.493956,26.1708,-41.44078,0.75549453
-32.82196,-9.545644,16.493956,24.439198,-42.22222,0.75549453
-32.82196,-9.545644,16.493956,22.707596,-42.954823,0.75549453
-32.82196,-9.545644,16.493956,20.975994,-43.638584,0.75549453
-32.82196,-9.545644,16.839378,19.323101,-44.224663,0.75549453
-32.82196,-9.545644,17.098446,17.670208,-44.810745,0.75549453
-32.82196,-9.545644,17.443869,16.174734,-45.201466,0.75549453
-32.82196,-9.545644,17.530224,14.915388,-45.592186,0.75549453
-32.82196,-9.545644,17.616581,13.892168,-45.885227,0.75549453
-32.82196,-9.545644,17.616581,12.947659,-46.080585,0.75549453
-32.82196,-9.545644,17.616581,12.317985,-46.129425,0.75549453
-32.82196,-9.545644,17.616581,12.081858,-46.178265,0.75549453
-32.82196,-9.545644,17.616581,12.081858,-46.031746,0.75549453
-32.82196,-9.545644,17.616581,12.081858,-45.836388,0.75549453
-32.82196,-9.545644,17.616581,12.081858,-45.543346,0.75549453
-32.82196,-9.545644,18.134714,11.688312,-45.396824,0.75549453
-32.82196,-9.629012,18.998272,11.294765,-45.201466,0.75549453
-32.82196,-9.629012,20.034542,10.979929,-44.957264,0.75549453
-32.82196,-9.629012,21.157167,10.822511,-44.810745,0.75549453
-32.82196,-9.629012,22.279793,10.822511,-44.566544,0.75549453
-32.82196,-9.629012,23.402418,10.822511,-44.273506,0.75549453
-32.82196,-9.629012,24.17962,10.822511,-43.980465,0.75549453
-32.82196,-9.629012,24.784111,10.822511,-43.687424,0.75549453
-32.983448,-9.629012,25.215889,10.822511,-43.394382,0.75549453
-33.38716,-9.629012,25.388601,11.058639,-43.003662,0.75549453
-33.87162,-9.629012,25.388601,11.530893,-42.61294,0.75549453
-34.517563,-9.629012,25.388601,11.688312,-42.27106,0.75549453
-35.244247,-9.629012,25.388601,11.688312,-42.026863,0.75549453
-35.970932,-9.629012,25.388601,12.003148,-41.73382,0.75549453
-36.616875,-9.629012,25.388601,12.554112,-41.44078,0.75549453
-37.020588,-9.629012,25.302246,13.183785,-41.14774,0.75549453
-37.020588,-9.629012,25.302246,13.970878,-40.854702,0.75549453
-37.020588,-9.629012,25.302246,14.8366785,-40.46398,0.75549453
-36.778362,-9.629012,25.302246,15.859898,-40.02442,0.75549453
-36.13242,-9.629012,25.302246,17.040535,-39.48718,0.75549453
-35.486477,-9.962484,25.302246,18.536009,-38.9011,0.75549453
-34.679047,-10.546061,25.302246,20.188902,-38.21734,0.75549453
-33.62939,-11.46311,25.302246,21.999212,-37.484737,0.75549453
-32.49899,-12.546894,25.302246,23.809525,-36.752136,0.75549453
-31.287848,-13.797416,25.302246,25.541126,-35.921856,0.75549453
-29.91522,-15.047936,25.734024,27.272728,-34.993896,0.75549453
-28.623335,-16.465195,26.338514,28.92562,-34.163612,0.75549453
-27.33145,-17.715715,26.85665,30.263676,-33.431015,0.75549453
-25.95882,-18.7995,27.28843,31.523022,-32.796093,0.75549453
-24.586193,-19.799917,27.720207,32.54624,-32.258854,0.75549453
-23.294308,-20.800333,28.06563,33.41204,-31.770452,0.75549453
-22.083164,-21.80075,28.411053,34.199135,-31.428572,0.75549453
-20.872023,-22.801167,28.842833,34.907516,-30.989012,0.75549453
-19.741623,-23.801584,29.447323,35.379772,-30.647131,0.75549453
-18.691967,-24.885368,30.224525,35.77332,-30.35409,0.75549453
-17.64231,-25.885786,30.91537,36.324284,-30.06105,0.75549453
-16.51191,-26.802835,31.433506,36.717827,-29.62149,0.75549453
-15.462253,-27.636515,31.778929,37.26879,-29.181929,0.75549453
-14.574081,-28.470196,31.951641,37.898464,-28.595848,0.75549453
-14.25111,-29.303877,31.951641,38.606846,-27.960928,0.75549453
-14.170367,-30.220926,31.951641,39.47265,-27.228327,0.75549453
-14.170367,-31.054605,31.951641,40.41716,-26.251526,0.75549453
-14.170367,-31.804918,31.951641,41.440376,-25.030525,0.75549453
-14.654824,-32.471863,31.951641,42.30618,-23.663004,0.75549453
-15.139281,-33.05544,31.692574,43.408108,-22.148962,0.75549453
-15.300767,-33.305546,30.91537,44.667454,-20.39072,0.75549453
-15.300767,-33.47228,29.620035,46.084217,-18.485958,0.75549453
-15.139281,-33.722385,27.979275,47.89453,-16.434677,0.75549453
-14.81631,-34.139225,26.165804,49.78355,-14.188034,0.75549453
-14.25111,-34.639435,24.093264,52.066116,-12.087913,0.75549453
-13.524425,-35.389748,22.020725,54.348682,-9.93895,0.75549453
-12.716996,-36.306793,20.034542,56.473827,-8.278388,0.75549453
-11.909568,-37.223843,18.221071,58.598976,-6.6178265,0.75549453
-10.940654,-38.057526,16.407598,60.724125,-5.006105,0.75549453
-10.052483,-38.97457,14.939551,62.534435,-3.5897436,0.75549453
-9.325797,-39.97499,13.73057,63.9512,-2.2222223,0.75549453
-8.760597,-40.975407,12.867012,65.05313,-0.85470086,0.75549453
-8.27614,-41.975822,12.435233,66.07635,0.46398047,0.75549453
-7.7916837,-42.97624,12.176166,67.178276,1.7338217,0.75549453
-7.226484,-44.060024,12.176166,68.43762,2.7594628,0.75549453
-6.176827,-45.14381,12.176166,69.77568,3.931624,0.75549453
-5.207913,-46.310963,12.780656,70.7989,4.7130647,0.75549453
-4.238999,-47.81159,14.162349,71.50728,5.250305,0.75549453
-2.9471135,-49.39558,15.889464,72.05824,5.6410255,0.75549453
-1.9781995,-51.062943,17.875648,72.136955,6.080586,0.75549453
-1.251514,-52.56357,19.861832,72.21566,6.324786,0.75549453
-0.60557127,-54.14756,21.588947,72.373085,6.4713063,0.75549453
-0.28259993,-55.731556,23.14335,72.5305,6.6178265,0.75549453
-0.040371418,-57.315548,24.438688,72.60921,6.7155066,0.75549453
0.4440856,-58.89954,25.82038,72.60921,6.4713063,0.75549453
1.0092854,-60.73364,27.28843,72.60921,6.227106,0.75549453
1.735971,-62.734474,28.929188,72.5305,5.8363857,0.75549453
2.6241422,-64.90205,30.91537,72.21566,5.4945054,0.75549453
3.5930562,-67.31972,33.074265,71.664696,5.103785,0.75549453
4.158256,-69.90413,35.319515,70.956314,4.908425,0.75549453
4.8041987,-72.48854,37.73748,70.16923,4.859585,0.75549453
5.207913,-75.072945,40.15544,69.146,4.859585,0.75549453
5.4501414,-77.74072,42.65976,67.96537,4.7619047,0.75549453
6.096084,-80.4085,45.164078,66.469894,4.4688644,0.75549453
6.661284,-83.15965,47.841106,64.89571,4.126984,0.75549453
7.226484,-85.82743,50.345425,63.242817,3.6874237,0.75549453
8.114655,-88.32847,53.022453,61.353798,3.1013432,0.75549453
8.114655,-90.74615,55.872192,59.14994,2.7106228,0.75549453
8.195397,-93.247185,58.80829,56.709957,2.4664226,0.75549453
8.195397,-95.49812,61.65803,54.42739,2.4664226,0.75549453
7.9531693,-97.082115,63.903282,52.144825,2.7106228,0.75549453
7.710941,-96.99875,65.28497,50.098385,3.003663,0.75549453
7.3072267,-97.41559,66.580315,48.366783,3.1990232,0.75549453
7.3072267,-97.9158,67.87565,47.02873,3.5409036,0.75549453
7.3879695,-98.1659,69.3437,45.769382,3.931624,0.75549453
7.3879695,-98.33264,70.811745,44.431328,4.078144,0.75549453
7.549455,-98.41601,72.10708,43.171978,3.882784,0.75549453
7.630198,-98.41601,73.229706,41.99134,3.931624,0.75549453
7.8724265,-98.41601,74.17962,40.889412,4.126984,0.75549453
7.8724265,-98.41601,75.3886,39.31523,4.4200244,0.75549453
7.9531693,-98.41601,76.42487,37.58363,4.5177045,0.75549453
7.8724265,-98.41601,77.63385,35.77332,4.5665445,0.75549453
7.8724265,-98.41601,78.92919,33.805588,4.5665445,0.75549453
7.8724265,-98.41601,80.13817,31.916569,4.5665445,0.75549453
7.8724265,-98.41601,81.34715,30.106256,4.5665445,0.75549453
7.8724265,-98.41601,82.55613,28.532074,4.5665445,0.75549453
7.8724265,-98.41601,83.85147,26.957891,4.5177045,0.75549453
7.8724265,-98.41601,85.31952,25.462416,4.4688644,0.75549453
7.8724265,-98.41601,86.96027,24.124361,4.3711843,0.75549453
7.8724265,-98.41601,88.42832,22.865013,4.2735043,0.75549453
7.8724265,-98.33264,89.81002,21.605667,4.224664,0.75549453
7.8724265,-98.24927,90.414505,20.42503,4.3711843,0.75549453
7.9531693,-98.24927,90.93264,18.929556,4.3711843,0.75549453
7.9531693,-98.33264,91.450775,17.119244,4.029304,0.75549453
7.710941,-98.33264,91.70985,15.072806,3.4432235,0.75549453
7.710941,-98.33264,92.487045,13.105077,3.2967033,0.75549453
7.710941,-98.33264,93.3506,11.373475,3.2967033,0.75549453
7.7916837,-98.33264,94.214165,9.878001,3.4920635,0.75549453
7.8724265,-98.33264,95.250435,8.382526,3.5409036,0.75549453
7.8724265,-98.33264,96.286705,7.044471,3.3943834,0.75549453
7.7916837,-98.33264,97.23662,5.785124,3.1013432,0.75549453
7.710941,-98.33264,97.92746,4.840614,2.857143,0.75549453
7.710941,-98.33264,98.53195,4.28965,2.8083029,0.75549453
8.27614,-98.33264,98.791016,3.974813,2.905983,0.75549453
8.760597,-98.33264,98.96373,3.7386856,3.1501832,0.75549453
9.325797,-98.33264,99.136444,3.581267,3.1501832,0.75549453
9.729511,-98.33264,99.2228,3.3451397,2.8083029,0.75549453
9.890997,-98.33264,99.39551,3.3451397,2.8083029,0.75549453
9.890997,-98.33264,99.39551,3.2664306,2.7106228,0.75549453
9.890997,-98.33264,99.39551,3.2664306,2.5641026,0.75549453
9.568026,-98.33264,99.39551,3.2664306,2.5152626,0.75549453
9.083569,-98.33264,99.39551,3.2664306,2.3687425,0.75549453
8.356883,-98.33264,99.39551,3.502558,1.9291819,0.75549453
7.4687123,-98.33264,99.39551,3.6599765,1.8315018,0.75549453
6.580541,-98.33264,99.39551,3.6599765,1.7826618,0.75549453
5.5308843,-98.33264,99.39551,3.6599765,1.8315018,0.75549453
4.642713,-98.33264,99.39551,3.6599765,1.7338217,0.75549453
4.158256,-98.33264,99.39551,3.6599765,1.5384616,0.75549453
3.9160275,-98.33264,99.39551,3.6599765,1.3431014,0.75549453
3.7545419,-98.33264,99.39551,3.6599765,1.0989012,0.75549453
3.7545419,-98.33264,99.39551,3.6599765,0.8058608,0.75549453
3.7545419,-98.33264,99.39551,3.6599765,0.85470086,0.75549453
3.7545419,-98.33264,99.39551,3.6599765,0.8058608,0.75549453
3.5123134,-98.33264,99.39551,3.6599765,0.8058608,0.75549453
3.2700849,-98.33264,99.39551,3.6599765,0.8058608,0.75549453
3.189342,-98.33264,99.39551,3.6599765,0.8058608,0.75549453
3.189342,-98.33264,99.39551,3.8173947,0.8058608,0.75549453
3.4315705,-98.33264,99.39551,4.053522,0.85470086,0.75549453
3.5930562,-98.33264,99.39551,4.132231,0.85470086,0.75549453
3.7545419,-98.33264,99.39551,4.132231,0.85470086,0.75549453
4.077513,-98.33264,99.39551,4.28965,0.85470086,0.75549453
4.158256,-98.33264,99.39551,4.28965,0.85470086,0.75549453
4.3197417,-98.33264,99.39551,4.28965,0.85470086,0.75549453
4.4812274,-98.33264,99.39551,4.28965,0.85470086,0.75549453
